medcodeid,term,icd10_mapping,majorosteofrac_site
40871000006119,Osteoporosis with pathological fracture of cervical vertebrae,M48.4,1
311305016,Fatigue fracture of vertebra,M48.4,
40881000006116,Osteoporosis with pathological fracture of lumbar vertebrae,M48.4,1
451463012,Pathological fracture of cervical vertebra,M48.4,
6048941000006119,Wedge fracture of vertebra,M48.4,
312156018,Postoophorectomy osteoporosis with pathological fracture,M80.0,5
312165013,Postmenopausal osteoporosis with pathological fracture,M80.0,5
312157010,Osteoporosis of disuse with pathological fracture,M80.2,5
312159013,Drug-induced osteoporosis with pathological fracture,M80.4,5
312160015,Idiopathic osteoporosis with pathological fracture,M80.5,5
556881000000111,Minimal trauma fracture due to unspecified osteoporosis,M80.5,5
129911000006119,Sponanteous fracture,M80.5,5
212441000006112,Post-surgical malabsorption osteoporosis with pathological fracture,M80.8,5
312681016,[X]Other osteoporosis with pathological fracture,M80.8,5
387551000006116,[X]Fracture of bone in neoplastic diseases CE,M80.8 ,
545121000000114,Fragility fracture,M80.9,5
312178013,Pathological fracture NOS,M80.9,5
216206018,Pathological fracture due to osteoporosis,M80.9,5
557111000000111,Minimal trauma fracture,M80.9,5
2860841000006117,Pathologic fracture,M80.9,
400338014,Pathological fracture,M80.9,5
3253881000006112,Osteoporotic fracture,M80.9,
312689019,[X]Unspecified osteoporosis with pathological fracture,M80.9,5
5722071000006111,Pathological fracture - pelvis and/or thigh,M84.4,
892481000006111,Path.fracture - multiple,M84.4,
312161016,Fracture of bone in neoplastic disease,M84.4,
892421000006112,Path.fracture - lower leg,M84.4,
312177015,Other specified pathological fracture,M84.4,5
892401000006119,Path.fracture - NOS,M84.4,
216227011,Pathological fracture due to metastatic bone disease,M84.4,
892411000006116,Path.fracture - ankle/foot,M84.4,
892441000006117,Path.fracture - hand,M84.4,
892431000006110,Path.fracture - pelvis/thigh,M84.4,
5722101000006118,Pathological fracture - ankle and/or foot,M84.4,
52931000006111,"Open fracture of vault of skull with intracranial injury, with more than 24 hours loss of consciousness and return to pre-existing conscious level",S02.0,
560371000006115,"Closed #skull vlt no intracranial injury, <1hr loss of consc",S02.0,
80749019,Fracture of vault of skull,S02.0,
276092017,Repair of fracture of cranium NEC,S02.0,
560401000006117,"Closed #skull vlt no intracranial injury, no loss of consc",S02.0,
560361000006110,Closed #skull vlt no intracranial injury + concussion unspec,S02.0,
3198471000006110,Depressed fracture,S02.0,
318117015,Closed fracture vault of skull with intracranial injury,S02.0,
263821000006111,"Open #skull vlt no intracranial injury, <1hr loss of consc",S02.0,
560331000006118,"Closed #skull vlt + intracranial injury, unspec state consc",S02.0,
268071000006113,Occipital fracture,S02.0,
1233283015,Elevation of depressed fracture of cranium,S02.0,
4395971000006118,Fracture of occipital condyle,S02.0,
263791000006119,"Open #skull vlt + intracranial injury, unspec state of consc",S02.0,
263861000006117,"Open #skull vlt no intracranial injury, no loss of consc",S02.0,
318135012,Open fracture vault of skull with intracranial injury,S02.0,
318126017,Open fracture vault of skull without intracranial injury,S02.0,
560391000006119,"Closed #skull vlt no intracranial injury, 1-24hr loss consc",S02.0,
560321000006116,"Closed fracture of vault of skull with intracranial injury, with no loss of consciousness",S02.0,
560341000006111,"Closed #skull vlt no intracranial inj, LOC unspec duration",S02.0,
560311000006112,"Closed #skull vlt + intracranial injury, LOC unspec duration",S02.0,
560381000006117,"Closed #skull vlt no intracranial injury, >24hr LOC+recovery",S02.0,
560421000006110,Closed #skull vlt with intracranial injury+concussion unspec,S02.0,
263771000006115,"Open #skull vlt + intracranial injury, LOC unspec duration",S02.0,
565191000006110,Closed fracture of vault of skull without intracranial injury,S02.0,
2526111000006115,Fracture of occipital bone,S02.0,
560281000006110,"Closed fracture of vault of skull with intracranial injury, with less than 1 hour loss of consciousness",S02.0,
5034151000006113,Transverse fracture of temporal bone,S02.0,
264431000006110,"Open fracture of vault of skull with intracranial injury, with less than 1 hour loss of consciousness",S02.0,
263871000006112,"Open #skull vlt no intracranial injury, unspec state consc",S02.0,
3648051000006118,Elevation of skull fracture fragments,S02.0,
244171000006112,Fracture of parietal bone,S02.0,
895151000006117,#Parietal bone,S02.0,
263881000006110,Open #skull vlt with intracranial injury + concussion unspec,S02.0,
318144013,Fracture of vault of skull NOS,S02.0,
263781000006117,"Open fracture of vault of skull with intracranial injury, with no loss of consciousness",S02.0,
108621000006117,Fracture of temporal bone,S02.0,
560301000006114,"Closed fracture of vault of skull with intracranial injury, with 1-24 hours loss of consciousness",S02.0,
3648061000006116,Elevation of skull fracture,S02.0,
560411000006119,"Closed #skull vlt no intracranial injury, unspec state consc",S02.0,
560291000006113,"Closed fracture of vault of skull with intracranial injury, with more than 24 hours loss of consciousness and return to pre-existing conscious level",S02.0,
559951000006113,"Closed fracture of base of skull with intracranial injury, with more than 24 hours loss of consciousness without return to pre-existing conscious level",S02.1,
264201000006115,Open #skull bse no intracranial injury + concussion unspec,S02.1,
318196011,Fracture of base of skull,S02.1,
560061000006113,"Closed #skull bse no intracranial injury, <1hr loss of consc",S02.1,
560001000006112,"Closed fracture of base of skull with intracranial injury, with 1-24 hours loss of consciousness",S02.1,
561661000006110,Closed fracture of base of skull without intracranial injury,S02.1,
559961000006110,"Closed #skull bse + intracranial inj, unspec state of consc",S02.1,
559991000006119,"Closed fracture of base of skull with intracranial injury, with more than 24 hours loss of consciousness and return to pre-existing conscious level",S02.1,
560041000006114,"Closed #skull bse no intracranial inj,>24hr LOC not restored",S02.1,
264211000006117,"Open #skull bse no intracranial injury, <1hr loss of consc",S02.1,
264241000006118,"Open #skull bse no intracranial injury, LOC unspec duration",S02.1,
40395011,Skull base fracture,S02.1,
560101000006111,"Closed #skull bse no intracranial injury, unspec state consc",S02.1,
560051000006111,Closed #skull bse no intracranial injury + concussion unspec,S02.1,
264251000006116,"Open #skull bse no intracranial injury, no loss of consc",S02.1,
560021000006119,"Closed fracture of base of skull with intracranial injury, with no loss of consciousness",S02.1,
560091000006117,"Closed #skull bse no intracranial injury, no loss of consc",S02.1,
41971000006117,Fracture of orbital roof,S02.1,
264131000006117,"Open fracture of base of skull with intracranial injury, with more than 24 hours loss of consciousness and return to pre-existing conscious level",S02.1,
134471000006115,Fracture of sphenoid bone,S02.1,
264451000006115,Open #skull bse + intracranial injury + concussion unspec,S02.1,
264141000006110,"Open fracture of base of skull with intracranial injury, with 1-24 hours loss of consciousness",S02.1,
560081000006115,"Closed #skull bse no intracranial injury, 1-24hr loss consc",S02.1,
560011000006110,"Closed #skull bse + intracranial injury, LOC unspec duration",S02.1,
702621000006114,Fracture of middle fossa,S02.1,
259611000006111,Open fracture base skull without mention intracranial injury,S02.1,
218101000006119,Posterior fossa fracture,S02.1,
560031000006116,"Closed #skull bse no intracranial inj, LOC unspec duration",S02.1,
561651000006113,Closed fracture of base of skull with intracranial injury,S02.1,
559981000006117,"Closed fracture of base of skull with intracranial injury, with less than 1 hour loss of consciousness",S02.1,
486231000006119,Fracture of anterior fossa,S02.1,
559971000006115,Closed #skull bse + intracranial injury + concussion unspec,S02.1,
264151000006112,"Open #skull bse + intracranial injury, LOC unspec duration",S02.1,
259601000006113,Open fracture of base of skull with intracranial injury,S02.1,
895171000006110,#Base of skull,S02.1,
5461651000006119,Fracture of nose,S02.2,
5035471000006110,Fractured nasal septum,S02.2,
875711000006112,Closed reduction- # nasal bone,S02.2,
5570271000006118,MUA - Manipulation under anesthetic of fractured nasal bones,S02.2,
391312019,Fracture of nasal bones,S02.2,
5461621000006111,Fractured nasal bones,S02.2,
3827621000006114,Closed fracture of nasal bones,S02.2,
276102014,Reduction of fracture of nasoethmoid complex of bones,S02.2,
3581831000006114,Open reduction of fracture of zygoma or zygomatic arch,S02.2,
1229659018,Open fracture nasal bone,S02.2,
1234611012,Closed fracture nasal bone,S02.2,
874741000006110,#Nasal bone - open reduction,S02.2,
5570261000006113,MUA - Manipulation under anaesthetic of fractured nasal bones,S02.2,
276103016,Reduction of fractured nasal bone,S02.2,
3153681000006110,Open fracture of nasal bones,S02.2,
1234612017,Closed fracture nose,S02.2,
895191000006111,#Nasal bones,S02.2,
567361000006114,Closed reduction of nasal fracture,S02.2,
1229658014,Open fracture nose,S02.2,
5461641000006116,Fractured nose,S02.2,
276106012,Reduction of closed fracture of orbit bone,S02.3,
3298311000006114,Closed blow-out fracture orbit,S02.3,
3298291000006110,Closed fracture of orbital floor (blow-out),S02.3,
5461571000006113,Blow out fracture of orbit,S02.3,
40139014,Open reduction of fracture of orbit,S02.3,
318250013,"Fracture of orbit NOS, open",S02.3,
895231000006118,#Orbital floor (blow-out),S02.3,
318238019,Fracture of orbital floor,S02.3,
2675982016,Internal fixation of fracture of orbit,S02.3,
4063281000006111,Orbital fracture,S02.3,
266618015,Packing of maxilla to correct blow-out fracture of orbit,S02.3,
874961000006112,Open reduction - orbital #,S02.3,
183641000006117,Reduction of blowout fracture of orbital floor,S02.3,
1228153010,Open orbital blow-out fracture,S02.3,
4839681000006118,Orbital floor fracture,S02.3,
266614018,Open reduction of fracture of orbit and internal fixation,S02.3,
266612019,Removal of fixation from fracture of orbit,S02.3,
4683491000006119,Reduction of blow-out fracture of orbital floor,S02.3,
2553591000006111,Open fracture of orbital floor (blow-out),S02.3,
4063271000006113,Fracture of orbit,S02.3,
318246018,Closed fracture of orbit,S02.3,
1230706011,Closed orbital blow-out fracture,S02.3,
5461461000006119,Fracture of maxillary tuberosity,S02.4,
895221000006116,#Zygoma,S02.4,
402827014,"Fracture of malar or maxillary bones, open",S02.4,
2536004017,Closed fracture maxilla,S02.4,
5461601000006118,Fracture of lateral wall of orbit,S02.4,
4839641000006112,Open fracture of maxilla,S02.4,
276177016,Other specified reduction of fracture of maxilla,S02.4,
5388641000006115,Gillies reduction of zygomatic fracture,S02.4,
749211000006115,Le Fort II fracture maxilla,S02.4,
3224601000006115,LF2 - Le Fort II fracture of maxilla,S02.4,
5966501000006111,Open reduction maxillary fracture,S02.4,
874761000006114,Closed reduction - zygomatic #,S02.4,
318239010,Fracture of malar and maxillary bones,S02.4,
5461511000006116,Fracture of zygoma,S02.4,
276165014,Open reduction of fracture of maxilla NEC,S02.4,
749221000006111,LFIII - Le Fort III fracture of maxilla,S02.4,
318249013,"Fracture of alveolus, open",S02.4,
276164013,Reduction of fracture of alveolus of maxilla,S02.4,
276163019,Reduction of fracture of maxilla,S02.4,
5728651000006111,Closed reduction - zygomatic fracture,S02.4,
5461531000006110,Fracture of zygomatic process,S02.4,
792811000006115,"Fracture of inferior maxilla, closed",S02.4,
276166010,Closed reduction of fracture of maxilla NEC,S02.4,
792961000006113,Closed fracture of malar AND/OR maxillary bones,S02.4,
276178014,Reduction of fracture of maxilla NOS,S02.4,
749201000006118,LFI - Le Fort I fracture of maxilla,S02.4,
276174011,Reduction of Le Fort 3 fracture of maxilla,S02.4,
874951000006110,Closed reduction - maxillary #,S02.4,
391281018,"Fracture of upper jaw, closed",S02.4,
276173017,Reduction of Le Fort 2 fracture of maxilla,S02.4,
3096451000006111,"Le Fort's fracture, type III",S02.4,
874751000006112,Open reduction - zygomatic #,S02.4,
5461501000006119,Fracture of zygomatic complex,S02.4,
5461541000006117,Zygomatic arch fracture,S02.4,
318229016,"Fracture of malar or maxillary bones, closed, NOS",S02.4,
276168011,Reduction of Le Fort 1 fracture of maxilla,S02.4,
3535561000006114,LF1 - Le Fort I fracture of maxilla,S02.4,
318235016,"Fracture of malar or maxillary bones, open, NOS",S02.4,
3224571000006110,"Le Fort's fracture, type II",S02.4,
895211000006112,#Maxilla,S02.4,
874941000006113,Open reduction - maxillary #,S02.4,
5388691000006112,Open repair of zygomatic fracture,S02.4,
3096501000006113,LF3 - Le Fort III fracture of maxilla,S02.4,
793761000006117,"Fracture of upper jaw, open",S02.4,
4683301000006117,Reduction of fracture of malar bone,S02.4,
318233011,Open fracture maxilla,S02.4,
2575341000006112,Closed fracture of zygoma,S02.4,
5461401000006115,Fracture of maxilla,S02.4,
3535511000006111,"Le Fort's fracture, type I",S02.4,
5461471000006114,Fracture of maxillary alveolar socket wall,S02.4 ,
318200018,"Closed fracture of mandible, condylar process",S02.6,
394569015,Reduction of fracture of mandible,S02.6,
411080018,Reduction of fracture of jaw NEC,S02.6,
907011000006117,[RFC] Jaw fracture,S02.6,
318197019,"Fracture of mandible, closed",S02.6,
318216016,"Open fracture of mandible, ramus, unspecified",S02.6,
318213012,"Open fracture of mandible, condylar process",S02.6,
276160016,Closed reduction of mandibular fracture,S02.6,
318224014,Open fracture of mandible,S02.6,
5461721000006115,Fracture of mandibular alveolar socket wall,S02.6,
874911000006114,Open reduction -mandibular #,S02.6,
875011000006114,Traction for # jaw,S02.6,
318223015,"Open fracture of mandible, multiple sites",S02.6,
276158018,Reduction of fracture of alveolus of mandible,S02.6,
1495084019,"Fracture of lower jaw, open",S02.6,
4839481000006116,Closed fracture of symphysis of body of mandible,S02.6,
318209017,"Fracture of mandible, closed, NOS",S02.6,
318222013,"Open fracture of mandible, body, other and unspecified",S02.6,
276162012,Reduction of fracture of mandible NOS,S02.6,
2478835016,"Closed fracture of mandible, alveolar border of body",S02.6,
318215017,"Open fracture of mandible, coronoid process",S02.6,
318245019,"Fracture of alveolus, closed",S02.6,
1495085018,"Fracture of mandible, open",S02.6,
563311000006118,Closed subcondylar fracture of mandible,S02.6,
318212019,Open fracture mandible (site unspecified),S02.6,
5461771000006119,Bilateral fracture of condylar head and midline fracture of mandible,S02.6,
391425014,Fracture of lower jaw,S02.6,
874921000006118,Closed reduction-mandibular #,S02.6,
318199016,Closed fracture mandible (site unspecified),S02.6,
276240016,Traction for fracture of jaw,S02.6,
4839401000006113,Closed fracture of mandible,S02.6,
7815621000006116,Fracture of angle of mandible,S02.6,
276159014,Open reduction of mandibular fracture,S02.6,
318217013,"Open fracture of mandible, angle of jaw",S02.6,
391313012,Fracture of mandible,S02.6,
318198012,"Fracture of lower jaw, closed",S02.6,
318214018,"Open fracture of mandible, subcondylar",S02.6,
318202014,"Closed fracture of mandible, coronoid process",S02.6,
1494827019,"Open fracture of mandible, symphysis of body",S02.6,
1494730015,"Open fracture of mandible, alveolar border of body",S02.6,
318208013,"Closed fracture of mandible, multiple sites",S02.6,
318204010,"Closed fracture of mandible, angle of jaw",S02.6,
895201000006114,#Mandible,S02.6,
318205011,"Closed fracture of mandible, symphysis of body",S02.6,
874931000006115,Open reduction - alveolar #,S02.6,
932521000006112,Open reduction - alveolar #,S02.6,
5836961000006115,Fracture of mandibular alveolus,S02.6,
318207015,"Closed fracture of mandible, body, other and unspecified",S02.6,
318203016,"Closed fracture of mandible, ramus, unspecified",S02.6,
276161017,Other specified reduction of fracture of mandible,S02.6,
8251481000006110,Open reduction and internal fixation of fractured mandible,S02.6 ,
696141000006119,"Mult #skull/face+other bones, closed + intracranial injury",S02.7,
263901000006112,"Open #skull/face, mult + intracran inj, >24hr LOC + recovery",S02.7,
696131000006112,"Mult #skull/face + other bones, open, no intracranial injury",S02.7,
560481000006114,"Closed #skull/face, mult, no intracranial inj, <1hr LOC",S02.7,
560551000006117,"Closed #skull/face,mult + intracran inj, LOC unspec duration",S02.7,
560441000006115,"Closed #skull/face, mult + intracranial inj, 1-24hrs LOC",S02.7,
263941000006114,"Open #skull/face, mult + intracranial inj, unspec consc",S02.7,
560541000006119,"Closed #skull/face,mult + intracran inj, concussion unspec",S02.7,
696151000006117,"Mult #skull/face+other bones, closed, no intracranial injury",S02.7,
696121000006114,"Mult #skull/face + other bones, open + intracranial injury",S02.7,
560511000006118,"Closed #skull/face, mult, no intracranial inj, unspec consc",S02.7,
560501000006116,"Closed #skull/face, mult, no intracranial inj, no loss consc",S02.7,
318341014,Multiple fractures involving skull and facial bones,S02.7,
895261000006110,#Skull - multiple,S02.7,
391282013,Multiple face fractures,S02.7,
402830019,Multiple fractures involving skull or face with other bones,S02.7,
694981000006118,Multiple fractures of skull,S02.7,
256651000006118,Open fracture of zygoma,S02.8,
5461611000006115,Fracture of supraorbital rim,S02.8,
325294016,[X]Fractures of other skull and facial bones,S02.8,
1221230012,"Fracture of palate, closed",S02.8,
1230529018,Closed fracture zygoma,S02.8,
5461591000006114,Fracture of medial wall of orbit,S02.8,
794881000006119,Fracture of frontal bone,S02.8,
9382711000006119,Open fracture of medial orbital wall,S02.8,
318251012,"Fracture of palate, open",S02.8,
5907221000006115,Closed reduction of fracture of periorbital bone,S02.8,
183781000006117,Reduction of fracture of zygomatic bone,S02.8,
895161000006115,#Frontal bone,S02.8,
794941000006115,Fracture of frontal sinus,S02.8,
649231000006118,Fracture of ethmoid sinus,S02.8,
318252017,"Fracture of other facial bones,open, NOS",S02.8,
3916681000006111,Closed reduction of fracture of facial bones,S02.9,
119023019,Fracture of skull,S02.9,
263911000006110,"Open #skull/face, mult + intracran inj, LOC unspec duration",S02.9,
264271000006114,"Open #skull NOS + intracranial inj, <1hr loss of consc",S02.9,
318244015,Closed fracture of facial bone,S02.9,
560231000006114,"Closed #skull NOS no intracranial inj, LOC unspec duration",S02.9,
560201000006118,"Closed #skull NOS no intracranial inj, <1hr loss of consc",S02.9,
560161000006112,"Closed #skull NOS + intracranial inj, LOC unspec duration",S02.9,
560251000006119,"Closed #skull NOS no intracranial inj, unspec state of consc",S02.9,
264001000006114,"Open #skull/face,mult + intracran inj, >24hr LOC no restored",S02.9,
560121000006118,"Closed #skull NOS + intracranial inj, <1hr loss of consc",S02.9,
3802351000006119,Open reduction of fracture of facial bone,S02.9,
276108013,Reduction of fracture of facial bone NOS,S02.9,
895141000006119,#Skull,S02.9,
264311000006114,"Open #skull NOS + intracranial inj, no loss of consc",S02.9,
276107015,Other specified reduction of fracture of facial bone,S02.9,
263811000006115,Open #skull vlt no intracranial injury + concussion unspec,S02.9,
3665291000006118,Fractured skull,S02.9,
560491000006112,"Closed #skull/face, mult, no intracranial inj, 1-24hrs LOC",S02.9,
264391000006116,"Open #skull NOS no intracranial inj, no loss of consc",S02.9,
52921000006113,"Open #skull NOS + intracranial inj, >24hrs LOC + recovery",S02.9,
560171000006117,"Closed #skull NOS + intracranial inj, no loss of consc",S02.9,
264321000006118,"Open #skull NOS + intracranial inj, unspec state of consc",S02.9,
45939011,Fracture of facial bone,S02.9,
318248017,Open fracture of facial bones,S02.9,
560181000006119,"Closed #skull NOS + intracranial inj, unspec state of consc",S02.9,
264411000006116,Open #skull NOS without mention of intracranial injury,S02.9,
178856011,Open fracture of facial bones,S02.9,
613741000006112,Depressed skull fracture NOS,S02.9,
560581000006113,"Closed #skull/face,mult,no intracran inj,LOC unspec duration",S02.9,
895251000006113,#Skull NOS,S02.9,
264401000006119,"Open #skull NOS no intracranial inj, unspec state of consc",S02.9,
895181000006113,#Facial bones,S02.9,
402829012,Skull fracture NOS,S02.9,
990921000006113,#Skull NOS,S02.9,
560241000006116,"Closed #skull NOS no intracranial inj, no loss of consc",S02.9,
1209864014,Closed fracture of skull,S02.9,
560461000006116,"Closed #skull/face, mult + intracranial inj, unspec consc",S02.9,
318285013,Open fracture of skull NOS with intracranial injury,S02.9,
560141000006113,"Closed #skull NOS + intracranial inj, >24hrs LOC + recovery",S02.9,
874711000006111,Facial # - open reduction NOS,S02.9,
560131000006115,"Closed #skull NOS + intracranial inj, >24hr LOC not restored",S02.9,
563791000006110,Closed fracture of skull NOS without intracranial injury,S02.9,
2940401000006116,Fracture of face bones,S02.9,
263981000006115,"Open #skull/face, mult, no intracranial inj, no loss consc",S02.9,
2770946011,Closed fracture of facial bone,S02.9,
263991000006117,"Open #skull/face, mult, no intracranial inj, unspec consc",S02.9,
318236015,Fracture of skull and facial bones,S02.9,
318247010,"Fracture of other facial bones, closed, NOS",S02.9,
560191000006116,Closed #skull NOS no intracranial inj + concussion unspec,S02.9,
895241000006111,#Facial bones NOS,S02.9,
318266010,Closed skull fracture with intracranial injury,S02.9,
318343012,Fracture of skull NOS,S02.9,
990931000006111,#Facial bones NOS,S02.9,
263971000006118,"Open #skull/face, mult, no intracranial inj, 1-24hrs LOC",S02.9,
325295015,"[X]Fracture of skull and facial bones, part unspecified",S02.9,
560221000006111,"Closed #skull NOS no intracranial inj, 1-24hr loss of consc",S02.9,
264011000006112,"Open #skull/face,mult,no intracran inj, concussion unspec",S02.9,
402828016,Fracture of facial bone NOS,S02.9,
33686012,Reduction of fracture of facial bone,S02.9,
2940411000006118,Fracture of facial bones,S02.9,
874771000006119,Facial # - reduction NOS,S02.9,
874731000006117,Reduction of facial #,S02.9,
560111000006114,Closed #skull NOS + intracranial inj + concussion unspec,S02.9,
991591000006110,Facial # - reduction NOS,S02.9,
560471000006111,"Closed #skull/face, mult+intracran inj, >24hr LOC+recovery",S02.9,
318256019,Other and unqualified skull fractures,S02.9,
263961000006113,"Open #skull/face, mult, no intracranial inj, <1hr LOC",S02.9,
318375010,"Closed fracture atlas, isolated arch or articular process",S12.0,
318419013,"Open fracture atlas, comminuted",S12.0,
391329016,Closed fracture of atlas without spinal cord injury,S12.0,
318376011,"Closed fracture atlas, comminuted",S12.0,
402842012,Open fracture atlas,S12.0,
531581000006112,Open fracture of first cervical vertebra without mention of spinal cord lesion,S12.0,
531571000006114,Closed fracture of first cervical vertebra without spinal cord injury,S12.0,
402834011,Closed fracture atlas,S12.0,
5509811000006110,Closed fracture of first cervical vertebra,S12.0,
318418017,"Open fracture atlas, isolated arch or articular process",S12.0,
318482013,Fracture of first cervical vertebra,S12.0,
5657711000006113,Fracture of odontoid process,S12.1,
318380018,"Closed fracture axis, transverse process",S12.1,
318377019,"Closed fracture axis, odontoid process",S12.1,
276484019,Halo skull traction for fracture of spine,S12.1,
318420019,"Open fracture axis, odontoid process",S12.1,
318378012,"Closed fracture axis, spondylolysis",S12.1,
531611000006116,Open fracture of second cervical vertebra without mention of spinal cord lesion,S12.1,
5657721000006117,Fracture of odontoid peg,S12.1,
402835012,Closed fracture axis,S12.1,
318382014,"Closed fracture axis, tricolumnar",S12.1,
318423017,"Open fracture axis, transverse process",S12.1,
318422010,"Open fracture axis, spinous process",S12.1,
5460491000006115,Hangman's fracture,S12.1,
7815921000006114,Type II fracture of odontoid peg,S12.1,
318483015,Fracture of second cervical vertebra,S12.1,
318379016,"Closed fracture axis, spinous process",S12.1,
391330014,Closed fracture of axis without spinal cord lesion,S12.1,
402843019,Open fracture axis,S12.1,
531601000006119,Closed fracture of second cervical vertebra without spinal cord injury,S12.1,
7815961000006115,Type III fracture of odontoid peg,S12.1,
318381019,"Closed fracture axis, posterior arch",S12.1,
531701000006114,Closed fracture of seventh cervical vertebra without spinal cord injury,S12.2,
531641000006117,Closed fracture of fourth cervical vertebra without spinal cord injury,S12.2,
402846010,Open fracture of fifth cervical vertebra,S12.2,
531661000006118,Closed fracture of fifth cervical vertebra without spinal cord injury,S12.2,
531671000006113,C5 vertebra open fracture without spinal cord lesion,S12.2,
531711000006112,C7 vertebra open fracture without spinal cord lesion,S12.2,
402845014,Open fracture of fourth cervical vertebra,S12.2,
318385011,"Closed fracture cervical vertebra, spondylolysis",S12.2,
325323015,Fracture of cervical spine,S12.2,
402838014,Closed fracture of fifth cervical vertebra,S12.2,
531621000006112,Closed fracture of third cervical vertebra without spinal cord injury,S12.2,
402848011,Open fracture of seventh cervical vertebra,S12.2,
402844013,Open fracture of third cervical vertebra,S12.2,
402839018,Closed fracture of sixth cervical vertebra,S12.2,
402836013,Closed fracture of third cervical vertebra,S12.2,
402837016,Closed fracture of fourth cervical vertebra,S12.2,
402840016,Closed fracture of seventh cervical vertebra,S12.2,
5657771000006116,Burst fracture of cervical vertebra,S12.2,
531631000006110,C3 vertebra open fracture without spinal cord lesion,S12.2,
531691000006114,C6 vertebra open fracture without spinal cord lesion,S12.2,
402847018,Open fracture of sixth cervical vertebra,S12.2,
318384010,"Closed fracture cervical vertebra, wedge",S12.2,
531681000006111,Closed fracture of sixth cervical vertebra without spinal cord injury,S12.2,
43221000006113,"Opn spinal fracture with unspec thoracic cord lesion, T1-6",S12.7,
570811000006110,Closed fracture of C1-C4 level with spinal cord injury,S12.7,
570631000006115,"Cls spinal # with incomplete cervical cord lesion, C1-4 NOS",S12.7,
570741000006119,"Closed spinal fracture with complete cervical cord lesion, C1-4",S12.7,
44451000006118,"Open spinal fracture with complete cervical cord lesion, C1-4",S12.7,
570711000006118,"Closed spinal fracture with central cervical cord lesion, C5-7",S12.7,
570751000006117,"Closed spinal fracture with complete cervical cord lesion, C5-7",S12.7,
570701000006116,"Closed spinal fracture with central cervical cord lesion , C1-4",S12.7,
44421000006110,"Open spinal fracture with anterior cervical cord lesion, C5-7",S12.7,
570821000006119,Closed fracture of C5-C7 level with spinal cord injury,S12.7,
318433013,Multiple open fractures of cervical vertebrae,S12.7,
318484014,Multiple fractures of cervical spine,S12.7,
570641000006113,"Cls spinal # with incomplete cervical cord lesion, C5-7 NOS",S12.7,
570681000006119,"Closed spinal fracture with anterior cervical cord lesion, C5-7",S12.7,
318524013,"Open spinal fracture with central cervical cord lesion, C5-7",S12.7,
570781000006113,"Closed spinal fracture with posterior cervical cord lesion, C5-7",S12.7,
570671000006117,"Closed spinal fracture with anterior cervical cord lesion, C1-4",S12.7,
318390014,Multiple closed fractures of cervical vertebrae,S12.7,
570771000006110,"Closed spinal fracture with posterior cervical cord lesion, C1-4",S12.7,
318518019,"Open spinal fracture with central cervical cord lesion, C1-4",S12.7,
4840621000006111,"Closed spinal fracture with central cervical cord lesion, C1-4",S12.7,
325324014,[X]Fracture of other parts of neck,S12.9,
602751000006117,Crutchfield skull traction for fracture of spine,S12.9,
318426013,"Open fracture cervical vertebra, burst",S12.9,
318386012,"Closed fracture cervical vertebra, spinous process",S12.9,
402833017,Closed fracture of cervical spine,S12.9,
5657761000006111,Crush fracture of cervical vertebra,S12.9,
562751000006110,Closed fracture of cervical spine with cord lesion NOS,S12.9,
4378851000006119,Fracture of cervical vertebra,S12.9,
895271000006115,#Cervical spine-no cord lesion,S12.9,
5560671000006113,Fracture of cervical spine with cord lesion,S12.9,
402841017,Open fracture of cervical spine,S12.9,
5657791000006115,Fracture of transverse process of cervical vertebra,S12.9,
318434019,Open fracture of cervical spine not otherwise specified,S12.9,
5657801000006119,Fracture of lamina of cervical vertebra,S12.9,
318430011,"Open fracture cervical vertebra, transverse process",S12.9,
276488016,Primary collar stabilisation of cervical spine fracture,S12.9,
318429018,"Open fracture cervical vertebra, spinous process",S12.9,
761201000006112,Fixation of fracture of spine and skull traction HFQ,S12.9,
318599011,Closed fracture of spine with spinal cord lesion unspecified,S12.9,
318427016,"Open fracture cervical vertebra, wedge",S12.9,
5657731000006119,Teardrop fracture of cervical vertebra,S12.9,
318388013,"Closed fracture cervical vertebra, posterior arch",S12.9,
205451000006117,Primary open reduction spinal fracture and skull traction stabilisation,S12.9,
276491016,Primary skull traction stabilisation of spinal fracture,S12.9,
318396015,Open fracture of unspecified cervical vertebra,S12.9,
210131000006113,Primary closed reduction cervical spine fracture and collar stabilisation,S12.9,
318527018,Open fracture of cervical spine with spinal cord lesion NOS,S12.9,
318391013,Closed fracture of cervical spine not otherwise specified,S12.9,
205491000006111,Primary open reduction of cervical spine fracture and collar stabilisation,S12.9,
318387015,"Closed fracture cervical vertebra, transverse process",S12.9,
318353013,Closed fracture of unspecified cervical vertebra,S12.9,
318541000006115,[Q] Open fracture grade 3,S12.9,
318500017,Closed fracture of cervical spine with cord lesion,S12.9,
318514017,Open fracture of cervical spine with spinal cord lesion,S12.9,
1220722015,Fracture of neck,S12.9,
318389017,"Closed fracture cervical vertebra, tricolumnar",S12.9,
895321000006111,#Cervical spine + cord lesion,S12.9,
318383016,"Closed fracture cervical vertebra, burst",S12.9,
5657811000006116,Fracture of spinous process of cervical vertebra,S12.9,
318441013,"Closed fracture thoracic vertebra, posterior arch",S22.0,
895341000006116,#Lumbar spine + cord lesion,S22.0,
318437014,"Closed fracture thoracic vertebra, wedge",S22.0,1
318439012,"Closed fracture thoracic vertebra, spinous process",S22.0,
318442018,"Closed fracture thoracic vertebra, tricolumnar",S22.0,
318445016,Closed fracture thoracic vertebra not otherwise specified,S22.0,1
5657881000006111,Burst fracture of thoracic vertebra,S22.0,
318435018,Closed fracture thoracic vertebra,S22.0,1
40891000006118,Osteoporosis with pathological fracture of thoracic vertebrae,S22.0,1
318448019,"Open fracture thoracic vertebra, wedge",S22.0,
318443011,Other specified closed fracture thoracic vertebra,S22.0,1
405143010,Pathological fracture of thoracic vertebra,S22.0,1
318449010,"Open fracture thoracic vertebra, spondylolysis",S22.0,
318447012,"Open fracture thoracic vertebra, burst",S22.0,
4378871000006112,Fracture of thoracic spine,S22.0,
318528011,Closed fracture of thoracic spine with spinal cord lesion,S22.0,
318451014,"Open fracture thoracic vertebra, transverse process",S22.0,
318438016,"Closed fracture thoracic vertebra, spondylolysis",S22.0,
7817231000006111,Fracture of tenth thoracic vertebra,S22.0,
7504191000006113,Compression fracture of thoracic spine,S22.0,
318446015,Open fracture thoracic vertebra,S22.0,
5560651000006115,Fracture of thoracic spine without spinal cord lesion,S22.0,
318450010,"Open fracture thoracic vertebra, spinous process",S22.0,
1220723013,Fracture of thoracic vertebra,S22.0,1
318542015,Open fracture of thoracic spine with spinal cord lesion,S22.0,
563961000006116,Closed fracture of thoracic spine with cord lesion NOS,S22.0,
5657901000006113,Fracture of transverse process of thoracic vertebra,S22.0,
857671000006115,Wedge compression # of dorsal spine,S22.0,
895281000006117,#Thoracic spine-no cord lesion,S22.0,
5657871000006113,Crush fracture of thoracic vertebra,S22.0,
318436017,"Closed fracture thoracic vertebra, burst",S22.0,
895331000006114,#Thoracic spine + cord lesion,S22.0,
5657851000006115,Wedge fracture of thoracic vertebra,S22.0,
318440014,"Closed fracture thoracic vertebra, transverse process",S22.0,
43231000006111,"Opn spinal fracture with unspec thoracic cord lesion, T7-12",S22.1,
4841671000006118,Multiple fracture of thoracic vertebrae,S22.1,
570731000006112,"Closed spinal fracture with central thoracic cord lesion, T7-12",S22.1,
570761000006115,"Closed spinal fracture with complete thoracic cord lesion,T7-12",S22.1,
570691000006116,"Closed spinal fracture with anterior thoracic cord lesion,T7-12",S22.1,
570831000006116,"Cls spinal fracture with unspec thoracic cord lesion, T7-12",S22.1,
43141000006110,"Open spinal fracture with complete thoracic cord lesion, T1-6",S22.1,
44441000006115,"Open spinal fracture with anterior thoracic cord lesion, T7-12",S22.1,
455444016,Closed multiple fractures of thoracic spine,S22.1,
318546017,"Open spinal fracture with central thoracic cord lesion, T1-6",S22.1,
570791000006111,"Closed spinal fracture with posterior thoracic cord lesion, T1-6",S22.1,
455445015,Open multiple fracture of thoracic spine,S22.1,
570661000006112,"Cls spinal # with incomplete thoracid cord lesion, T7-12 NOS",S22.1,
570841000006114,"Cls spinal fracture with unspec thoracic cord lesion,T1-6",S22.1,
570851000006111,"Closed spinal fracture with anterior thoracic cord lesion, T1-6",S22.1,
570721000006114,"Closed spinal fracture with central thoracic cord lesion, T1-6",S22.1,
570651000006110,"Cls spinal # with incomplete thoracic cord lesion, T1-6 NOS",S22.1,
318725011,Multiple fractures of thoracic spine,S22.1,
570861000006113,"Closed spinal fracture with complete thoracic cord lesion, T1-6",S22.1,
570801000006112,"Closed spinal fracture with posterior thoracic cord lesion, T7-12",S22.1,
895381000006110,#Sternum,S22.2,
3575111000006117,Closed fracture of sternum,S22.2,
4850251000006115,Closed fracture subluxation of sternum,S22.2,
4850171000006118,Closed fracture dislocation of sternum,S22.2,
1235211014,Open fracture sternum,S22.2,
565341000006115,Closed fracture-dislocation of sternum,S22.2,
1232763011,Closed fracture sternum,S22.2,
565661000006112,Closed fracture-subluxation of sternum,S22.2,
255961000006117,Open fracture-dislocation of sternum,S22.2,
130281012,Fracture of sternum,S22.2,
391426010,Multiple fractures of sternum,S22.2,
391373017,Sternal fracture,S22.2,
318614014,Open fracture of rib,S22.3,
318613015,Closed fracture of rib(s) NOS,S22.3,
56330019,Fracture of rib,S22.3,
318642011,Cough fracture,S22.3,5
1230277019,Open fracture rib,S22.3,
318603011,Closed fracture of rib,S22.3,
74959012,Open fracture of one rib,S22.3,
895371000006112,#Rib,S22.3,
1232117011,Closed fracture rib,S22.3,
75611015,Closed fracture of one rib,S22.3,
391372010,Rib fracture,S22.3,
18370015,Open fracture of eight OR more ribs,S22.4,
29800015,Closed fracture of five ribs,S22.4,
2737001000006119,Fracture of six ribs,S22.4,
150580019,Closed fracture of eight OR more ribs,S22.4,
128724013,Open fracture of six ribs,S22.4,
3010491000006115,Fracture of two ribs,S22.4,
33856019,Closed fracture of seven ribs,S22.4,
3435441000006115,Fracture of three ribs,S22.4,
131972016,Closed fracture of three ribs,S22.4,
65958012,Closed fracture of four ribs,S22.4,
114663015,Open fracture of seven ribs,S22.4,
1220597016,Closed fracture multiple ribs,S22.4,
6555013,Closed fracture of two ribs,S22.4,
96634011,Open fracture of four ribs,S22.4,
79031011,Open fracture of two ribs,S22.4,
318641016,Cough fracture of ribs,S22.4,5
1225771011,Open fracture multiple ribs,S22.4,
1220743019,Multiple fractures of ribs,S22.4,
2694271000006110,Closed fracture of multiple ribs,S22.4,
695161000006110,Fracture of multiple ribs,S22.4,
36906016,Open fracture of three ribs,S22.4,
73439011,Open fracture of five ribs,S22.4,
318624018,Open fracture of rib(s) NOS,S22.4,
148612017,Closed fracture of six ribs,S22.4,
895391000006113,#Flail chest,S22.5,
455022017,Fracture of other parts of bony thorax,S22.8,
455023010,Closed fracture of other parts of bony thorax,S22.8,
325342016,Fracture of bones of trunk,S22.9,
792591000006110,"Fracture of bony thorax, part unspecified",S22.9,
318723016,Fracture of ill-defined bone of trunk NOS,S22.9,
318721019,Closed fracture of bones of trunk,S22.9,
455020013,Closed fracture of bony thorax part unspecified,S22.9,
318720018,Fracture of ill-defined bones of trunk,S22.9,
325341011,[X]Fracture of other parts of bony thorax,S22.9,
7818561000006116,Fracture of L3 vertebra,S32.0,
5658031000006115,Fracture of spinous process of lumbar vertebra,S32.0,
5657981000006116,Crush fracture of lumbar vertebra,S32.0,
318561016,Closed spinal fracture with posterior lumbar cord lesion,S32.0,
318558017,Closed spinal fracture with complete lumbar cord lesion,S32.0,
318559013,Closed spinal fracture with anterior lumbar cord lesion,S32.0,
405144016,Pathological fracture of lumbar vertebra,S32.0,1
318467015,"Open fracture lumbar vertebra, transverse process",S32.0,
318457013,"Closed fracture lumbar vertebra, spondylolysis",S32.0,
318459011,"Closed fracture lumbar vertebra, transverse process",S32.0,
318560015,Closed spinal fracture with central lumbar cord lesion,S32.0,
318557010,Closed spinal fracture with unspecified lumbar cord lesion,S32.0,
318466012,"Open fracture lumbar vertebra, spinous process",S32.0,
318458015,"Closed fracture lumbar vertebra, spinous process",S32.0,
5657961000006114,Wedge fracture of lumbar vertebra,S32.0,
5657681000006112,Fracture dislocation of thoracolumbar junction,S32.0,
318464010,"Open fracture lumbar vertebra, wedge",S32.0,
318460018,"Closed fracture lumbar vertebra, posterior arch",S32.0,
5657971000006119,Collapse wedge fracture of lumbar vertebra,S32.0,
318465011,"Open fracture lumbar vertebra, spondylolysis",S32.0,
7818581000006114,Fracture of L4 vertebra,S32.0,
7818521000006110,Fracture of first lumbar vertebra,S32.0,
5657991000006118,Burst fracture of lumbar vertebra,S32.0,
7818541000006115,Fracture of L2 vertebra,S32.0,
7062291000006110,Compression fracture of lumbar spine,S32.0,
7818551000006118,Fracture of third lumbar vertebra,S32.0,
318454018,Closed fracture lumbar vertebra,S32.0,1
318556018,Closed fracture of lumbar spine with spinal cord lesion,S32.0,
5658011000006114,Fracture of transverse process of lumbar vertebra,S32.0,
318461019,"Closed fracture lumbar vertebra, tricolumnar",S32.0,
1220724019,Fracture of lumbar vertebra,S32.0,1
318463016,"Open fracture lumbar vertebra, burst",S32.0,
4378891000006113,Fracture of lumbar spine,S32.0,
9383571000006113,Closed fracture of second lumbar vertebra,S32.0,
318462014,Open fracture lumbar vertebra,S32.0,
318456016,"Closed fracture lumbar vertebra, wedge",S32.0,1
318455017,"Closed fracture lumbar vertebra, burst",S32.0,
895291000006119,#Lumbar spine - no cord lesion,S32.0,
5560661000006118,Fracture of lumbar spine - no cord lesion,S32.0,
7818601000006116,Fracture of L5 vertebra,S32.0,
318580019,Closed fracture of sacrum with spinal cord lesion NOS,S32.1,
318476010,Open fracture sacrum,S32.1,
194542018,Fracture of sacrum,S32.1,
3525245015,Bilateral sacral insufficiency fracture,S32.1,
318474013,Closed compression fracture sacrum,S32.1,
318582010,Open fracture of sacrum with unspecified spinal cord lesion,S32.1,
318574010,Closed fracture of sacrum with other cauda equina injury,S32.1,
318473019,Closed fracture sacrum,S32.1,
318586013,Open fracture of sacrum with spinal cord lesion NOS,S32.1,
5657701000006110,Fracture dislocation of lumbosacral junction,S32.1,
318477018,Open compression fracture sacrum,S32.1,
318475014,Closed vertical fracture of sacrum,S32.1,
318575011,Closed fracture of sacrum with other spinal cord injury,S32.1,
895301000006118,#Sacrum/coccyx-no cord lesion,S32.1,
563691000006115,Closed fracture of sacrum with unspec spinal cord lesion,S32.1,
318583017,Open fracture of sacrum with complete cauda equina lesion,S32.1,
318571019,Closed fracture of sacrum with spinal cord lesion,S32.1,
318581015,Open fracture of sacrum with spinal cord lesion,S32.1,
318478011,Open vertical fracture of sacrum,S32.1,
4841521000006118,Closed fracture dislocation of sacroiliac joint,S32.1,
259761000006117,Open fracture dislocation of sacro-iliac joint,S32.1,
318591014,Closed fracture of coccyx with other spinal cord injury,S32.2,
562841000006118,Closed fracture of coccyx with unspec spinal cord lesion,S32.2,
318480017,"Open fracture pelvis, coccyx",S32.2,
895351000006119,#Sacrum/coccyx + cord lesion,S32.2,
318590010,Closed fracture of coccyx with other cauda equina injury,S32.2,
318593012,Open fracture of coccyx with spinal cord lesion,S32.2,
318587016,Closed fracture of coccyx with spinal cord lesion,S32.2,
318589018,Closed fracture of coccyx with complete cauda equina lesion,S32.2,
256081000006117,"Open fracture-dislocation, distal radio-ulnar joint",S32.2,
194543011,Fracture of coccyx,S32.2,
318595017,Open fracture of coccyx with complete cauda equina lesion,S32.2,
318594018,Open fracture of coccyx with unspecified spinal cord lesion,S32.2,
318592019,Closed fracture of coccyx with spinal cord lesion NOS,S32.2,
318479015,Closed fracture of coccyx,S32.2,
318695014,Closed vertical fracture of ilium,S32.3,
318699015,"Open fracture of ilium, unspecified",S32.3,
318705012,"Open fracture pelvis, iliac wing",S32.3,
318703017,"Open fracture pelvis, anterior superior iliac spine",S32.3,
318692012,"Closed fracture pelvis, anterior superior iliac spine",S32.3,
318688017,"Closed fracture of ilium, unspecified",S32.3,
5462181000006112,Fracture of iliac crest,S32.3,
318694013,"Closed fracture pelvis, iliac wing",S32.3,
5532041000006117,Fracture of iliac wing,S32.3,
13705013,Fracture of ilium,S32.3,
318707016,Open vertical fracture of ilium,S32.3,
318704011,"Open fracture pelvis, anterior inferior iliac spine",S32.3,
318693019,"Closed fracture pelvis, anterior inferior iliac spine",S32.3,
318661010,"Closed fracture acetabulum, double column unspecified",S32.4,
1234136017,Open fracture acetabulum,S32.4,
3032981000006117,Closed fracture of acetabulum,S32.4,
318669012,"Open fracture acetabulum, double column transverse",S32.4,
318666017,"Open fracture acetabulum, anterior column",S32.4,
895421000006117,#Acetabulum of pelvis,S32.4,
318656013,"Closed fracture acetabulum, posterior lip alone",S32.4,
3762541000006110,Open fracture of acetabulum,S32.4,
318667014,"Open fracture acetabulum, posterior column",S32.4,
318655012,"Closed fracture acetabulum, anterior lip alone",S32.4,
318662015,Other specified closed fracture acetabulum,S32.4,
318672017,Open fracture acetabulum NOS,S32.4,
7598611000006115,Closed fracture of anterior wall of acetabulum,S32.4,
318668016,"Open fracture acetabulum, floor",S32.4,
318670013,"Open fracture acetabulum, double column unspecified",S32.4,
318664019,"Open fracture acetabulum, anterior lip alone",S32.4,
5658411000006118,Acetabular fracture types,S32.4,
318665018,"Open fracture acetabulum, posterior lip alone",S32.4,
107139013,Fracture of acetabulum,S32.4,
318660011,"Closed fracture acetabulum, double column transverse",S32.4,
318659018,"Closed fracture acetabulum, floor",S32.4,
318658014,"Closed fracture acetabulum, posterior column",S32.4,
5658661000006118,Posterior column fracture,S32.4,
5658651000006115,Posterior wall fracture,S32.4,
318657016,"Closed fracture acetabulum, anterior column",S32.4,
318663013,Closed fracture acetabulum NOS,S32.4,
1228040014,Closed fracture acetabulum,S32.4,
318671012,Other specified open fracture acetabulum,S32.4,
318675015,"Closed fracture pelvis, multiple pubic rami - stable",S32.5,
5462191000006110,Fracture of single pubic ramus,S32.5,
895431000006119,#Pubis of pelvis,S32.5,
2717261000006119,Fracture of pubic rami,S32.5,
5888191000006115,Fracture of inferior pubic ramus,S32.5,
5460761000006116,Fracture subluxation of symphysis pubis,S32.5,
318686018,Open fracture of pubis NOS,S32.5,
5888181000006118,Fracture of superior pubic ramus,S32.5,
318673010,Closed fracture pubis,S32.5,
118266012,Open fracture of pubis,S32.5,
318679014,Other specified closed fracture pubis,S32.5,
318674016,"Closed fracture pelvis, single pubic ramus",S32.5,
318680012,Closed fracture pubis NOS,S32.5,
318684015,"Open fracture pelvis, multiple pubic rami - unstable",S32.5,
5462201000006113,Fracture of multiple pubic rami,S32.5,
318682016,"Open fracture pelvis, single pubic ramus",S32.5,
318678018,"Closed fracture pelvis, multiple pubic rami - unstable",S32.5,
60285012,Fracture of pubis,S32.5,
318685019,Other specified open fracture of pubis,S32.5,
3082271000006117,Fracture of pubic bone,S32.5,
318690016,Multiple closed fractures of pelvis with disruption of pelvic circle,S32.7,
318687010,Other or multiple closed fracture of pelvis,S32.7,
318698011,Other or multiple open fracture of pelvis,S32.7,
318683014,"Open fracture pelvis, multiple pubic rami - stable",S32.7,
7081901000006115,Multiple unstable closed lateral compression fractures of pelvis,S32.7,
318492017,Multiple fractures of lumbar spine and pelvis,S32.7,
5462231000006117,Multiple pelvic fractures,S32.7,
318701015,Multiple open fractures of pelvis with disruption of pelvic circle,S32.7,
4840571000006113,Multiple fractures of lumbar spine and/or pelvis,S32.7,
318697018,Other or multiple closed fracture of pelvis NOS,S32.7,
5462221000006115,Fracture of ischial tuberosity,S32.8,
318702010,"Open fracture pelvis, ischial tuberosity",S32.8,
1495445016,"Open fracture pelvis, ischium",S32.8,
895411000006113,#Pelvis,S32.8,
253131000006110,Other/multiple open fracture of pelvis NOS,S32.8,
318719012,Open fracture of pelvis NOS,S32.8,
990951000006116,#Pelvis NOS,S32.8,
2551528018,"Closed fracture pelvis, ischium",S32.8,
2745361000006113,Open fracture of pelvis,S32.8,
561821000006117,Closed fracture dislocation of sacro-iliac joint,S32.8,
565651000006110,Closed fracture-subluxation of pelvis,S32.8,
4840551000006115,Fracture of lumbar spine and/or pelvis,S32.8,
256311000006114,Open fracture-subluxation of pelvis,S32.8,
3760851000006110,Pelvic fracture,S32.8,
3760841000006113,Fracture of pelvis,S32.8,
318718016,Closed fracture of pelvis,S32.8,
318654011,Fracture or disruption of pelvis,S32.8,
895441000006112,#Pelvis NOS,S32.8,
318485010,Fracture of lumbar spine and pelvis,S32.8,
4850221000006112,Open fracture dislocation of pelvis,S32.8,
318709018,Other open fracture of pelvis,S32.8,
256761000006113,Open fracture-dislocation of pelvis,S32.8,
4850301000006110,Open fracture subluxation of pelvis,S32.8,
565331000006113,Closed fracture dislocation of pelvis,S32.8,
318691017,"Closed fracture pelvis, ischial tuberosity",S32.8,
55358019,Closed fracture of clavicle,S42.0,
4850191000006117,"Closed fracture dislocation sternoclavicular joint, anterior",S42.0,
1230612011,"Closed fracture clavicle, medial end",S42.0,
318732019,"Open fracture of clavicle, unspecified part",S42.0,
1233343014,"Open fracture clavicle, shaft",S42.0,
1235228012,"Closed fracture clavicle, shaft",S42.0,
178863011,Open fracture of clavicle,S42.0,
565561000006111,Closed fracture subluxation acromioclavicular joint,S42.0,
318731014,Closed fracture of clavicle NOS,S42.0,
3285911000006115,Closed fracture of sternal end of clavicle,S42.0,
96628016,Fracture of clavicle,S42.0,
559881000006112,"Closed #-dislocation sterno-clavicular joint, posterior",S42.0,
256031000006118,"Open fracture-dislocation sterno-clavicular joint, anterior",S42.0,
4850281000006111,"Closed fracture subluxation sternoclavicular joint, posterior",S42.0,
1231810014,Collar bone fracture,S42.0,
255611000006114,"Open fracture-subluxation sterno-clavicular joint, anterior",S42.0,
559921000006116,"Closed #-subluxation sterno-clavicular joint, posterior",S42.0,
256041000006111,"Open fracture-dislocation sterno-clavicular joint, posterior",S42.0,
7518051000006113,Closed reduction of fracture of clavicle with internal fixation,S42.0,
7488851000006110,Open reduction of fracture of clavicle with internal fixation,S42.0,
3655551000006115,Open fracture of shaft of clavicle,S42.0,
4850201000006119,"Closed fracture dislocation sternoclavicular joint, posterior",S42.0,
4850271000006113,"Closed fracture subluxation sternoclavicular joint, anterior",S42.0,
318734018,Fracture of clavicle NOS,S42.0,
895451000006114,#Clavicle,S42.0,
2524971000006118,Closed fracture of acromial end of clavicle,S42.0,
1219672018,"Open fracture clavicle, medial end",S42.0,
3176521000006119,Fracture of shaft of clavicle,S42.0,
318730010,"Closed fracture of clavicle, unspecified part",S42.0,
559871000006114,"Closed #-dislocation sterno-clavicular joint, anterior",S42.0,
559911000006112,"Closed #-subluxation sterno-clavicular joint, anterior",S42.0,
255621000006118,"Open fracture-subluxation sterno-clavicular joint, posterior",S42.0,
3677901000006119,Open fracture of acromial end of clavicle,S42.0,
1233503017,"Open fracture clavicle, lateral end",S42.0,
318733012,Open fracture of clavicle NOS,S42.0,
256221000006113,Open fracture-subluxation acromio-clavicular joint,S42.0,
1221377017,"Closed fracture clavicle, lateral end",S42.0,
4198121000006115,Open fracture of sternal end of clavicle,S42.0,
3920511000006113,Closed fracture of shaft of clavicle,S42.0 ,
318741012,Closed fracture of scapula NOS,S42.1,
1219673011,"Closed fracture scapula, acromion",S42.1,
79758010,Open fracture of scapula,S42.1,
318748018,Open fracture of scapula NOS,S42.1,
5460561000006112,Fracture dislocation of scapulothoracic joint,S42.1,
318742017,"Open fracture of scapula, unspecified part",S42.1,
318735017,"Closed fracture of scapula, unspecified part",S42.1,
318746019,"Open fracture scapula, spine",S42.1,
318738015,"Closed fracture scapula, blade",S42.1,
2638921000006117,Fracture of acromial process of scapula,S42.1,
318747011,"Open fracture scapula, neck",S42.1,
318743010,"Open fracture scapula, coracoid",S42.1,
318745015,"Open fracture scapula, blade",S42.1,
318736016,"Closed fracture scapula, coracoid",S42.1,
16926014,Fracture of scapula,S42.1,
4198141000006110,Closed fracture of acromial process of scapula,S42.1,
140571000006110,Shoulder blade fracture,S42.1,
318749014,Fracture of scapula NOS,S42.1,
4848711000006114,Open fracture dislocation acromioclavicular joint,S42.1,
318744016,"Open fracture scapula, glenoid",S42.1,
318739011,"Closed fracture scapula, spine",S42.1,
5460791000006112,Fracture subluxation of acromioclavicular joint,S42.1,
49786013,Closed fracture of scapula,S42.1,
318737013,"Closed fracture scapula, glenoid",S42.1,
1229426013,"Open fracture scapula, acromion",S42.1,
895461000006111,#Scapula,S42.1,
2654191000006114,Fracture of shoulder blade,S42.1,
318758019,Closed fracture of proximal humerus not otherwise specified,S42.2,2
5461901000006111,Fracture of neck of humerus,S42.2,
318751013,"Closed fracture proximal humerus, neck",S42.2,2
564541000006113,Closed fracture of head of humerus,S42.2,2
318764014,"Open fracture of proximal humerus, anatomical neck",S42.2,
574014,Fracture of upper end of humerus,S42.2,2
318752018,"Closed fracture of proximal humerus, anatomical neck",S42.2,2
318756015,"Closed fracture proximal humerus, three part",S42.2,2
318772011,Open fracture of proximal humerus not otherwise specified,S42.2,
318767019,"Open fracture proximal humerus, greater tuberosity",S42.2,
7957571000006113,Fracture of surgical neck of humerus,S42.2,
7957581000006111,Fracture of greater tuberosity of humerus,S42.2,
990971000006114,#Humerus NOS,S42.2,
895511000006114,#Humerus NOS,S42.2,
3578351000006111,Fracture of upper arm,S42.2,
3691131000006111,Closed fracture of neck of humerus,S42.2,
318770015,"Open fracture proximal humerus, three part",S42.2,
5722031000006113,Pathological fracture - upper arm,S42.2,
4396041000006119,Fracture of proximal end of humerus,S42.2,
1229897016,Closed fracture of the proximal humerus,S42.2,2
318799013,"Open fracture of distal humerus, condyle(s) unspecified",S42.2,
318753011,"Closed fracture proximal humerus, greater tuberosity",S42.2,2
3419491000006115,Open reduction of closed greater tuberosity fracture,S42.2,
7489291000006113,Open reduction of epiphyseal fracture of humerus with internal fixation,S42.2,
318768012,"Open fracture proximal humerus, head",S42.2,
318762013,"Open fracture of proximal humerus, unspecified part",S42.2,
318757012,"Closed fracture proximal humerus, four part",S42.2,2
318755016,"Closed fracture of humerus, upper epiphysis",S42.2,2
318769016,"Open fracture of humerus, upper epiphysis",S42.2,
4841801000006113,Closed fracture of anatomical neck of humerus,S42.2,
318763015,"Open fracture proximal humerus, neck",S42.2,
257781000006117,Open fracture of upper end of humerus,S42.2,
892461000006118,Path.fracture - upper arm,S42.2,
2873291000006114,Fracture of arm,S42.2,
895481000006118,#Humerus - upper end,S42.2,
895471000006116,#Humerus,S42.2,
318750014,Closed fracture of upper end of humerus,S42.2,2
3187271000006113,Closed fracture of proximal end of humerus,S42.2,
1223146015,"Open fracture of humerus, shaft",S42.3,
319058015,Ill-defined fracture of arm,S42.3,
318779019,"Open fracture of humerus, shaft or unspecified part NOS",S42.3,
3894801000006117,Open reduction of fracture of humerus,S42.3,
318774012,Closed fracture of humerus NOS,S42.3,
318777017,Open fracture of humerus,S42.3,
110116013,Fracture of humerus,S42.3,
3966821000006110,Closed fracture of shaft of humerus,S42.3,
318775013,"Closed fracture of humerus, shaft or unspecified part NOS",S42.3,
1223089018,Arm fracture,S42.3,
506043013,Closed reduction # arm,S42.3,
318778010,Open fracture of humerus NOS,S42.3,
318810015,Fracture of humerus NOS,S42.3,
3872881000006113,Closed reduction # arm,S42.3,
895491000006115,#Humerus - shaft,S42.3,
1235549012,"Closed fracture of humerus, shaft",S42.3,
2878911000006117,Open fracture of shaft of humerus,S42.3,
318773018,Closed fracture of humerus,S42.3,
84797011,Fracture of shaft of humerus,S42.3,
990961000006119,#Humerus - shaft,S42.3,
3096901000006116,Open reduction of fracture of humerus with internal fixation,S42.3,
66948017,Closed reduction of fracture of humerus,S42.3,
5652661000006116,Fracture of the lateral humeral epicondyle,S42.4,
318791011,"Closed fracture of distal humerus, multiple",S42.4,
5461931000006115,Supracondylar fracture of humerus,S42.4,
318800012,"Open fracture of distal humerus, trochlea",S42.4,
402854012,Closed fracture of the distal humerus,S42.4,
1222634011,"Closed fracture distal humerus, medial epicondyle",S42.4,
7531571000006112,Avulsion fracture of medial epicondyle of humerus,S42.4,
402856014,Open fracture of the distal humerus,S42.4,
318788011,"Closed fracture distal humerus, lateral epicondyle",S42.4,
5652671000006111,Fracture of the medial humeral epicondyle,S42.4,
259881000006117,Open fracture of medial condyle of humerus,S42.4,
318771016,"Open fracture proximal humerus, four part",S42.4,
318804015,"Open fracture distal humerus, bicondylar (T-Y fracture)",S42.4,
7957611000006115,Fracture of medial condyle of humerus,S42.4,
895501000006111,#Humerus - lower end,S42.4,
318786010,"Closed fracture of distal humerus, condyle(s) unspecified",S42.4,
318792016,"Closed fracture of distal humerus, not otherwise specified",S42.4,
5510001000006112,Closed fracture of lower end of humerus,S42.4,
318802016,"Open fracture distal humerus, lateral epicondyle",S42.4,
1230477016,"Open fracture distal humerus, medial epicondyle",S42.4,
3513461000006116,Open supracondylar fracture of humerus,S42.4,
5461911000006114,Fracture of distal end of humerus,S42.4,
318787018,"Closed fracture of distal humerus, trochlea",S42.4,
318789015,"Closed fracture distal humerus, capitellum",S42.4,
318806018,"Open fracture of distal humerus, not otherwise specified",S42.4,
1232322015,"Open fracture distal humerus, supracondylar",S42.4,
318790012,"Closed fracture distal humerus, bicondylar (T-Y fracture)",S42.4,
259861000006110,"Open fracture distal humerus, lateral condyle",S42.4,
5510031000006116,Open fracture of lower end of humerus,S42.4,
391345019,Fracture of lower end of humerus,S42.4,
7957601000006118,Fracture of lateral condyle of humerus,S42.4,
1231853014,"Closed fracture distal humerus, supracondylar",S42.4,
318785014,Closed fracture of medial condyle of humerus,S42.4,
5510011000006110,Closed fracture of distal end of humerus,S42.4,
318803014,"Open fracture distal humerus, capitellum",S42.4,
318805019,"Open fracture of distal humerus, multiple",S42.4,
3451541000006117,Closed supracondylar fracture of humerus,S42.4,
318784013,"Closed fracture distal humerus, lateral condyle",S42.4,
455447011,"Open multiple fractures of clavicle, scapula and humerus",S42.7,
399091000006110,"[X]Multiple fractures of clavicle, scapula and humerus",S42.7,
455446019,"Closed multiple fractures of clavicle, scapula and humerus",S42.7,
319071017,"Multiple fractures of clavicle, scapula and humerus",S42.7,
256661000006116,Open fracture-dislocation acromio-clavicular joint,S42.8,
325381016,[X]Fracture of other parts of shoulder and upper arm,S42.8,2
565221000006115,Closed fracture dislocation acromioclavicular joint,S42.8,
5460571000006117,Fracture dislocation of shoulder joint,S42.9,
793931000006111,Fracture dislocation or subluxation shoulder,S42.9,2
565401000006114,Closed fracture-dislocation shoulder joint,S42.9,2
565391000006112,Closed fracture dislocation shoulder joint,S42.9,2
255591000006115,Open fracture-subluxation shoulder,S42.9,
565721000006114,Closed fracture subluxation shoulder joint,S42.9,2
256011000006112,Open fracture dislocation shoulder joint,S42.9,
4848761000006112,Open fracture subluxation shoulder joint,S42.9,
411304016,Shoulder fracture - open,S42.9,
255601000006111,Open fracture-subluxation shoulder joint,S42.9,
256021000006116,Open fracture-dislocation shoulder joint,S42.9,
7587841000006117,Closed fracture of shoulder,S42.9,
4848661000006115,Fracture dislocation or subluxation of shoulder,S42.9,
892471000006113,Path.fracture - shoulder,S42.9,
325382011,Fracture of shoulder,S42.9,2
565731000006112,Closed fracture subluxation shoulder joint,S42.9,2
277193016,Closed reduction of fracture of shoulder,S42.9,2
318822017,"Open fracture olecranon, extra-articular",S52.0,
1235130019,"Open fracture of ulna, coronoid",S52.0,
3776781000006119,Open fracture of proximal end of ulna,S52.0,
3619281000006119,Closed fracture of coronoid process of ulna,S52.0,
57701019,Open Monteggia's fracture,S52.0,
3031861000006111,Closed fracture of proximal end of ulna,S52.0,
3867711000006115,Reduction of closed fracture of proximal ulna with dislocation of radial head,S52.0,
5652701000006112,Fracture of coronoid process of ulna,S52.0,
391359014,Fracture of upper end of ulna,S52.0,
3767091000006114,Closed reduction of fracture of ulna,S52.0,
5462051000006115,Fracture of proximal end of ulna,S52.0,
1234261013,Open fracture of the proximal ulna,S52.0,
391357011,Fracture of ulna,S52.0,
3056731000006115,Open Monteggia fracture,S52.0,
1233086019,"Closed fracture of ulna, coronoid",S52.0,
48625014,Closed Monteggia's fracture,S52.0,
318827011,"Open fracture olecranon, intra-articular",S52.0,
402864015,Closed fracture of ulna,S52.0,
318816014,"Closed fracture of proximal ulna, comminuted",S52.0,
4358301000006110,Monteggia fracture,S52.0,
318815013,"Closed fracture olecranon, extra-articular",S52.0,
2967061000006119,Closed Monteggia fracture,S52.0,
318819019,"Closed fracture olecranon, intra-articular",S52.0,
318824016,"Open fracture proximal ulna, comminuted",S52.0,
3555691000006118,Closed fracture of olecranon process of ulna,S52.0,
5652691000006112,Fracture of olecranon,S52.0,
1228028014,Closed fracture of the proximal ulna,S52.0,
1219674017,Open fracture radial neck,S52.1,
3629081000006117,Open fracture of head of radius,S52.1,
277192014,Closed reduction of fracture of elbow,S52.1,
5989221000006114,Elbow fracture,S52.1,
565271000006119,Closed fracture-dislocation elbow joint,S52.1,
4848851000006116,Closed fracture subluxation elbow joint,S52.1,
318817017,"Closed fracture proximal radius, comminuted",S52.1,
5904361000006113,Closed fracture of elbow,S52.1,
5461961000006112,Fracture of radial head,S52.1,
4848841000006118,Closed fracture subluxation elbow,S52.1,
207621000006118,Primary open reduction of fracture of elbow and fixation with Hook fixation plate,S52.1,
565411000006112,Closed fracture-dislocation superior radio-ulnar joint,S52.1,
5461971000006117,Fracture of radial neck,S52.1,
256701000006112,Open fracture-dislocation elbow,S52.1,
255631000006115,Open fracture-subluxation superior radio-ulnar joint,S52.1,
1233358018,Closed fracture of the proximal radius,S52.1,
1233512015,"Closed fracture radius, neck",S52.1,
5989231000006112,Fracture of elbow,S52.1,
5461941000006113,Fracture of proximal end of radius,S52.1,
318825015,"Open fracture proximal radius, comminuted",S52.1,
256711000006110,Open fracture-dislocation elbow joint,S52.1,
895531000006115,#Radius/ulna - upper end,S52.1,
3657241000006114,Closed fracture of proximal end of radius,S52.1,
391349013,Fracture of upper end of radius,S52.1,
565601000006111,Closed fracture-subluxation elbow joint,S52.1,
4848811000006117,Open fracture dislocation elbow joint,S52.1,
559861000006119,Closed # radius neck,S52.1,
443804014,Elbow fracture - closed,S52.1,
4848871000006114,Open fracture subluxation of elbow joint,S52.1,
443817012,Elbow fracture - open,S52.1,
1223154018,Open fracture of the proximal radius,S52.1,
5658381000006116,Mason type III fracture,S52.1,
208841000006110,Prim open reduction # elbow & fixatn c Zuezler fixatn plate,S52.1,
5658401000006116,Mason type I fracture,S52.1,
4198181000006116,Open fracture of neck of radius,S52.1,
256261000006119,Open fracture-subluxation elbow joint,S52.1,
256251000006116,Open fracture-subluxation elbow,S52.1,
3619801000006110,Closed fracture of head of radius,S52.1,
1233093015,"Closed fracture radius, head",S52.1,
4848861000006119,Closed fracture subluxation superior radioulnar joint,S52.1,
3678911000006117,Closed fracture of neck of radius,S52.1,
565261000006114,Closed fracture dislocation elbow joint,S52.1,
318783019,"Closed fracture of elbow, unspecified part",S52.1,
318796018,"Open fracture of elbow, unspecified part",S52.1,
1233163011,Open fracture radial head,S52.1,
793881000006117,Fracture dislocation of elbow joint,S52.1,
565591000006115,Closed fracture-subluxation elbow,S52.1,
391360016,Fracture of shaft of ulna,S52.2,
1231252012,Closed fracture of the ulnar shaft,S52.2,
1229927010,Open fracture of the ulnar shaft,S52.2,
3372201000006117,Closed fracture of shaft of ulna,S52.2,
3189391000006111,Open fracture of shaft of ulna,S52.2,
2950731000006116,Closed fracture of shaft of bone of forearm,S52.3,
1227930011,Closed fracture of the radial shaft,S52.3,
318832012,"Open fracture of radius, shaft, unspecified",S52.3,
391352017,Fracture of shaft of radius,S52.3,
2550381000006113,Closed fracture of shaft of radius,S52.3,
318881014,Open Galeazzi fracture,S52.3,
1232779012,Open fracture of the radial shaft,S52.3,
318850017,Closed Galeazzi fracture,S52.3,
318829014,"Closed fracture of radius, shaft, unspecified",S52.3,
5526311000006115,Galeazzi fracture dislocation,S52.4,
7955701000006115,Fracture of shaft of ulna and radius,S52.4,
318833019,"Open fracture radius and ulna, middle",S52.4,
318834013,Open fracture of shaft of radius AND ulna,S52.4,
793501000006112,Fracture of shaft of radius and ulna,S52.4,
3143491000006113,Open fracture of shaft of radius and ulna,S52.4,
492363016,"Open fracture of radius and ulna, shaft",S52.4,
895541000006113,#Radius/ulna -shaft,S52.4,
318831017,Closed fracture of shaft of radius and/or ulna,S52.4,
483745010,Closed fracture of shaft of radius and ulna,S52.4,
318830016,"Closed fracture radius and ulna, middle",S52.4,
5462101000006115,Fracture of shaft of radius and/or ulna,S52.4,
402860012,Closed fracture of distal end of radius,S52.5,3
261541000006119,Open dorsal Barton's fracture-dislocation,S52.5,
7642271000006110,Closed reduction and percutaneous K-wire fixation of fracture of distal radius,S52.5,
318862018,"Closed fracture distal radius, intra-articular, other type",S52.5,3
54541000006116,Closed fracture of wrist,S52.5,3
892451000006115,Path.fracture - fore arm,S52.5,
318890019,Open extra-articular fracture of distal radius,S52.5,
318889011,"Open fracture distal radius, intra-articular, die-punch",S52.5,
3192421000006112,Open fracture of radius,S52.5,
559791000006116,Closed dorsal Barton's fracture,S52.5,3
4848921000006116,Closed fracture dislocation radiocarpal joint,S52.5,
561311000006117,Closed dorsal Barton fracture-subluxation,S52.5,3
402863014,Closed fracture of radius,S52.5,
4849161000006119,Open fracture subluxation of the wrist,S52.5,
5460821000006115,Fracture subluxation of wrist,S52.5,
1730651000000118,Greenstick fracture of distal radius,S52.5,
4849101000006115,Closed fracture subluxation radiocarpal joint,S52.5,
318851018,Closed volar Barton's fracture,S52.5,3
277200019,Closed reduction of fracture of wrist,S52.5,3
318848013,Smith's fracture - closed,S52.5,3
49851000006119,Open volar Barton fracture-dislocation,S52.5,
318859016,Closed extraarticular fracture of distal radius,S52.5,3
5462081000006111,Fracture of distal end of ulna,S52.5,
895571000006117,Fracture of distal end of ulna,S52.5,
391347010,Fracture of radius,S52.5,
318858012,"Closed fracture distal radius, intra-articular, die-punch",S52.5,3
451061019,Closed Barton's fracture,S52.5,3
318893017,Open fracture of lower end of forearm,S52.5,
402859019,Closed Colles' fracture,S52.5,3
565711000006118,Closed fracture-subluxation radiocarpal joint,S52.5,3
2773201000006116,Closed fracture of lower end of radius,S52.5,
4213971000006112,Open reduction of fracture of radius with internal fixation,S52.5,
318864017,Closed fracture of lower end of forearm,S52.5,3
451060018,Open Barton's fracture,S52.5,
895561000006112,Colles fracture,S52.5,
5652711000006110,Fracture of ulnar styloid,S52.5,
632631000006110,"Dupuytren's fracture, radius - closed",S52.5,3
5462031000006110,Dorsal Barton's fracture,S52.5,
318877014,Open fracture of distal end of ulna,S52.5,
7269261000006116,Open reduction of open fracture of radius with internal fixation,S52.5,
569501000006112,Closed volar Barton fracture-subluxation,S52.5,3
7271021000006111,Open reduction of open fracture of radius with external fixation,S52.5,
318880010,Smith's fracture - open,S52.5,
318875018,"Open fracture of ulna, styloid process",S52.5,
256001000006114,Open fracture-dislocation radiocarpal joint,S52.5,
319961016,Closed fracture dislocation of wrist,S52.5,3
7642261000006115,Closed reduction of fracture of distal radius and percutaneous fixation using Kirschner wire,S52.5,
12217201000006111,Smith fracture,S52.5,
52291000006115,Open Smith's fracture,S52.5,
318882019,Open volar Barton's fracture,S52.5,
632641000006117,"Dupuytren's fracture, radius - open",S52.5,
49861000006117,Open volar Barton fracture-subluxation,S52.5,
793921000006113,Fracture dislocation or subluxation of wrist,S52.5,3
4849021000006112,Open fracture dislocation radiocarpal joint,S52.5,
133435011,Open Colles' fracture,S52.5,
255581000006118,Open fracture-subluxation radiocarpal joint,S52.5,
318912010,"Open fracture of radius (alone), unspecified",S52.5,
5462021000006112,Volar Barton fracture,S52.5,
318888015,Open fracture radial styloid,S52.5,
318887013,Open dorsal Barton's fracture,S52.5,
1495502013,Wrist fracture - open,S52.5,
5461991000006116,Fracture of distal end of radius,S52.5,
318868019,"Open fracture of forearm, lower end, unspecified",S52.5,
5652681000006114,Fracture of radial styloid,S52.5,
851421000006114,Torus fracture of radius,S52.5,
6517251000006116,Torus fracture of radius,S52.5,
318891015,Open intra-articular fracture of distal radius,S52.5,
319970018,Open fracture dislocation wrist,S52.5,
4358241000006117,Colles' fracture,S52.5,
318838011,"Closed fracture of forearm, lower end, unspecified",S52.5,3
4358251000006115,Reversed Colles' fracture,S52.5,
318857019,Closed fracture radial styloid,S52.5,3
3160991000006117,Closed fracture of styloid process of ulna,S52.5,
318846012,Closed fracture of distal end of ulna,S52.5,3
565671000006117,Closed fracture subluxation of the wrist,S52.5,3
391354016,Fracture of lower end of radius,S52.5,3
569521000006119,Closed volar Barton's fracture-dislocation,S52.5,3
256341000006113,Open fracture-subluxation of the wrist,S52.5,
561321000006113,Closed dorsal Barton's fracture-dislocation,S52.5,3
565381000006114,Closed fracture-dislocation radiocarpal joint,S52.5,3
402862016,Open fracture of distal end of radius,S52.5,
318849017,Closed Smith's fracture,S52.5,3
3929471000006114,Closed reduction of fracture of radius,S52.5,
485443016,"Closed fracture of radius and ulna, lower end",S52.6,3
895581000006119,#Radius/ulna NOS,S52.6,
3070931000006119,Closed fracture of distal end of forearm,S52.6,
5965301000006112,Fracture dislocation distal radioulnar joint,S52.6,
507904017,"Open fracture of radius and ulna, lower end",S52.6,
565781000006113,"Closed fracture-subluxation, distal radio-ulnar jt",S52.6,3
3034241000006111,Closed fracture of lower end of radius AND ulna,S52.6,
5460591000006116,Fracture dislocation of wrist joint,S52.6,
3932001000006116,Open fracture of lower end of radius AND ulna,S52.6,
7488911000006119,Open reduction of fracture of radius and ulna with internal fixation,S52.6,
565251000006112,Closed fracture dislocation distal radioulnar joint,S52.6,3
875731000006118,Closed reduction-# radius/ulna,S52.6,
1495503015,"Open fracture radius and ulna, distal",S52.6,
5462121000006113,Fracture of distal end of radius and ulna,S52.6,
3041051000006119,Closed reduction of fracture of radius and ulna,S52.6,
1490703015,"Closed fracture radius and ulna, distal",S52.6,3
895551000006110,#Radius/ulna-lower end-colles,S52.6,
255671000006117,"Open fracture-subluxation, distal radio-ulnar joint",S52.6,
391366010,Fracture of lower end of both ulna and radius,S52.6,3
125993015,Fracture of radius AND ulna,S52.6,
4849091000006114,Closed fracture subluxation of distal radioulnar joint,S52.6,
318914011,Open fracture of radius AND ulna,S52.7,
2805691000006115,Closed fracture of upper end of radius AND ulna,S52.7,
319074013,Multiple fractures of forearm,S52.7,
318909012,"Closed fracture of radius and ulna, NOS",S52.7,
318901010,Closed fracture of radius AND ulna,S52.7,
4358271000006113,Monteggia's fracture,S52.7,
1495384010,"Open fracture radius and ulna, proximal",S52.7,
1494944016,"Closed fracture radius and ulna, proximal",S52.7,
277199017,Closed reduction of fracture of radius and/or ulna,S52.7,
496729019,Closed fracture of the radius and ulna,S52.7,
318910019,"Open fracture of radius and ulna, unspecified part",S52.7,
3569531000006110,Open fracture of upper end of radius AND ulna,S52.7,
5462091000006114,Fracture of proximal end of radius and ulna,S52.7,
479288015,Closed fracture of proximal radius and ulna,S52.7,
257831000006114,Open fracture of the radius and ulna,S52.7,
318915012,"Fracture of radius and ulna, NOS",S52.7,
500216016,Open fracture of proximal radius and ulna,S52.7,
318845011,"Closed fracture of ulna, lower epiphysis",S52.8,3
565741000006119,Closed fracture-subluxation superior radio-ulnar joint,S52.8,
318814012,Closed fracture of upper end of forearm,S52.8,
256051000006113,Open fracture-dislocation superior radio-ulnar joint,S52.8,
318913017,Open fracture of ulna,S52.8,
318828018,"Open fracture of forearm, upper end, NOS",S52.8,
318821012,"Open fracture of proximal forearm, unspecified",S52.8,
325399012,[X]Fracture of other parts of forearm,S52.8,
318820013,Closed fracture of proximal forearm not otherwise specified,S52.8,
1229710011,"Closed fracture of ulna, styloid process",S52.8,3
318876017,"Open fracture of ulna, lower epiphysis",S52.8,
991021000006118,#Radius/ulna NOS,S52.9,
318902015,Closed fracture of forearm,S52.9,3
500272010,Fracture of forearm,S52.9,3
3572751000006110,Forearm fracture,S52.9,
151450016,Closed fracture of forearm,S52.9,
318911015,Open fracture of forearm,S52.9,
325400017,"[X]Fracture of forearm, unspecified",S52.9,3
151267013,Open fracture of forearm,S52.9,
3014891000006114,Fracture of navicular bone of wrist,S62.0,
255991000006113,Open fracture-dislocation peri-lunate trans-scaphoid,S62.0,
3014911000006111,Fracture of scaphoid bone,S62.0,
1233006016,Open fracture of the scaphoid,S62.0,
318932011,"Open fracture scaphoid, tuberosity",S62.0,
318921011,"Closed fracture scaphoid, waist, comminuted",S62.0,
318931016,"Open fracture scaphoid, waist, comminuted",S62.0,
1229933018,Closed fracture of the scaphoid,S62.0,
318922016,"Closed fracture scaphoid, tuberosity",S62.0,
318930015,"Open fracture scaphoid, waist, oblique",S62.0,
318929013,"Open fracture scaphoid, waist, transverse",S62.0,
318928017,"Open fracture scaphoid, proximal pole",S62.0,
318920012,"Closed fracture scaphoid, waist, oblique",S62.0,
318919018,"Closed fracture scaphoid, waist, transverse",S62.0,
4848981000006117,Closed fracture dislocation perilunate transscaphoid,S62.0,
793411000006114,Fracture of scaphoid bone of wrist,S62.0,
3190321000006117,Closed fracture of scaphoid bone of wrist,S62.0,
318918014,"Closed fracture scaphoid, proximal pole",S62.0,
5462631000006115,Fracture of navicular,S62.0,
255571000006116,Open fracture-subluxation peri-lunate trans-scaphoid,S62.0,
895601000006112,#Scaphoid,S62.0,
4849071000006113,Open fracture dislocation perilunate transscaphoid,S62.0,
1232881017,Open fracture trapezium,S62.1,
1234676011,Hand fracture - carpal bone,S62.1,
3204741000006116,Closed fracture of pisiform bone of wrist,S62.1,
318926018,"Open fracture of carpal bone, unspecified",S62.1,
318933018,"Open fracture carpal bones, multiple",S62.1,
3591391000006119,Open fracture of trapezium of wrist,S62.1,
318935013,Open fracture of carpal bone NOS,S62.1,
2620681000006114,Fracture of triquetral bone of wrist,S62.1,
1228196017,Open fracture hamate,S62.1,
325417012,[X]Fracture of other carpal bone(s),S62.1,
1229890019,Open fracture trapezoid,S62.1,
1231685010,Closed fracture trapezium,S62.1,
2620711000006110,Fracture of triquetrum,S62.1,
3710331000006111,Fracture of trapezium of wrist,S62.1,
1230026018,Closed fracture pisiform,S62.1,
4849051000006115,Open fracture dislocation lunate (volar),S62.1,
318980014,Open fracture sesamoid bone of hand,S62.1,
2650961000006112,Closed fracture of carpal bone of wrist,S62.1,
3710351000006116,Fracture of trapezium,S62.1,
318927010,"Open fracture hamate, hook",S62.1,
256351000006110,Open fracture-subluxation other carpal,S62.1,
4842941000006114,Closed fracture of sesamoid bone of hand,S62.1,
256731000006116,Open fracture-dislocation lunate (volar),S62.1,
1229092011,Closed fracture hamate,S62.1,
255981000006110,Open fracture-dislocation peri-lunate (dorsal),S62.1,
565681000006119,Closed fracture-subluxation other carpal,S62.1,
3867051000006117,Fracture of pisiform bone of wrist,S62.1,
5652561000006117,Transstyloid-scaphoid-perilunate fracture dislocation,S62.1,
5462161000006119,Fracture of sesamoid bone of hand,S62.1,
2620701000006112,Fracture of triquetral,S62.1,
3106031000006116,Closed fracture of lunate bone of wrist,S62.1,
895611000006110,#Carpal bones NOS,S62.1,
511384012,Closed fracture of carpal bone,S62.1,
3896491000006116,Fracture of hamate bone of wrist,S62.1,
136121013,Fracture of carpal bone,S62.1,
48573010,Open fracture of carpal bone,S62.1,
1235538018,Closed fracture capitate,S62.1,
565361000006116,Closed fracture-dislocation peri-lunate (dorsal),S62.1,
318923014,"Closed fracture carpal bones, multiple",S62.1,
1228300012,Closed fracture trapezoid,S62.1,
1234315010,Open fracture triquetral,S62.1,
565311000006119,Closed fracture-dislocation mid carpal,S62.1,
318917016,"Closed fracture hamate, hook",S62.1,
2993591000006110,Closed fracture of triquetral bone of wrist,S62.1,
895591000006116,#Carpal bones,S62.1,
565431000006118,"Closed fracture dislocation, carpometacarpal joint",S62.1,
3692241000006119,Fracture of capitate bone of wrist,S62.1,
4848971000006115,Closed fracture dislocation perilunate (dorsal),S62.1,
565301000006117,Closed fracture-dislocation lunate (volar),S62.1,
565761000006115,"Closed fracture-subluxation, carpometacarpal joint",S62.1,
318916013,"Closed fracture of carpal bone, unspecified",S62.1,
3896511000006110,Fracture of hamate,S62.1,
565691000006116,Closed fracture-subluxation peri-lunate (dorsal),S62.1,
3607291000006111,Open fracture of navicular bone of wrist,S62.1,
2504221000006116,Closed fracture of trapezoidal bone of wrist,S62.1,
2530741000006117,Fracture of lunate bone of wrist,S62.1,
3428151000006115,Closed fracture of trapezium bone of wrist,S62.1,
1230102017,Open fracture capitate,S62.1,
1231198017,Open fracture lunate,S62.1,
565621000006118,Closed fracture-subluxation lunate (volar),S62.1,
4842961000006113,Open fracture of sesamoid bone of hand,S62.1,
1235429018,Open fracture pisiform,S62.1,
1227288016,Closed fracture triquetral,S62.1,
256741000006114,Open fracture-dislocation mid carpal,S62.1,
318979011,Closed fracture sesamoid bone of hand,S62.1,
3834511000006113,Fracture of carpus,S62.1,
1229331011,Closed fracture lunate,S62.1,
256671000006111,Open fracture-dislocation carpometacarpal joint,S62.1,
4849061000006118,Open fracture dislocation perilunate (dorsal),S62.1,
318934012,Open fracture of other carpal bone,S62.1,
318924015,Closed fracture of other carpal bone,S62.1,
2626111000006113,Open fracture of triquetral bone of wrist,S62.1,
318925019,Closed fracture of carpal bone NOS,S62.1,
3098691000006118,Closed fracture of hamate bone of wrist,S62.1,
2530761000006118,Fracture of lunate,S62.1,
318953019,Closed fracture of thumb metacarpal,S62.2,
3636881000006115,Fracture of first metacarpal,S62.2,
44351000006113,"Open fracture thumb metacarpal base, intra-articular, Bennett",S62.2,
318959015,Closed fracture thumb metacarpal head,S62.2,
3501551000006115,Bennett fracture,S62.2,
3501521000006112,Bennett's fracture,S62.2,
44361000006110,"Open fracture thumb metacarpal base, intra-articular, Rolando",S62.2,
570581000006118,"Closed fracture thumb metacarpal base, intra-articular, Bennett",S62.2,
318938010,Fracture of first metacarpal bone,S62.2,
895631000006116,#Bennett's fracture,S62.2,
4848961000006110,Closed fracture dislocation lunate (volar),S62.2,
570591000006115,"Closed fracture thumb metacarpal base, intra-articular, Rolando",S62.2,
7585201000006114,Closed fracture of fifth metacarpal,S62.3,
277198013,Closed reduction of fracture of metacarpus,S62.3,
7503941000006117,Closed fracture of base of fifth metacarpal,S62.3,
318944014,Closed fracture of metacarpal bone(s),S62.3,
2520281000006116,Open fracture of metacarpal bone,S62.3,
318970010,Open fracture finger metacarpal,S62.3,
4848941000006111,Closed fracture dislocation of carpometacarpal joint,S62.3,
7585421000006117,Closed fracture of shaft of third metacarpal bone,S62.3,
565351000006118,Closed fracture-dislocation other carpal,S62.3,
318978015,Open fracture of metacarpal bone(s) NOS,S62.3,
4842661000006118,Fracture of metacarpus,S62.3,
4849261000006114,Closed fracture dislocation of metacarpophalangeal joint,S62.3,
5462151000006116,Fracture of neck of fifth metacarpal,S62.3,
5462141000006118,Fracture of base of fifth metacarpal,S62.3,
5965291000006111,Fracture dislocation of carpometacarpal joint,S62.3,
318950016,Closed fracture finger metacarpal head,S62.3,
325418019,[X]Fracture of other metacarpal bone,S62.3,
5965311000006110,Fracture of metacarpophalangeal joint,S62.3,
3405101000006117,Fracture of base of metacarpal bone other than first metacarpal,S62.3,
256151000006112,"Open fracture-dislocation, metacarpophalangeal joint",S62.3,
4849041000006117,Open fracture dislocation carpometacarpal joint,S62.3,
562171000006118,Closed fracture of shaft of metacarpal bone,S62.3,
3773571000006119,Fracture of shaft of metacarpal bone,S62.3,
318947019,Closed fracture finger metacarpal base,S62.3,
480728016,Fracture of bone of hand,S62.3,
3386691000006119,Closed fracture of base of metacarpal bone other than first metacarpal,S62.3,
7585211000006112,Closed fracture of fourth metacarpal,S62.3,
7587371000006115,Closed fracture of second metacarpal,S62.3,
318941018,Fracture of metacarpal bone,S62.3,
3407641000006119,Fracture of neck of metacarpal bone,S62.3,
255971000006112,Open fracture-dislocation other carpal,S62.3,
989511000006117,#Metacarpal bone NOS,S62.3,
3407651000006117,Boxer's fracture,S62.3,
565851000006111,"Closed fracture-subluxation, metacarpophalangeal joint",S62.3,
318962017,Closed fracture of metacarpal bone,S62.3,
875721000006116,Closed reduction- # metacarpus,S62.3,
318964016,"Open fracture of metacarpal bone(s), site unspecified",S62.3,
1221007014,Open fracture of metacarpal bone(s),S62.3,
318945010,"Closed fracture of metacarpal bone (s), site unspecified",S62.3,
4849401000006114,Closed fracture subluxation of metacarpophalangeal joint,S62.3,
318949016,Closed fracture finger metacarpal neck,S62.3,
318940017,Fracture of carpal bone NOS,S62.3,
318951017,Closed fracture finger metacarpal,S62.3,
259321000006112,Open fracture of shaft of metacarpal bone,S62.3,
565501000006110,"Closed fracture dislocation, metacarpophalangeal joint",S62.3,
318943015,Hand fracture - metacarpal bone,S62.3,
565631000006115,Closed fracture-subluxation mid carpal,S62.3,
318939019,Fracture of other metacarpal bone,S62.3,
895641000006114,#Metacarpal bone NOS,S62.3,
895621000006119,#Metacarpal bones,S62.4,
319054018,Closed multiple fractures of hand bones,S62.4,
318952012,"Closed fracture finger metacarpal, multiple",S62.4,
318977013,Open fractures of multiple sites of unspecified metacarpus,S62.4,
319056016,Multiple fractures of hand bones NOS,S62.4,
510090013,Multiple fractures of metacarpal bones,S62.4,
318961012,Closed fractures of multiple sites of unspecified metacarpus,S62.4,
62415013,Multiple fractures of hand bones,S62.4,
2648041000006112,Fracture of multiple sites of metacarpus,S62.4,
4843581000006115,Multiple open fractures of hand bones,S62.4,
4843571000006118,Multiple closed fractures of hand bones,S62.4,
319024011,"Open fracture thumb proximal phalanx, shaft",S62.5,
319029018,"Open fracture thumb distal phalanx, shaft",S62.5,
318975017,Open fracture thumb metacarpal neck,S62.5,
5460661000006113,Fracture dislocation of thumb,S62.5,
318992014,"Closed fracture thumb proximal phalanx, neck",S62.5,
277195011,Closed reduction of fracture of thumb,S62.5,
318990018,"Closed fracture thumb proximal phalanx, base",S62.5,
319023017,"Open fracture thumb proximal phalanx, base",S62.5,
565461000006110,"Closed fracture-dislocation, interphalangeal joint thumb",S62.5,
895661000006113,#Phalanx of thumb,S62.5,
2536029011,Fracture of thumb,S62.5,
318998013,"Closed fracture thumb distal phalanx, mallet",S62.5,
319026013,"Open fracture thumb proximal phalanx, head",S62.5,
793941000006118,Fracture dislocation/subluxation finger/thumb,S62.5,
318976016,Open fracture thumb metacarpal head,S62.5,
989531000006111,#Phalanx of thumb,S62.5,
100941000006118,Thumb fracture excluding base,S62.5,
3011218018,Closed fracture of phalanx of thumb,S62.5,
318956010,Closed fracture thumb metacarpal neck,S62.5,
5560701000006114,Fracture of phalanx of thumb,S62.5,
7239301000006118,Open reduction of fracture of distal phalanx of thumb with internal fixation,S62.5,
4849371000006111,Open fracture dislocation of interphalangeal joint of thumb,S62.5,
319022010,Open fracture thumb proximal phalanx,S62.5,
319030011,"Open fracture thumb distal phalanx, tuft",S62.5,
5836651000006113,Fracture distal phalanx of thumb,S62.5,
318993016,"Closed fracture thumb proximal phalanx, head",S62.5,
318996012,"Closed fracture thumb distal phalanx, shaft",S62.5,
256111000006111,"Open fracture-dislocation, interphalangeal joint thumb",S62.5,
3012276014,Open fracture of phalanx of thumb,S62.5,
318995011,"Closed fracture thumb distal phalanx, base",S62.5,
319027016,Open fracture thumb distal phalanx,S62.5,
318997015,"Closed fracture thumb distal phalanx, tuft",S62.5,
318972019,Open fracture of thumb metacarpal,S62.5,
318974018,Open fracture thumb metacarpal shaft,S62.5,
895651000006111,#Phalanx of finger/thumb,S62.5,
319031010,"Open fracture thumb distal phalanx, mallet",S62.5,
318955014,Closed fracture thumb metacarpal shaft,S62.5,
318989010,Closed fracture thumb proximal phalanx,S62.5,
3636871000006118,Fracture of base of thumb,S62.5,
319025012,"Open fracture thumb proximal phalanx, neck",S62.5,
895681000006115,#Phalanx of finger/thumb NOS,S62.5,
5836661000006110,Fracture proximal phalanx of thumb,S62.5,
255701000006116,"Open fracture-subluxation, interphalangeal joint thumb",S62.5,
565811000006110,"Closed fracture-subluxation, interphalangeal joint thumb",S62.5,
318994010,Closed fracture thumb distal phalanx,S62.5,
319028014,"Open fracture thumb distal phalanx, base",S62.5,
318991019,"Closed fracture thumb proximal phalanx, shaft",S62.5,
7585041000006118,Closed fracture of distal phalanx of middle finger,S62.6,
478502010,Finger fracture,S62.6,
256271000006114,"Open fracture-subluxation IPJ, unspecified",S62.6,
7587531000006112,Open fracture of distal phalanx of index finger,S62.6,
4849451000006113,Open fracture subluxation digit,S62.6,
5460901000006119,Fracture subluxation of finger,S62.6,
319005013,Closed fracture finger middle phalanx,S62.6,
319008010,"Closed fracture finger middle phalanx, neck",S62.6,
565231000006117,Closed fracture dislocation digit,S62.6,
319003018,"Closed fracture finger proximal phalanx, head",S62.6,
319041013,"Open fracture finger middle phalanx, neck",S62.6,
319044017,"Open fracture finger distal phalanx, base",S62.6,
277194010,Closed reduction of fracture of finger,S62.6,
319002011,"Closed fracture finger proximal phalanx, neck",S62.6,
318985016,Closed fracture of one or more phalanges of hand,S62.6,
319011011,"Closed fracture finger distal phalanx, base",S62.6,
5460641000006114,Fracture dislocation of finger or thumb,S62.6,
319035018,"Open fracture finger proximal phalanx, neck",S62.6,
319053012,Fracture of one or more phalanges of hand NOS,S62.6,
565291000006118,"Closed fracture-dislocation IPJ, unspecified",S62.6,
2845221000006112,Open fracture of finger,S62.6,
5460651000006111,Fracture dislocation of finger,S62.6,
319001016,"Closed fracture finger proximal phalanx, shaft",S62.6,
5836631000006118,Fracture of proximal phalanx of finger,S62.6,
895671000006118,#Phalanx of finger,S62.6,
565581000006118,"Closed fracture-subluxation digit, unspecified",S62.6,
256071000006115,"Open fracture-dislocation, distal interphalangeal joint",S62.6,
319039012,"Open fracture finger middle phalanx, base",S62.6,
7587191000006116,Closed fracture of proximal phalanx of little finger,S62.6,
319014015,"Closed fracture finger distal phalanx, mallet",S62.6,
319040014,"Open fracture finger middle phalanx, shaft",S62.6,
4849291000006118,Closed fracture dislocation of proximal interphalangeal joint,S62.6,
319019013,"Open fracture of phalanx or phalanges, unspecified",S62.6,
565441000006111,"Closed fracture-dislocation, distal interphalangeal joint",S62.6,
319034019,"Open fracture finger proximal phalanx, shaft",S62.6,
1234036019,Closed fracture finger distal phalanx,S62.6,
3092801000006111,Fracture of distal phalanx of finger,S62.6,
7587171000006117,Closed fracture of middle phalanx of middle finger,S62.6,
256191000006118,"Open fracture-dislocation, proximal interphalangeal joint",S62.6,
319013014,"Closed fracture finger distal phalanx, tuft",S62.6,
318969014,Open fracture finger metacarpal head,S62.6,
565611000006114,"Closed fracture-subluxation IPJ, unspecified",S62.6,
7587211000006115,Closed fracture of middle phalanx of ring finger,S62.6,
319042018,"Open fracture finger middle phalanx, head",S62.6,
255781000006113,"Open fracture-subluxation, proximal interphalangeal joint",S62.6,
1229766011,Open fracture finger distal phalanx,S62.6,
4849421000006116,Closed fracture subluxation of proximal interphalangeal joint,S62.6,
3749821000006119,Closed fracture of distal phalanx of finger,S62.6,
319047012,"Open fracture finger distal phalanx, mallet",S62.6,
318986015,"Closed fracture of phalanx or phalanges, unspecified",S62.6,
565531000006119,"Closed fracture dislocation, proximal interphalangeal joint",S62.6,
2889721000006114,Closed fracture of finger,S62.6,
256681000006114,Open fracture-dislocation digit,S62.6,
319036017,"Open fracture finger proximal phalanx, head",S62.6,
7587151000006110,Closed fracture of phalanx of little finger,S62.6,
2788721000006115,Fracture of finger,S62.6,
318999017,Closed fracture finger proximal phalanx,S62.6,
319033013,"Open fracture finger proximal phalanx, base",S62.6,
319012016,"Closed fracture finger distal phalanx, shaft",S62.6,
319052019,Fracture of phalanx of finger,S62.6,
7587131000006115,Closed fracture of phalanx of ring finger,S62.6,
319038016,Open fracture finger middle phalanx,S62.6,
319000015,"Closed fracture finger proximal phalanx, base",S62.6,
4849841000006114,Closed fracture dislocation of interphalangeal joint of single toe,S62.6,
319018017,Open fracture of one or more phalanges of hand,S62.6,
318966019,Open fracture finger metacarpal base,S62.6,
256721000006119,"Open fracture-dislocation IPJ, unspecified",S62.6,
319017010,Closed fracture of one or more phalanges of hand NOS,S62.6,
318968018,Open fracture finger metacarpal neck,S62.6,
7585181000006113,Closed fracture of distal phalanx of ring finger,S62.6,
5836641000006111,Fracture of middle phalanx of finger,S62.6,
7587181000006119,Closed fracture of proximal phalanx of middle finger,S62.6,
256691000006112,"Open fracture-dislocation digit, unspecified",S62.6,
319007017,"Closed fracture finger middle phalanx, shaft",S62.6,
36405012,Open fracture of phalanx of finger,S62.6,
565241000006110,"Closed fracture-dislocation digit, unspecified",S62.6,
565771000006110,"Closed fracture-subluxation, distal interphalangeal joint",S62.6,
989521000006113,#Phalanx of finger,S62.6,
256231000006111,Open fracture-subluxation digit,S62.6,
4849331000006113,Open fracture dislocation digit,S62.6,
319046015,"Open fracture finger distal phalanx, tuft",S62.6,
565571000006116,Closed fracture subluxation digit,S62.6,
7586321000006119,Closed fracture of proximal phalanx of ring finger,S62.6,
565881000006115,"Closed fracture-subluxation, proximal interphalangeal joint",S62.6,
3168901000006110,Open fracture of distal phalanx of finger,S62.6,
319037014,"Open fracture finger proximal phalanx, multiple",S62.6,
319045016,"Open fracture finger distal phalanx, shaft",S62.6,
319050010,Open fracture of one or more phalanges of hand NOS,S62.6,
7587201000006118,Closed fracture of proximal phalanx of index finger,S62.6,
255661000006112,"Open fracture-subluxation, distal interphalangeal joint",S62.6,
319032015,Open fracture finger proximal phalanx,S62.6,
256241000006118,"Open fracture-subluxation digit, unspecified",S62.6,
793161000006116,Fracture of phalanx of hand,S62.6,
319009019,"Closed fracture finger middle phalanx, head",S62.6,
40965012,Closed fracture of phalanx of finger,S62.6,
319006014,"Closed fracture finger middle phalanx, base",S62.6,
318971014,"Open fracture finger metacarpal, multiple",S62.7,
319048019,"Open fracture finger distal phalanx, multiple",S62.7,
503422014,Multiple fractures of fingers,S62.7,
991691000006114,#Phalanx of finger/thumb NOS,S62.7,
256751000006111,Open fracture-dislocation multiple digits,S62.7,
3751451000006112,Fracture of multiple sites of phalanges of hand,S62.7,
319004012,"Closed fracture finger proximal phalanx, multiple",S62.7,
565641000006113,Closed fracture-subluxation multiple digits,S62.7,
319016018,"Closed fractures of phalanx or phalanges, multiple sites",S62.7,
319010012,"Closed fracture finger middle phalanx, multiple",S62.7,
4849441000006111,Closed fracture subluxation multiple digits,S62.7,
565321000006110,Closed fracture-dislocation multiple digits,S62.7,
319015019,"Closed fracture finger distal phalanx, multiple",S62.7,
319043011,"Open fracture finger middle phalanx, multiple",S62.7,
319049010,"Open fracture of phalanx or phalanges, multiple sites",S62.7,
565701000006116,Closed fracture-subluxation peri-lunate trans-scaphoid,S62.8,
318936014,Fracture at wrist and hand level,S62.8,
5460851000006112,Fracture subluxation of joint of hand,S62.8,
565371000006111,Closed fracture-dislocation peri-lunate trans-scaphoid,S62.8,
7585221000006116,Closed fracture of hand,S62.8,
387591000006110,Fracture at wrist and/or hand level,S62.8,
2826011000006118,Fracture of hand bone,S62.8,
255741000006119,"Open fracture-subluxation, metacarpophalangeal joint",S62.8,
7585311000006115,Open fracture of hand,S62.8,
319055017,Open multiple fractures of hand bones,S62.8,
2826001000006116,Fracture of hand,S62.8 ,
2525641000006118,Closed fracture of cervicotrochanteric section of femur,S72.0,
793901000006115,Fracture dislocation or subluxation hip,S72.0,4
210921000006113,Internal fixation of femur without fracture reduction,S72.0,4
565801000006112,"Closed fracture-subluxation, hip joint",S72.0,4
565451000006113,"Closed fracture dislocation, hip joint",S72.0,4
319087019,"Closed fracture proximal femur, midcervical section",S72.0,4
895691000006117,#Neck of femur,S72.0,
557971000006111,Closed reduction of intracapsular fracture of neck of femur and fixation using Smith-Petersen nail,S72.0,
256101000006113,"Open fracture-dislocation, hip joint",S72.0,
5462241000006110,Fracture of proximal end of femur,S72.0,
370861000000115,Delivery of rehabilitation for hip fracture,S72.0,4
210941000006118,Primary internal fixation(without reduction) of proximal femoral fracture with screw/nail and intramedullary device,S72.0,4
208711000006119,Prim open reduct # neck femur & op fix - Neufield nail plate,S72.0,4
565211000006111,"Closed fracture, base of neck of femur",S72.0,4
207611000006114,Primary open reduction and internal fixation of proximal femoral fracture with screw/nail and plate device,S72.0,4
5462271000006119,Intracapsular fracture of neck of femur,S72.0,
567461000006115,Closed reduction of intracapsular fracture of neck of femur and internal fixation using a dynamic hip screw,S72.0,4
402874017,Closed fracture of neck of femur,S72.0,
210041000006119,Primary closed reduction and internal fixation of proximal femoral fracture with screw/nail and plate device,S72.0,4
210931000006111,Primary internal fixation(without reduction) of proximal femoral fracture with screw/nail and plate device,S72.0,4
319092017,"Closed fracture proximal femur, subcapital, Garden grade I",S72.0,4
208671000006118,Prim open reduct # neck femur & op fix - Blount nail plate,S72.0,4
4396061000006115,Extracapsular fracture of neck of femur,S72.0,
570541000006112,Closed fracture of intracapsular section of femur,S72.0,4
4843731000006114,Closed fracture of head of femur,S72.0,
319112019,"Open fracture proximal femur,subcapital, Garden grade IV",S72.0,
3513039018,Closed reduction of fracture of left femur and internal fixation using dynamic hip screw plate,S72.0,
208691000006117,Prim open reduct # neck femur & op fix - Jewett nail plate,S72.0,4
319095015,"Closed fracture proximal femur, subcapital, Garden grade IV",S72.0,4
319094016,"Closed fracture proximal femur, subcapital, Garden grade III",S72.0,4
319108013,"Open fracture proximal femur,subcapital, Garden grade unspec",S72.0,
570551000006114,"Cls # prox femur, subcapital, Garden grade unspec.",S72.0,4
210151000006118,Primary closed reduction and external fixation of proximal femoral fracture,S72.0,4
7585891000006118,Stress fracture of neck of femur,S72.0,
7701301000006118,Arthroscopic primary reduction and fixation of fracture of neck of femur using dynamic hip screw,S72.0,
208701000006117,Prim open reduct # neck femur & op fix - Massie nail plate,S72.0,4
208751000006118,Prim open reduct # neck femur & op fix - Thornton nail plate,S72.0,
208561000006112,Primary closed reduction and internal fixation of proximal femoral fracture with screw/nail and intramedullary device,S72.0,4
9869431000006114,Periprosthetic fracture of proximal femur,S72.0,
5572281000006119,Closed subcapital fracture of femur,S72.0,
208681000006115,Primary open reduction of fracture of neck of femur and open fixation using Holt nail,S72.0,4
2536030018,"Open fracture proximal femur, basicervical",S72.0,
2593871000006115,NOF - Fracture of neck of femur,S72.0,
6206851000006110,Closed fracture of hip,S72.0,
391393013,Hip fracture NOS,S72.0,4
319103016,"Open fracture proximal femur, midcervical section",S72.0,
570611000006114,Closed reduction and internal fixation of proximal femoral fracture with Richard's cannulated hip screw,S72.0,4
411306019,"Open fracture of femur, subcapital",S72.0,
1843951000006113,Primary open reduction of fracture of neck of femur and open fixation using proximal femoral nail antirotation,S72.0,
277185016,Closed reduction of fracture of hip,S72.0,4
259461000006112,Open fracture of head of femur,S72.0,
5462341000006115,Open fracture of base of neck of femur,S72.0,
1992361000006117,VTE risk assessment - hip fracture,S72.0,
208601000006112,Primary open reduction of fracture of neck of femur and open fixation using Charnley compression screw,S72.0,4
5460681000006115,Fracture dislocation of hip joint,S72.0,
319084014,"Closed fracture proximal femur, transcervical",S72.0,4
208741000006115,Primary open reduction of fracture of neck of femur and open fixation using Ross Brown nail,S72.0,4
5462301000006117,Basicervical fracture of neck of femur,S72.0,
4396081000006113,Trochanteric fracture of neck of femur,S72.0,
411305015,"Closed fracture of femur, subcapital",S72.0,4
5462261000006114,Subcapital fracture of neck of femur,S72.0,
319086011,"Closed fracture proximal femur, transepiphyseal",S72.0,4
7641311000006119,Closed reduction of fracture of femur and internal fixation using dynamic hip screw plate,S72.0,
208611000006110,Prim op red # nck femur & op fix- Zickel intramed nail plate,S72.0,4
319111014,"Open fracture proximal femur,subcapital, Garden grade III",S72.0,
207601000006111,Open reduction of fracture of femur with internal fixation,S72.0,4
208591000006116,Primary open reduction of fracture of neck of femur and open fixation using Deyerle multiple hip pinning,S72.0,4
5460721000006110,Fracture dislocation of foot joint,S72.0,
570621000006118,Closed reduction of fracture of proximal femur and internal fixation using bone screw,S72.0,4
2593861000006110,Fracture of hip,S72.0,
391394019,Open fracture base of neck of femur,S72.0,
299771000000110,"Closed fracture of femur, upper epiphysis",S72.0,4
391384012,Hip fracture,S72.0,4
4849551000006114,Closed fracture subluxation of hip joint,S72.0,
7641321000006110,Closed reduction and dynamic hip screw of fracture of femur,S72.0,
319100018,"Open fracture proximal femur, transcervical",S72.0,
319141011,Open fracture of femur,S72.0,
319145019,Open fracture of neck of femur,S72.0,
402869013,"Closed fracture proximal femur, other transcervical",S72.0,4
7956181000006115,Fracture of head of femur,S72.0,
6219701000006112,Open fracture of hip,S72.0,
210031000006112,Closed reduction of fracture of femur with internal fixation,S72.0,4
319109017,"Open fracture proximal femur,subcapital, Garden grade I",S72.0,
7585901000006119,Stress fracture of hip,S72.0,
6782131000006117,Pathological fracture of femur,S72.0,
319093010,"Closed fracture proximal femur, subcapital, Garden grade II",S72.0,4
208641000006114,Prim open red # neck femur & op fix - McLaughlin nail plate,S72.0,4
564491000006115,"Closed fracture proximal femur, transcervical, NOS",S72.0,4
632911000006110,Primary open reduction of fracture of neck of femur and open fixation using dynamic hip screw,S72.0,
319140012,Closed fracture of femur,S72.0,4
44341000006111,"Opn # proximal femur, intracapsular section, unspecified",S72.0,
2593851000006113,Femoral neck fracture,S72.0,
10843018,Fracture of neck of femur,S72.0,4
319110010,"Open fracture proximal femur,subcapital, Garden grade II",S72.0,
402871013,"Open fracture proximal femur, other transcervical",S72.0,
255691000006116,"Open fracture-subluxation, hip joint",S72.0,
564391000006113,Closed fracture of base of neck of femur,S72.0,4
3513041017,Closed reduction and dynamic hip screw of fracture of right femur,S72.0,
4849521000006117,Closed fracture dislocation of hip joint,S72.0,
210531000006116,Primary external fixation(without reduction) of proximal femoral fracture,S72.0,4
207591000006115,Primary open reduction and internal fixation of proximal femoral fracture with screw/nail and intramedullary device,S72.0,4
208731000006113,Primary open reduction of fracture of neck of femur and open fixation using Richards screw,S72.0,4
319090013,Closed fracture head of femur,S72.0,4
208721000006110,Prim open reduct # neck femur & op fix - Pugh nail plate,S72.0,4
9869421000006111,Periprosthetic fracture of hip,S72.0 ,
411308018,"Closed fracture of femur, lesser trochanter",S72.1,4
258471000006114,Open intertrochanteric fracture,S72.1,
319138019,Pertrochanteric fracture,S72.1,4
319118015,"Closed fracture of proximal femur, pertrochanteric",S72.1,4
5888201000006117,Fracture of greater trochanter,S72.1,
258191000006119,"Open fracture of proximal femur, pertrochanteric, NOS",S72.1,
570571000006116,"Cls # proximal femur, trochanteric section, unspecified",S72.1,4
570531000006119,"Cls # of proximal femur, pertrochanteric section, NOS",S72.1,4
319135016,"Open fracture proximal femur, intertrochanteric, comminuted",S72.1,
4396091000006111,Intertrochanteric fracture of femur,S72.1,
411307011,"Closed fracture of femur, greater trochanter",S72.1,4
4396071000006110,Pertrochanteric fracture of neck of femur,S72.1,
411309014,"Open fracture of femur, lesser trochanter",S72.1,
319133011,"Open fracture proximal femur, intertrochanteric, two part",S72.1,
411310016,"Open fracture of femur, greater trochanter",S72.1,
265421000006113,"Open # of proximal femur, trochanteric section, unspecified",S72.1,
319123015,"Closed fracture proximal femur, intertrochanteric, two part",S72.1,4
319128012,"Open fracture of proximal femur, pertrochanteric",S72.1,
570561000006111,"Closed fracture proximal femur, intertrochanteric, comminuted",S72.1,4
4396051000006117,Intertrochanteric fracture,S72.1,
562981000006117,Closed intertrochanteric fracture,S72.1,4
319124014,"Closed fracture proximal femur, subtrochanteric",S72.2,4
5462321000006110,Subtrochanteric fracture of femur,S72.2,
4843911000006117,Closed subtrochanteric fracture of femur,S72.2,
391392015,Subtrochanteric fracture,S72.2,4
319134017,"Open fracture proximal femur, subtrochanteric",S72.2,
7585971000006113,Stress fracture of femoral shaft,S72.3,
105741000006114,Thigh fracture NOS,S72.3,
3664921000006112,Fracture of thigh,S72.3,
1225039011,Closed fracture shaft of femur,S72.3,
1232781014,Open fracture shaft of femur,S72.3,
895731000006113,#Femur NOS,S72.3,
7641631000006115,Open reduction of fracture of femur and internal fixation using locking nail,S72.3,
319152017,"Closed fracture of shaft or unspecified part, NOS",S72.3,
319147010,Closed fracture of shaft of femur,S72.3,
90489010,Fracture of shaft of femur,S72.3,
319155015,"Open fracture of femur, shaft or unspecified part, NOS",S72.3,
895711000006119,#Shaft of femur,S72.3,
2605851000006117,Open fracture of shaft of femur,S72.3,
319162012,"Closed fracture distal femur, medial condyle",S72.4,
7066661000006117,Closed Salter-Harris type II fracture,S72.4,
391397014,"Closed fracture of femur, distal end",S72.4,
5462371000006111,Fracture of distal end of femur,S72.4,
5462451000006113,Supracondylar fracture femur,S72.4,
319171015,Open fracture of femoral condyle of femur,S72.4,
319163019,"Closed fracture distal femur, lateral condyle",S72.4,
319166010,Closed fracture of distal femur not otherwise specified,S72.4,
319164013,"Closed fracture distal femur, bicondylar (T-Y fracture)",S72.4,
1227400011,"Closed fracture distal femur, supracondylar",S72.4,
5462461000006110,Fracture of femoral condyle,S72.4,
7076041000006116,Closed Salter-Harris type II fracture of lower epiphysis of femur,S72.4,
319175012,"Open fracture distal femur, bicondylar (T-Y fracture)",S72.4,
319176013,"Open fracture distal femur, comminuted/intra-articular",S72.4,
391398016,"Open fracture of femur, distal end",S72.4,
319159014,"Closed fracture of distal femur, unspecified",S72.4,
319173017,"Open fracture distal femur, medial condyle",S72.4,
319174011,"Open fracture distal femur, lateral condyle",S72.4,
391396017,Fracture of lower end of femur,S72.4,
1234424019,"Open fracture distal femur, supracondylar",S72.4,
2998131000006111,Closed supracondylar fracture of femur,S72.4,
319165014,"Closed fracture distal femur, comminuted/intra-articular",S72.4,
319170019,"Open fracture distal femur, unspecified",S72.4,
319161017,"Closed fracture of femur, lower epiphysis",S72.4,
7339251000006119,Closed comminuted supracondylar fracture of femur,S72.4,
319172010,"Open fracture of femur, lower epiphysis",S72.4,
319160016,Closed fracture of femoral condyle of femur,S72.4,
319177016,Open fracture of distal femur not otherwise specified,S72.4,
222331000000113,Closed fracture of distal end of femur,S72.4,
3800941000006118,Open supracondylar fracture of femur,S72.4,
222341000000116,Open fracture distal femur,S72.4,
319340018,Multiple fractures of femur,S72.7,
319146018,Fracture of femur,S72.8,
299791000000114,"Open fracture of femur, upper epiphysis",S72.8,
325439014,[X]Fractures of other parts of femur,S72.8,
205371000006119,Primary open reduction and external fixation of femoral fracture,S72.9,
895721000006110,#Femur,S72.9,
319154016,"Open fracture of femur, unspecified part",S72.9,
391382011,Upper leg fracture NOS,S72.9,
319153010,"Open fracture of femur, shaft or unspecified part",S72.9,
402875016,"Closed fracture of femur, unspecified part",S72.9,
183865012,Closed reduction of fracture of femur,S72.9,
3095211000006115,Open reduction of fracture of femur,S72.9,
319180015,"Fracture of femur, NOS",S72.9,
319186014,"Closed fracture patella, vertical",S82.0,
255731000006112,"Open fracture-subluxation, knee joint",S82.0,
5460701000006117,Fracture dislocation of patellofemoral joint,S82.0,
319194019,"Fracture of patella, NOS",S82.0,
85039010,Fracture of patella,S82.0,
319191010,"Open fracture patella, distal pole",S82.0,
205051000006110,Primary open reduction of fracture of patella and fixation with tension band wiring,S82.0,
565871000006118,"Closed fracture-subluxation, patello-femoral joint",S82.0,
4849621000006118,Closed fracture subluxation of knee joint,S82.0,
565841000006114,"Closed fracture subluxation, knee joint",S82.0,
565521000006117,"Closed fracture dislocation, patellofemoral joint",S82.0,
2693040014,Closed fracture of bone of knee joint,S82.0,
4849601000006111,Open fracture dislocation of knee joint,S82.0,
793911000006117,Fracture dislocation or subluxation knee,S82.0,
5460691000006117,Fracture dislocation of knee joint,S82.0,
895741000006115,#Patella,S82.0,
256141000006110,"Open fracture dislocation, knee joint",S82.0,
565491000006119,"Closed fracture dislocation, knee joint",S82.0,
2694503015,Open fracture of bone of knee joint,S82.0,
5460941000006117,Fracture subluxation of patellofemoral joint,S82.0,
5460931000006110,Fracture subluxation of knee joint,S82.0,
319182011,"Closed fracture patella, proximal pole",S82.0,
7082201000006118,Closed osteochondral fracture of patella,S82.0,
563861000006112,Closed fracture of patella,S82.0,
319188010,"Closed fracture patella, comminuted (stellate)",S82.0,
256181000006116,"Open fracture-dislocation, patello-femoral joint",S82.0,
3327021000006117,Fracture of knee-cap,S82.0,
291981000006119,#Knee-cap,S82.0,
4849581000006118,Closed fracture dislocation of knee joint,S82.0,
7488931000006113,Open reduction of fracture of patella with internal fixation,S82.0,
319193013,"Open fracture patella, comminuted (stellate)",S82.0,
319181016,"Closed fracture patella, transverse",S82.0,
4849651000006110,Closed fracture dislocation of patellofemoral joint,S82.0,
255771000006110,"Open fracture-subluxation, patello-femoral joint",S82.0,
319190011,"Open fracture patella, proximal pole",S82.0,
319183018,"Closed fracture patella, distal pole",S82.0,
319189019,"Open fracture patella, transverse",S82.0,
319192015,"Open fracture patella, vertical",S82.0,
277186015,Closed reduction of fracture of knee,S82.0,
4849681000006119,Closed fracture subluxation of patellofemoral joint,S82.0,
257771000006115,Open fracture of patella,S82.0,
319204018,"Closed fracture tubercle, tibia",S82.1,
2822151000006119,Closed reduction of fracture of tibia,S82.1,
319213016,"Open fracture proximal tibia, lateral condyle (plateau)",S82.1,
319214010,"Open fracture proximal tibia, bicondylar",S82.1,
319212014,"Open fracture proximal tibia, medial condyle (plateau)",S82.1,
12220971000006118,Closed fracture of tibial spine,S82.1,
4198221000006113,Closed fracture of upper end of lower leg,S82.1,
563891000006116,Closed fracture of upper end of tibia,S82.1,
391403015,Open fracture of tibial condyles,S82.1,
564111000006118,Closed fracture of condyle of tibia,S82.1,
319216012,"Open fracture tubercle, tibia",S82.1,
257801000006118,Open fracture proximal tibia,S82.1,
7598421000006113,Closed fracture of physis of proximal tibia,S82.1,
1727761000006116,Fracture of tibial plateau,S82.1,
12221011000006118,Open fracture tibial spine,S82.1,
12220991000006117,Open fracture intercondylar spine of tibia,S82.1,
34376013,Fracture of upper end of tibia,S82.1,
5656601000006118,Fracture of tibial spine,S82.1,
1727771000006111,Open fracture of tibial plateau,S82.1,
4198251000006116,Open fracture of upper end of tibia,S82.1,
319201014,"Closed fracture proximal tibia, lateral condyle (plateau)",S82.1,
3515145014,Metaphyseal fracture of upper end of tibia,S82.1,
319202019,"Closed fracture proximal tibia, bicondylar",S82.1,
7093881000006117,Closed fracture of tibial plateau,S82.1,
12220961000006113,Closed fracture intercondylar spine of tibia,S82.1,
1756451000006110,Fracture of tibial plateau,S82.1,
319200010,"Closed fracture proximal tibia, medial condyle (plateau)",S82.1,
391401018,Closed fracture of tibial tuberosity,S82.1,
1668051000000112,Open fracture of tibial plateau,S82.1,
319203012,"Closed fracture spine, tibia",S82.1,
319215011,"Open fracture spine, tibia",S82.1,
391402013,Open fracture of tibial tuberosity,S82.1,
12221001000006116,Open fracture tibial eminence,S82.1,
3624951000006110,Fracture of upper end of lower leg,S82.1,
989561000006119,#Tibia alone,S82.2,
7268201000006111,Open fixation of fracture of shaft of tibia using intramedullary implant,S82.2,
319246010,Open fracture of tibia,S82.2,
895781000006114,#Tibia alone,S82.2,
2854201000006115,Open fracture of shaft of tibia,S82.2,
12536011,Fracture of shaft of tibia,S82.2,
1222720019,Open fracture shaft of tibia,S82.2,
564861000006114,Closed fracture of shaft of tibia,S82.2,
564101000006116,"Closed fracture of tibia or fibula, shaft",S82.2,
277187012,Closed reduction of fracture of tibia and/or fibula,S82.2,
53428014,Fracture of tibia,S82.2,
12484061000006111,"Closed fracture of tibia or fibula, shaft",S82.2,
3311091000006116,Open reduction of fracture of tibia with internal fixation,S82.2,
319241017,Closed fracture of tibia,S82.2,
257211000006119,"Open fracture of tibia or fibula, shaft",S82.2,
7333051000006114,Open pilon fracture,S82.3,
5462511000006113,Pilon fracture,S82.3,
415489016,Fracture of lower end of tibia,S82.3,
319231015,"Open fracture distal tibia, extra-articular",S82.3,
5462531000006119,Tilleau fracture,S82.3,
319232010,"Open fracture distal tibia, intra-articular",S82.3,
319229012,"Closed fracture distal tibia, intra-articular",S82.3,
5652741000006114,Fracture of posterior malleolus,S82.3,
319230019,Open fracture distal tibia,S82.3,
319228016,"Closed fracture distal tibia, extra-articular",S82.3,
319227014,Closed fracture distal tibia,S82.3,
420143018,Weber type B fracture,S82.4,
1219675016,Open fracture shaft of fibula,S82.4,
3872081000006117,Open reduction of fracture of fibula with internal fixation,S82.4,
2847761000006117,Fracture of upper end of fibula,S82.4,
2955351000006115,Closed fracture of head of fibula,S82.4,
895771000006111,#Fibula alone,S82.4,
319217015,"Open fracture fibula, head",S82.4,
7333611000006115,Open fracture of fibula,S82.4,
3765931000006116,Closed fracture of shaft of fibula,S82.4,
632621000006112,"Dupuytren's fracture, fibula",S82.4,
5652751000006111,Fracture of head of fibula,S82.4,
319218013,"Open fracture fibula, neck",S82.4,
3596471000006116,Fracture of shaft of fibula,S82.4,
3468781000006119,Closed fracture of upper end of fibula,S82.4,
3467351000006110,Open fracture of upper end of fibula,S82.4,
1234168013,Closed fracture shaft of fibula,S82.4,
5462541000006112,Fracture of distal end of fibula,S82.4,
420141016,Weber fracture types,S82.4,
2857131000006110,Closed reduction of fracture of fibula,S82.4,
319247018,"Open fracture of fibula, unspecified part, NOS",S82.4,
1225880017,"Closed fracture fibula, head",S82.4,
3517970011,Avulsion fracture of anterior fibula,S82.4,
7265681000006113,Stress fracture of fibula,S82.4,
319205017,"Closed fracture fibula, neck",S82.4,
1231985013,Closed fracture proximal fibula,S82.4,
451471011,Closed fracture of distal fibula,S82.4,
319242012,Closed fracture of fibula,S82.4,
792711000006112,Fracture of fibula,S82.4,
5652761000006113,Fracture of neck of fibula,S82.4,
1231972010,Open fracture proximal fibula,S82.4,
451079015,Open fracture of distal fibula,S82.4,
2847771000006112,Fracture of proximal end of fibula,S82.4,
2606951000006119,Closed trimalleolar fracture,S82.5,
3968511000006117,Open trimalleolar fracture,S82.5,
1232867019,"Closed fracture ankle, trimalleolar",S82.5,
319265019,"Closed fracture ankle, trimalleolar, low fibular fracture",S82.5,
2744121000006115,Closed fracture of medial malleolus,S82.5,
895811000006111,#Ankle - trimalleolar,S82.5,
5462571000006116,Fracture of medial and lateral malleoli,S82.5,
989611000006116,#Ankle - trimalleolar,S82.5,
561441000006114,Closed bimalleolar fracture,S82.5,
1221187014,"Closed fracture ankle, medial malleolus",S82.5,
7241131000006114,Open reduction of trimalleolar fracture of ankle with internal fixation,S82.5,
1225141010,"Open fracture ankle, bimalleolar",S82.5,
5652731000006116,Ankle fracture - medial malleolus,S82.5,
319261011,"Closed fracture ankle, bimalleolar, low fibular fracture",S82.5,
4358311000006113,Trimalleolar fracture,S82.5,
989581000006112,#Ankle - medial malleolus,S82.5,
1235556018,"Open fracture ankle, trimalleolar",S82.5,
1231346013,"Open fracture ankle, medial malleolus",S82.5,
319267010,"Open fracture ankle, trimalleolar, low fibular fracture",S82.5,
895841000006110,#Ankle - medial malleolus,S82.5,
319266018,"Closed fracture ankle, trimalleolar, high fibular fracture",S82.5,
2930921000006118,Open bimalleolar fracture,S82.5,
419562016,Fracture of medial malleolus,S82.5,
319268017,"Open fracture ankle, trimalleolar, high fibular fracture",S82.5,
3384911000006110,Open fracture of medial malleolus,S82.5,
319264015,"Open fracture ankle, bimalleolar, high fibular fracture",S82.5,
420144012,Weber type A fracture,S82.6,
319254012,"Open fracture ankle, lateral malleolus, low",S82.6,
222361000000115,Pott's fracture of ankle,S82.6,
27272011,Fracture of ankle,S82.6,
255641000006113,"Open fracture-subluxation, ankle joint",S82.6,
319255013,"Open fracture ankle, lateral malleolus, high",S82.6,
793871000006115,Fracture dislocation or subluxation ankle,S82.6,
5460711000006119,Fracture dislocation of ankle joint,S82.6,
895861000006114,Fracture Left Ankle,S82.6,
319253018,"Closed fracture ankle, lateral malleolus, high",S82.6,
5460951000006115,Fracture subluxation of ankle joint,S82.6,
319272018,Open fracture of ankle,S82.6,
565421000006116,"Closed fracture dislocation, ankle joint",S82.6,
2755531000006112,Ankle fracture,S82.6,
895871000006119,#Ankle - NOS,S82.6,
319252011,"Closed fracture ankle, lateral malleolus, low",S82.6,
419567010,Fracture of lateral malleolus,S82.6,
966701000006118,Primary open reduction of fracture of ankle and complex extramedullary fixation,S82.6,
966691000006118,Primary open reduction of fracture of ankle and extramedullary fixation,S82.6,
1228159014,"Closed fracture ankle, lateral malleolus",S82.6,
420142011,Weber type C fracture,S82.6,
2573541000006116,Open fracture of lateral malleolus,S82.6,
1230391011,"Open fracture ankle, lateral malleolus",S82.6,
989591000006110,#Ankle - lateral malleolus,S82.6,
991041000006113,#Ankle - NOS,S82.6,
4849731000006112,Open fracture dislocation of ankle joint,S82.6,
565751000006117,"Closed fracture-subluxation, ankle joint",S82.6,
319273011,"Fracture of ankle, NOS",S82.6,
256061000006110,"Open fracture dislocation, ankle joint",S82.6,
277188019,Closed reduction of fracture of ankle,S82.6,
3051871000006115,Closed fracture of lateral malleolus,S82.6,
895851000006112,#Ankle,S82.6,
5652781000006115,Ankle fracture - lateral malleolus,S82.6,
319271013,Closed fracture of ankle,S82.6,
4849711000006118,Closed fracture dislocation of ankle joint,S82.6,
895831000006117,#Ankle - lateral malleolus,S82.6,
564071000006114,Closed fracture of tibia AND fibula,S82.7,
895801000006113,#Tibia/fibula NOS,S82.7,
257921000006119,Open fracture of upper end of lower leg,S82.7,
319219017,"Open fracture of tibia and fibula, proximal NOS",S82.7,
895761000006116,#Tibia/fibula - upper end,S82.7,
319341019,Multiple fractures of lower leg,S82.7,
1726531000006117,"Closed fracture of tibia and fibula, distal",S82.7,
319250015,"Fracture of tibia and fibula, NOS",S82.7,
2533505017,Fracture of tibia AND fibula,S82.7,
564031000006111,"Closed fracture of tibia and fibula, proximal NOS",S82.7,
319225018,"Open fracture of tibia and fibula, shaft",S82.7,
364017010,"Closed fracture of tibia and fibula, proximal",S82.7,
319243019,"Closed fracture of tibia and fibula, unspecified part",S82.7,
319248011,Open fracture of tibia AND fibula,S82.7,
319226017,"Open fracture of tibia and fibula, shaft, NOS",S82.7,
319223013,"Closed fracture of tibia and fibula, shaft, NOS",S82.7,
7306131000006116,"Open fracture of tibia and fibula, distal",S82.7,
1726541000006110,"Open fracture of tibia and fibula, distal",S82.7,
7306111000006110,Open fracture of distal tibia and distal fibula,S82.7,
875681000006111,Closed reduction-#tibia/fibula,S82.7,
257181000006118,"Open fracture of tibia and fibula, unspecified part, NOS",S82.7,
402876015,"Closed fracture of tibia and fibula, unspecified part, NOS",S82.7,
564011000006117,"Closed fracture of tibia and fibula, proximal",S82.7,
2848821000006117,Closed reduction of fracture of tibia and fibula,S82.7,
1175081000000117,Closed fracture of distal tibia and fibula,S82.7,
7307671000006112,Closed fracture of distal tibia and distal fibula,S82.7,
1175111000000113,Open fracture of distal tibia and fibula,S82.7,
2755521000006114,Fracture of distal end of tibia and fibula,S82.7,
895751000006118,#Tibia/fibula - shaft,S82.7,
319249015,"Open fracture of tibia and fibula, unspecified part, NOS",S82.7,
3703221000006112,Open reduction of fracture of tibia and fibula with internal fixation,S82.7,
895791000006112,#Tibia/fibula,S82.7,
5526331000006114,Fracture of shaft of tibia and fibula,S82.7,
319222015,"Closed fracture of tibia and fibula, shaft",S82.7,
989571000006114,#Tibia/fibula - shaft,S82.7,
257931000006116,"Open fracture of tibia and fibula, proximal",S82.7,
4844371000006110,"Open fracture of tibia and/or fibula, shaft",S82.7,
5462551000006114,Bimalleolar fracture of ankle,S82.7,
325450012,[X]Fractures of other parts of lower leg,S82.8,
895821000006115,#Ankle - bimalleolar - Potts #,S82.8,
319262016,"Closed fracture ankle, bimalleolar, high fibular fracture",S82.8,
319263014,"Open fracture ankle, bimalleolar, low fibular fracture",S82.8,
391381016,Lower leg fracture NOS,S82.9,
499624016,Closed reduction # leg,S82.9,
792901000006112,"Fracture of lower leg, part unspecified",S82.9,
325460015,Fracture of lower leg,S82.9,
2533503012,Closed fracture of lower leg,S82.9,
1230401019,Leg fracture,S82.9,
2533507013,Open fracture of lower leg,S82.9 ,
895881000006116,#Calcaneus - heel,S92.0,
7082181000006119,Open tongue-type intra-articular fracture of calcaneus,S92.0,
391416015,Heel bone fracture,S92.0,
3551811000006110,Closed fracture of heel bone,S92.0,
319283010,"Closed fracture calcaneus, extra-articular",S92.0,
3255471000006111,Reduction of closed calcaneal fracture with manipulation and skeletal fixation,S92.0,
41818011,Open fracture of calcaneus,S92.0,
391414017,Fracture of calcaneus,S92.0,
319284016,"Closed fracture calcaneus, intra-articular",S92.0,
7251851000006112,Stress fracture of calcaneus,S92.0,
319285015,"Open fractures calcaneus, extra-articular",S92.0,
5462611000006114,Fracture of os calcis,S92.0,
222381000000112,Os calcis fracture,S92.0,
3551821000006119,Closed fracture of os calcis,S92.0,
107463010,Closed fracture of calcaneus,S92.0,
319286019,"Open fractures calcaneus, intra-articular",S92.0,
319307010,"Open fracture talus, body",S92.1,
391413011,Fracture of talus,S92.1,
319293015,"Closed fracture talus, head",S92.1,
255791000006111,"Open fracture-subluxation, subtalar joint",S92.1,
5658461000006115,Hawkins fracture types,S92.1,
319294014,"Closed fracture talus, neck",S92.1,
132104018,Closed fracture of talus,S92.1,
565541000006112,"Closed fracture-dislocation, subtalar joint",S92.1,
6701012,Open fracture of talus,S92.1,
1231287012,Open fracture medial cuneiform,S92.1,
319305019,"Open fracture talus, head",S92.1,
7106811000006113,Fracture of posterior process of talus,S92.1,
256201000006115,"Open fracture-dislocation, subtalar joint",S92.1,
319306018,"Open fracture talus, neck",S92.1,
132103012,Closed fracture of astragalus,S92.1,
4849791000006111,Closed fracture dislocation of subtalar joint,S92.1,
319295010,"Closed fracture talus, body",S92.1,
565891000006117,"Closed fracture-subluxation, subtalar joint",S92.1,
5462641000006113,Fracture of cuboid,S92.2,
255761000006115,"Open fracture-subluxation, midtarsal joint",S92.2,
3181871000006118,Closed fracture of cuneiform bone of foot,S92.2,
5652791000006117,Fracture of cuneiform,S92.2,
1225102013,Open fracture cuboid,S92.2,
895891000006118,#Tarsal/metatarsal bone NOS,S92.2,
319313018,"Open tarsal fractures, multiple",S92.2,
565551000006114,"Closed fracture-dislocation, tarsometatarsal joint",S92.2,
6700013,Open fracture of astragalus,S92.2,
2656231000006114,Closed fracture of cuboid bone of foot,S92.2,
256171000006119,"Open fracture-dislocation, midtarsal joint",S92.2,
319292013,Closed fracture of tarsal bone,S92.2,
1229848013,Closed fracture of cuneiforms,S92.2,
1232935018,Closed fracture medial cuneiform,S92.2,
1232866011,Open fracture lateral cuneiform,S92.2,
319304015,"Open fracture of tarsal bone, unspecified",S92.2,
1229819019,Closed fracture lateral cuneiform,S92.2,
1233864019,Closed fracture navicular,S92.2,
4849821000006119,Closed Lisfranc fracture dislocation,S92.2,
1230293011,Open fracture cuneiforms,S92.2,
991051000006110,#Tarsal/metatarsal bone NOS,S92.2,
4849931000006114,Open Lisfranc fracture dislocation,S92.2,
3176631000006117,Closed fracture of lateral cuneiform bone of foot,S92.2,
107341000006118,Tarsal bone fracture,S92.2,
325468010,Fracture of tarsal bone,S92.2,
3515632014,Fracture of medial cuneiform,S92.2,
1223016015,Open fracture intermediate cuneiform,S92.2,
1233578010,Open fracture navicular,S92.2,
565861000006113,"Closed fracture-subluxation, midtarsal joint",S92.2,
565511000006113,"Closed fracture-dislocation, midtarsal joint",S92.2,
3687721000006119,Open fracture of navicular bone of foot,S92.2,
1235997015,Closed fracture cuboid,S92.2,
3596981000006111,Closed fracture of medial cuneiform bone of foot,S92.2,
1223219019,Closed fracture intermediate cuneiform,S92.2,
391420016,Metatarsal bone fracture,S92.3,
875691000006114,Closed reduction-# metatarsus,S92.3,
319309013,Open fracture metatarsal shaft,S92.3,
319311016,Open fracture metatarsal head,S92.3,
3094961000006113,Closed fracture of metatarsal bone,S92.3,
565901000006118,"Closed fracture-subluxation, tarsometatarsal joint",S92.3,
319298012,Closed fracture metatarsal neck,S92.3,
5462651000006110,Fracture of bone of forefoot,S92.3,
4849811000006110,Closed fracture dislocation of tarsometatarsal joint,S92.3,
256211000006117,"Open fracture-dislocation, tarsometatarsal joint",S92.3,
319308017,Open fracture metatarsal base,S92.3,
4198291000006110,Closed fracture of third metatarsal bone,S92.3,
391423019,March fracture,S92.3,
255801000006112,"Open fracture-subluxation, tarsometatarsal joint",S92.3,
3761911000006112,Open fracture of metatarsal bone,S92.3,
255751000006117,"Open fracture-subluxation, metatarsophalangeal joint, single",S92.3,
1228726016,Closed fracture metatarsal,S92.3,
256161000006114,"Open fracture-dislocation, metatarsophalangeal joint, single",S92.3,
1234127016,Open fracture metatarsal,S92.3,
319299016,Closed fracture metatarsal head,S92.3,
319310015,Open fracture metatarsal neck,S92.3,
2645979015,Open fracture of base of fifth metatarsal,S92.3,
277189010,Closed reduction of fracture of metatarsus,S92.3,
4850041000006110,Closed fracture subluxation of single metatarsophalangeal joint,S92.3,
559901000006114,"Closed #-dislocation, metatarsophalangeal joint, single",S92.3,
559941000006111,"Closed #-subluxation, metatarsophalangeal joint, single",S92.3,
312321000000110,Closed fracture of base of fifth metatarsal bone,S92.3,
5462681000006119,Fracture of base of fifth metatarsal,S92.3,
7251761000006116,Stress fracture of metatarsal bone,S92.3,
319296011,Closed fracture metatarsal base,S92.3,
391421017,Fracture of metatarsal bone,S92.3,
319297019,Closed fracture metatarsal shaft,S92.3,
2605121000006115,Closed reduction of fracture of tarsal or metatarsal,S92.3,
319328018,Fracture of great toe,S92.4,
7587851000006115,Closed fracture of proximal phalanx of great toe,S92.4,
7504281000006119,Closed fracture of distal phalanx of great toe,S92.4,
455451013,Closed fracture of great toe,S92.4,
7587521000006114,Open fracture of distal phalanx of great toe,S92.4,
1222629012,Toe fracture,S92.4,
277191019,Closed reduction of fracture of hallux,S92.4,
455452018,Open fracture of great toe,S92.4,
319324016,"Open fracture proximal phalanx, toe",S92.5,
3826441000006119,Closed fracture of phalanx of foot,S92.5,
319327011,"Open fracture multiple phalanges, toe",S92.5,
3709311000006110,Open fracture of toe,S92.5,
5460731000006113,Fracture dislocation of toe joint,S92.5,
3826451000006117,Closed fracture of toe,S92.5,
319326019,"Open fracture distal phalanx, toe",S92.5,
44331000006118,"Opn # mid/prox phalanx or phalanges, unspecified part",S92.5,
563371000006110,Closed fracture of phalanx of toe,S92.5,
319331017,Fracture of toe,S92.5,
7585821000006115,Stress fracture of toe,S92.5,
319332012,Fracture of phalanx of foot,S92.5,
256131000006117,"Open fracture dislocation, interphalangeal joint, single toe",S92.5,
565481000006117,"Closed fracture dislocation, interphalangeal joint, single toe",S92.5,
895901000006119,#Phalanges of foot - toe,S92.5,
3709301000006112,Open fracture of phalanx of foot,S92.5,
567411000006118,Closed reduction of fracture of phalanx of foot,S92.5,
570931000006114,Closed fracture of phalanx of finger,S92.5,
5901961000006110,Closed fracture dislocation of interphalangeal joint of toe,S92.5,
565831000006116,"Closed fracture-subluxation, IPJ, single toe",S92.5,
255721000006114,"Open fracture-subluxation, IPJ, single toe",S92.5,
319320013,"Closed fracture middle phalanx, toe",S92.5,
319325015,"Open fracture middle phalanx, toe",S92.5,
258091000006115,Open fracture of phalanx of toe,S92.5,
319322017,"Closed fracture multiple phalanges, toe",S92.5,
319319019,"Closed fracture proximal phalanx, toe",S92.5,
4849951000006119,Open fracture dislocation of interphalangeal joint of single toe,S92.5,
570521000006117,"Cls # distal phalanx or phalanges, unspecified part",S92.5,
44321000006116,"Opn # distal phalanx or phalanges, unspecified part",S92.5,
319321012,"Closed fracture distal phalanx, toe",S92.5,
793141000006115,Fracture of phalanx of toe,S92.5,
3170691000006115,Closed fractures of tarsal AND metatarsal bones,S92.7,
256121000006115,"Open fracture-dislocation, IPJ, multiple toes",S92.7,
402877012,Fracture of one or more tarsal and metatarsal bones,S92.7,
565821000006119,"Closed fracture-subluxation, IPJ, multiple toes",S92.7,
319318010,Fracture of tarsal and metatarsal bones NOS,S92.7,
559931000006118,"Closed #-subluxation, metatarsophalangeal joint, multiple",S92.7,
559891000006110,"Closed #-dislocation, metatarsophalangeal joint, multiple",S92.7,
265431000006111,"Open #-dislocation, metatarsophalangeal joint, multiple",S92.7,
4850161000006113,Open fracture subluxation of interphalangeal joint of multiple toes,S92.7,
563401000006113,Closed fracture of one or more tarsal and metatarsal bones,S92.7,
2808151000006112,Debridement of open fracture of foot,S92.7,
319314012,Open fracture of tarsal and metatarsal bones NOS,S92.7,
4849871000006118,Closed fracture dislocation of interphalangeal joint of multiple toes,S92.7,
319342014,Multiple fractures of foot,S92.7,
319300012,"Closed fracture metatarsal, multiple",S92.7,
319301011,"Closed tarsal fractures, multiple",S92.7,
319312011,"Open fracture metatarsal, multiple",S92.7,
319303014,Open fracture of other tarsal and metatarsal bones,S92.7,
402878019,Closed fracture of other tarsal and metatarsal bones,S92.7,
4850081000006116,Closed fracture subluxation of interphalangeal joint of multiple toes,S92.7,
565471000006115,"Closed fracture-dislocation, IPJ, multiple toes",S92.7,
255711000006118,"Open fracture-subluxation, IPJ, multiple toes",S92.7,
4850091000006118,Open fracture subluxation of foot,S92.9,
565281000006116,Closed fracture dislocation foot,S92.9,
565791000006111,"Closed fracture subluxation, foot",S92.9,
255681000006119,"Open fracture-subluxation, foot",S92.9,
4849991000006113,Closed fracture subluxation of foot,S92.9,
793891000006119,Fracture dislocation or subluxation foot,S92.9,
470290012,Closed fracture of foot,S92.9,
4849881000006115,Open fracture dislocation of foot,S92.9,
256091000006119,"Open fracture dislocation, foot",S92.9,
492641015,Open fracture of foot,S92.9,
2747081000006110,Fracture of foot,S92.9,
2571241000006119,Closed reduction of fracture of foot,S92.9,
325243011,Fractures involving multiple body regions,T02,
455486010,Open fractures involving head with neck,T02.0,
325244017,Fractures involving head with neck,T02.0,
455485014,Closed fractures involving head with neck,T02.0,
325247012,Fractures involving thorax with lower back and pelvis,T02.1,
792411000006118,Fractures involving thorax with lower back and pelvis with limb(s),T02.1,
494318018,Multiple fractures of arm,T02.2,
565921000006111,Closed fractures involving multiple regions of one upper limb,T02.2,
3488311000006111,Closed fracture of multiple bones of upper limb,T02.2,
325248019,Fractures involving multiple regions of one upper limb,T02.2,
3237661000006112,Fracture of multiple bones of upper limb,T02.2,
253061000006117,Closed fractures of multiple bones of lower limb,T02.3,
319337018,Fractures of multiple bones of lower limb,T02.3,
325251014,Fractures involving multiple regions of one lower limb,T02.3,
319075014,Fractures involving multiple regions of both upper limbs,T02.4,
265381000006115,Open fractures involving multiple regions of both upper limbs,T02.4,
557941000006115,Closed fractures involving multiple regions of both upper limbs,T02.4,
319339015,Open fracture of multiple bones of lower limb,T02.5,
325252019,Fractures involving multiple regions of both lower limbs,T02.5,
559801000006115,Closed fractures involving multiple regions of both lower limbs,T02.5,
557951000006118,Closed fractures involving multiple regions upper with lower limb,T02.6,
792401000006116,Fractures involing multiple regions of upper limb(s) with lower limb(s),T02.6,
562351000006114,Closed fracture involving thorax wth lower back and pelvis and limbs,T02.7,
259481000006119,Open fracture involving thorax wth lower back and pelvis and limbs,T02.7,
318740013,"Closed fracture scapula, neck",T02.8,
695771000006119,Multiple fractures involving skull/face with other bones NOS,T02.8,
696421000006117,"Multiple fractures involving both upper limbs, and upper limb with rib(s) and sternum",T02.8,
696451000006114,Multiple #upper limbs & upper limb with rib + sternum NOS,T02.8,
318602018,"Fracture of rib(s), sternum, larynx and trachea",T02.8,
402851016,"Fracture of rib(s), sternum, larynx or trachea NOS",T02.8,
318344018,Fracture of neck and trunk,T02.8,
254521000006118,"Open multiple fractures involving both upper limbs, and upper limb with rib(s) and sternum",T02.8,
696431000006119,"Multiple #both legs, leg + arm ,leg + rib + sternum",T02.8,
318729017,Fracture of neck and trunk NOS,T02.8,
696351000006119,"Multiple closed #both legs, leg + arm, leg + rib + sternum",T02.8,
325485012,[X]Fractures involving other combinations of body regions,T02.8,
696441000006112,"Multiple #both legs, leg + arm, leg + rib + sternum NOS",T02.8,
695611000006115,"Multiple open #both legs, leg + arm, leg + rib + sternum",T02.8,
566791000006117,"Closed multiple fractures involving both upper limbs, and upper limb with rib(s) and sternum",T02.8,
981341000006114,Fractures,T02.9,
2586851000006116,"Fracture, multiple",T02.9,
895921000006112,Fractures,T02.9,
895911000006116,Multiple fractures,T02.9,
455508011,[X]Closed multiple fractures unspecified,T02.9,
875621000006112,Operation for multiple #,T02.9,
455736015,Multiple fractures,T02.9,
455509015,[X]Open multiple fractures unspecified,T02.9,
989621000006112,Multiple fractures,T02.9,
1682801000000118,Removal of fracture fixation device from spine,T08,
411017011,Other reduction of fracture of spine and stabilisation,T08,
276560013,Other reduction of fracture of spine NOS,T08,
394586014,Other reduction of fracture of spine,T08,
318601013,Fracture of vertebral column with spinal cord injury,T08,
12057191000006112,Burst fracture,T08,
205481000006113,Primary open reduction spinal fracture and cast stabilisation,T08,
3192381000006119,Compression fracture of spine,T08,
503551000006112,Barr skull traction for fracture of spine,T08,
205441000006119,Primary opn reduc spinal fracture+other external stabilisatn,T08,
895311000006115,#Spine NOS - no cord lesion,T08,
4684881000006117,Manipulation of spinal fracture,T08,
7312801000006116,Fracture of body of vertebra,T08,
4424191000006115,Closed reduction of fracture of vertebral body,T08,
402850015,Fracture of spine with spinal cord lesion,T08,
3317001000006117,Fractured spine,T08,
276474015,Decompression of fracture of spine NOS,T08,
3192371000006117,Compression fracture of vertebral column,T08,
276543015,Primary open reduction spinal fracture and external fixation,T08,
698931000006114,Manipulative reduction of fracture of spine,T08,
312617013,Fracture of vertebral column,T08,
276495013,Primary external fixation stabilisation of spinal fracture,T08,
276487014,Primary bedrest stabilisation of spinal fracture,T08,
402831015,Fracture of vertebra without spinal cord lesion,T08,
3316961000006117,Fracture of spine,T08,
210141000006115,Primary closed reduction spinal fracture and external fixation,T08,
210061000006115,Primary cls reduct spinal fracture+oth external stabilisatn,T08,
276492011,Primary cast stabilisation of spinal fracture,T08,
3316991000006113,Fracture of vertebra,T08,
793671000006119,Fracture of transverse process of spine with spinal cord lesion,T08,
276481010,Open reduction of fracture of spine NEC,T08,
3860841000006110,Fracture of transverse process of vertebra,T08,
276566019,Fixation of fracture of spine using Harrington rod,T08,
204941000006113,Primary open reduction spinal fracture and internal fixation with segmental wire system,T08,
411019014,Internal fixation of fracture of spine,T08,
276470012,Posterior decompression of fracture of spine,T08,
43041000006111,Open reduction of fracture of spine and excision of facet of spine,T08,
205471000006110,Primary open reduction spinal fracture and bedrest stabilisation,T08,
5964821000006114,Anterior wedge fracture of vertebra,T08,
204951000006110,Primary open reduction spinal fracture and internal fixation with internal fixator,T08,
793681000006116,Fracture of transverse process of spine without spinal cord lesion,T08,
375761000000118,Posterior decompression of fracture of spine NEC,T08,
276583011,Fixation of fracture of spine NOS,T08,
6048931000006112,Burst fracture of vertebra,T08,
318600014,Open fracture of spine with spinal cord lesion unspecified,T08,
318495015,Fracture of spine without mention of spinal cord lesion NOS,T08,
370001000000111,Vertebroplasty of fracture of spine,T08,1
204981000006119,Primary open reduction spinal fracture and internal fixation with wire,T08,
3316971000006112,Spinal fracture,T08,
210051000006117,Primary closed reduction spinal fracture and skull traction stabilisation,T08,
204971000006117,Primary open reduction spinal fracture and internal fixation with rod system,T08,
276471011,Other specified decompression of fracture of spine,T08,
276467013,Decompression of fracture of spine,T08,
276534012,Primary open reduction spinal fracture alone,T08,
761191000006114,Fixation of spinal fracture,T08,
2674037014,Balloon kyphoplasty of fracture of spine,T08,1
5460461000006111,Fracture dislocation of spine,T08,
276468015,Complex decompression of fracture of spine,T08,
276559015,Other specified other reduction of fracture of spine,T08,
276485018,Spinal traction for fracture of spine NEC,T08,
276582018,Other specified fixation of fracture of spine,T08,
204961000006112,Primary open reduction spinal fracture and internal fixation with plate,T08,
276469011,Anterior decompression of fracture of spine,T08,
210121000006110,Primary closed reduction spinal fracture and cast stabilisation,T08,
204991000006116,Primary open reduc spinal fracture+other internal fix,T08,
402849015,Fracture of vertebra with spinal cord lesion,T08,
210111000006119,Primary closed reduction spinal fracture and bedrest stabilisation,T08,
276510019,Primary closed reduction spinal fracture alone,T08,
402832010,Fracture of spine without mention of spinal cord injury,T08,
276496014,Primary other external stabilisation of spinal fracture,T08,
276483013,Spinal extension traction for fracture of spine,T08,
318493010,Closed fracture of vertebral column,T08,
318562011,Closed spinal fracture with cauda equina lesion,T08,
318494016,Open fracture of vertebral column,T08,
506042015,Closed reduction of fracture of upper limb,T10,
319057013,Ill-defined fractures of upper limb,T10,
319059011,Closed ill-defined fractures of upper limb,T10,
875741000006111,Upper limb #-closed reduct.NOS,T10,
319079015,"Fracture of upper limb, level unspecified",T10,
319080017,Fracture of upper limb NOS,T10,
2873301000006110,Fracture of bone of upper limb,T10,
4063301000006110,Metaphyseal fracture of bone of upper limb,T10,
5460531000006115,Fracture dislocation of joint of upper limb,T10,
319062014,Open ill-defined fractures of upper limb,T10,
319063016,Ill-defined fractures of upper limb NOS,T10,
39287017,Fracture of upper limb,T10,
319333019,Fracture of lower limb,T12,
455454017,"Open fracture of lower limb, level unspecified",T12,
78112010,Fracture of bone of lower limb,T12,
39246018,Stress fracture,T12,
499625015,Closed reduction of fracture of lower limb,T12,
455453011,"Closed fracture of lower limb, level unspecified",T12,
875701000006114,Lower limb #-closed reduct.NOS,T12,
3352741000006113,Closed fracture of lower limb,T12,
622771000000113,Pars interarticularis stress fracture,T12,
319343016,"Other, multiple and ill-defined fractures of lower limb NOS",T12,
1223079017,[Q] Stress fracture,T12,
875641000006117,Surgical # reduction NOS,T14.2,
205121000006117,Primary open reduction of fracture dislocation and wire fixation,T14.2,
7103351000006114,"Closed, non-displaced fracture",T14.2,
6060701000006110,Segmental fracture - no bone loss,T14.2,
277053017,Open reduction of fracture,T14.2,
209791000006117,Primary closed reduction of fracture dislocation and external fixation,T14.2,
208661000006113,Primary open reduction of fracture of long bone and fixation using Parham circlage band,T14.2,
208851000006112,Primary open reduction of fracture of small bone and fixation using screw,T14.2,
5483621000006112,Primary fixation of fragment of chondral cartilage of intra-articular fracture of bone,T14.2,
319355010,Fracture of bone,T14.2,
5559701000006110,Surgical reduction of fracture,T14.2,
277161012,Primary external fixation of fracture,T14.2,
5965441000006118,Angulated fracture,T14.2,
4506581000006115,Linear fracture,T14.2,
3326971000006115,"Fracture, intra-articular",T14.2,
3348451000006118,"Fracture, compound",T14.2,
318521000006110,[Q] Open fracture grade 1,T14.2,
1702451000006119,OS second closed reduct fracture bone and internal fixation,T14.2,
209661000006116,Primary closed reduction of fracture dislocation of joint and skeletal traction,T14.2,
8107511000006119,Stress fracture of pars interarticularis,T14.2,
205091000006116,Primary open reduction of fracture dislocation and fixation with screw(s),T14.2,
277223016,Other specified other closed reduction of fracture of bone,T14.2,
277216017,Primary cast immobilisation of fracture,T14.2,
402879010,Fracture of unspecified bones,T14.2,
277069012,Secondary open reduction of fracture of bone,T14.2,
1221611016,Remanipulation of fracture and skeletal traction NEC,T14.2,
5132901000006112,Fixation of fracture,T14.2,
204611000006115,Primary intraarticular fixation intraartic fracture bone NEC,T14.2,
4511311000006111,Epiphyseal fracture,T14.2,
209691000006112,Primary closed reduction of fracture and internal fixation with screw(s),T14.2,
5965421000006113,Non-displaced fracture,T14.2,
208771000006111,Primary open reduction of fracture of long bone and extramedullary fixation using circlage,T14.2,
3264111000006115,Closed fracture reduction and internal fixation,T14.2,
3919251000006111,"Fracture, closed, intra-articular",T14.2,
207641000006113,Primary open reduction of fracture and internal fixation with cerclage wiring,T14.2,
277206013,Primary closed reduction of fracture and cast immobilisation,T14.2,
2829161000006114,Open reduction of fracture with internal fixation,T14.2,
1554031000006118,Primary open reduction of fracture dislocation of joint with combined internal and external fixation,T14.2,
6582981000006117,Open fracture,T14.2,
1702431000006114,Remanipulation of fracture of small bone and fixation using screw,T14.2,
277163010,Other primary external immobilisation of fracture,T14.2,
567001000006111,Closed reduction of bone fracture and external fixation OS,T14.2,
875651000006115,Closed # reduct+internal fixat,T14.2,
4348961000006112,Reduction of closed fracture,T14.2,
5888331000006117,Primary fixation of fracture with plate,T14.2,
151851000006112,Secondary open reduct fracture bone & skeletal traction HFQ,T14.2,
7103341000006112,"Closed, undisplaced fracture",T14.2,
209681000006114,Primary closed reduction # dislocation+other extrnal immobil,T14.2,
5656071000006116,Open reduction of fracture dislocation of joint,T14.2,
877711000006118,Splinting of fracture,T14.2,
7002151000006111,Closed fracture,T14.2,
208631000006116,Prim open red # long bone & fix - Rush flexi intramedul nail,T14.2,
277900012,Primary open reduction of fracture dislocation alone,T14.2,
3654401000006119,Segmental fracture,T14.2,
566951000006114,Closed reduction fracture bone and fixation to skeleton HFQ,T14.2,
34801000006115,Other closed fracture-subluxation,T14.2,
207581000006118,Primary open reduction of fracture and unlocked reamed intramedullary nail fixation,T14.2,
277160013,Primary functional bracing of fracture,T14.2,
403161016,Fracture,T14.2,
566991000006115,Closed reduction of bone fracture and external fixation NOS,T14.2,
277224010,Other closed reduction of fracture of bone NOS,T14.2,
42961000006117,"Open reduction of # dislocation of joint+fxn of jnt,unspec",T14.2,
5888361000006114,Primary closed reduction of fracture dislocation,T14.2,
29481000006111,Other fracture-dislocation or subluxation,T14.2,
210081000006113,Primary closed reduction of fracture and locked unreamed intramedullary nail fixation,T14.2,
5389111000006118,Tension band wiring of fracture,T14.2,
461055015,Convalescence after fracture treatment,T14.2,
2121121000000119,Neurological injury associated with fracture dislocation,T14.2,
277059018,Primary open reduction of fracture and cast immobilisation,T14.2,
277213013,Primary skin traction of fracture,T14.2,
205141000006112,Primary open reduction of bone fracture & external fixation,T14.2,
6357121000006111,Open reduction of fracture and external fixation,T14.2,
5132941000006114,Fixation of fracture using screws,T14.2,
875341000006110,Surgical # reduction,T14.2,
277104019,Other specified secondary open reduction of fracture of bone,T14.2,
209811000006118,Primary closed reduction of fracture dislocation and skin traction,T14.2,
719361000006115,Manipulation of fracture and skeletal traction NEC,T14.2,
206771000006112,Primary open reduction of fracture dislocation of joint and skeletal traction,T14.2,
277061010,Primary open reduction of fracture and skin traction,T14.2,
277131016,Primary closed reduction of fracture and wire fixation,T14.2,
5132891000006113,Operation on fracture,T14.2,
208871000006119,Prim open reduction fracture bone & intramedull fixation NOS,T14.2,
2874761000006110,Avulsion fracture,T14.2,
34791000006116,Other closed fracture-dislocation,T14.2,
7093321000006112,Closed Salter-Harris type V fracture,T14.2,
277220018,Primary arthroscopic reduction and fixation of fracture,T14.2,
593591000006116,Convalesc. after fracture Rx,T14.2,
3326991000006119,Intra-articular fracture,T14.2,
875611000006116,Open # reduction+intern.fixat.,T14.2,
25181000006118,Other open fracture-subluxation,T14.2,
2963561000006116,"Fracture, impacted",T14.2,
277129013,Primary wire fixation of fracture,T14.2,
325508014,[X]Fracture of unspecified body region,T14.2,
7067771000006116,Closed avulsion fracture,T14.2,
277068016,Primary open reduction of fracture dislocation,T14.2,
7276821000006110,Compression fracture,T14.2,
566941000006112,Closed reduction of fracture of long bone and rigid internal fixation,T14.2,
5133581000006115,Debridement of fracture,T14.2,
875811000006115,Traction for closed #,T14.2,
180831000006119,Remanipulation of fracture of bone and external fixation HFQ,T14.2,
142673013,Closed reduction of fracture,T14.2,
208861000006114,Prim open reduction fracture bone & extramedull fixation NOS,T14.2,
277169014,Primary closed reduction of fracture and external fixation,T14.2,
205101000006110,Primary open reduction of fracture dislocation and functional bracing,T14.2,
277182018,Manual reduction of closed fracture,T14.2,
4306181000006112,Open reduction of fracture with fixation,T14.2,
7259211000006111,Primary closed reduction of fracture dislocation of joint and internal fixation of joint,T14.2,
277057016,Primary open reduction of fracture alone,T14.2,
207651000006110,Primary open reduction of fracture and internal fixation with tension band wiring,T14.2,
151841000006110,Secondary open reduct fracture bone & external fixation HFQ,T14.2,
391111016,Fracture dislocation of joint,T14.2,
876151000006118,Toilet of open # site,T14.2,
205291000006112,Primary open reduction of intra-articular fracture of bone,T14.2,
1554021000006116,Primary open reduction # dislocation joint internal fix NEC,T14.2,
277184017,Remanipulation of fracture of bone NEC,T14.2,
2729061000000117,Spiral fracture of bone,T14.2,
318561000006116,[Q] Open fracture grade 3B,T14.2,
875761000006110,Other closed # reduction NOS,T14.2,
210071000006110,Primary closed reduction of fracture and locked reamed intramedullary nail fixation,T14.2,
875631000006110,Open # reduction,T14.2,
205061000006112,Primary open reduction of fracture dislocation and cast immobilisation,T14.2,
932541000006117,Open # reduction+intern.fixat.,T14.2,
277168018,Primary closed reduction of fracture and functional bracing,T14.2,
205311000006111,Primary open reduction of intraarticular fracture of bone,T14.2,
3264101000006118,Closed reduction of fracture with internal fixation,T14.2,
5144531000006119,Stress fracture,T14.2,
208791000006112,Primary reduction of fracture of long bone and fixation using Eggers plate,T14.2,
2849061000006112,Compression fracture,T14.2,
2121141000000114,Vascular injury associated with fracture dislocation,T14.2,
207681000006119,Primary open reduction of fracture and unlocked unreamed intramedullary nail fixation,T14.2,
6214171000006115,Closed reduction of fracture and application of plaster cast,T14.2,
5460741000006115,Fracture subluxation of joint,T14.2,
151911000006116,Secondary open reduction of intraarticular fracture of bone,T14.2,
875661000006118,# - external fixation,T14.2,
207671000006117,Prmy open reduction #+other int(extramedullary) fixation,T14.2,
2829171000006119,Open reduction and internal fixation of fracture,T14.2,
207711000006118,Primary open reduction of fracture and internal fixation with screw(s),T14.2,
1856821000006119,Non fragility fracture,T14.2,
208621000006119,Prim open red # long bone & fix - Ender flexi intramed nail,T14.2,
1702411000006115,Remanip fracture long bone and rigid internal fixation NEC,T14.2,
329379013,"Fracture, cause unspecified",T14.2,
151881000006116,Secondary open reduction fracture dislocation of joint NEC,T14.2,
5132931000006116,Fixation of fracture using wire,T14.2,
216665012,[Q] Fractures involving the epiphyseal plate,T14.2,
5389051000006116,Single Kirschner wiring of fracture,T14.2,
6005691000006115,Arthroscopic reduction of fracture,T14.2,
2963581000006114,Impacted fracture,T14.2,
5133011000006118,Fixation of fracture using plate,T14.2,
277259010,Primary skeletal traction of fracture,T14.2,
2625951000006116,"Fracture, oblique",T14.2,
410903011,K wiring of fracture,T14.2,
3649511000006117,"Fracture, transverse",T14.2,
5133101000006117,Fixation of fracture using external fixator,T14.2,
208881000006116,Prim open reduction fracture bone & intramedullary fixatn OS,T14.2,
566921000006117,Closed reduction of bone fracture and external fixation with Gissane spike fixator,T14.2,
3682321000006115,Fracture,T14.2,
5133061000006115,Internal fixation of fracture,T14.2,
207661000006112,Primary open reduction of fracture and locked reamed intramedullary nail fixation,T14.2,
207721000006114,Primary open reduction of fracture and intramedullary nail fixation,T14.2,
205041000006113,Primary open reduction of fracture of bone and intramedullary fixation,T14.2,
1553421000006114,Secondary open reduction of fracture of bone and intramedullary fixation,T14.2,
560591000006111,Closed reduction of fracture and external fixation,T14.2,
277054011,Primary open reduction of fracture and skeletal traction,T14.2,
7253031000006112,Closed greenstick fracture,T14.2,
205021000006118,Primary open reduction # dislocation+other jnt stabilisation,T14.2,
5658791000006119,Unstable fracture,T14.2,
205081000006119,Primary open reduction of fracture dislocation and fixation with plate(s),T14.2,
3649521000006113,Transverse fracture,T14.2,
205301000006113,Primary open reduction of intraarticular fracture bone OS,T14.2,
277940018,Primary closed reduction of fracture dislocation alone,T14.2,
208821000006115,Primary open reduction of fracture of long bone and fixation using flexible nail,T14.2,
5387861000006116,Fixation of fracture using intramedullary nail,T14.2,
566971000006116,Closed reduction of fracture of small bone and fixation using screw,T14.2,
277209018,Primary closed reduction of fracture alone,T14.2,
209701000006112,Primary closed reduction #+internal fixation with wire,T14.2,
208811000006111,Primary reduction of fracture of long bone and fixation using Hicks plate,T14.2,
209671000006111,Primary closed reduction of fracture dislocation and fixation by wire(s),T14.2,
3158031000006114,Chip fracture,T14.2,
210101000006117,Primary closed reduction of fracture and unlocked unreamed intramedullary nail fixation,T14.2,
205131000006119,Primary open reduction of #+other ext immobilisation,T14.2,
277105018,Secondary open reduction of fracture of bone NOS,T14.2,
209721000006119,Primary closed reduction #+other internal fixation,T14.2,
6005381000006113,Primary open reduction and fixation of fracture,T14.2,
6028491000006115,Fixation of fracture using Herbert screw,T14.2,
207631000006115,Primary open reduction of fracture and internal fixation with multiple implant types,T14.2,
277060011,Primary open reduction of fracture and functional bracing,T14.2,
151871000006119,Secondary open reduction fracture disloc joint & fixation,T14.2,
277210011,Primary closed reduction of fracture and skin traction,T14.2,
7259001000006119,Torus fracture,T14.2,
1702521000006110,Primary closed reduction of fracture dislocation of joint and internal fixation,T14.2,
205931000006116,Primary reduction of intra-articular fracture of bone using arthrotomy as approach,T14.2,
209711000006110,Primary closed reduction of fracture and intramedullary nail fixation,T14.2,
1589031000006110,Secondary open reduction of fracture dislocation of joint and fixation of joint,T14.2,
46755018,Debridement of open fracture,T14.2,
207701000006116,Primary open reduction of fracture and internal fixation with plate,T14.2,
2833231000006112,"Fracture, closed",T14.2,
461537015,Buckle fracture,T14.2,
209771000006118,Primary closed reduction of # and skeletal traction NEC,T14.2,
210091000006111,Primary closed reduction of fracture and unlocked reamed intramedullary nail fixation,T14.2,
205031000006115,Primary open reduction of fracture of bone and extramedullary fixation,T14.2,
567021000006118,Closed reduction of bone fracture and internal fixation OS,T14.2,
208571000006117,Prim extraarticular reduction intraartic fracture bone NEC,T14.2,
277957019,Remanipulation of fracture dislocation alone,T14.2,
319353015,"Open fracture of bones, unspecified",T14.2,
25171000006116,Other open fracture-dislocation,T14.2,
207731000006112,Primary open reduction of fracture and external fixation,T14.2,
320109011,Fracture dislocation of joint,T14.2,
4355301000006115,Displaced fracture,T14.2,
277885018,Primary open reduction of fracture dislocation of joint NEC,T14.2,
461560011,[Q] Open fracture grade 3C,T14.2,
318531000006113,[Q] Open fracture grade 2,T14.2,
2121161000000110,Tendon injury associated with fracture dislocation,T14.2,
3185371000006113,"Fracture, closed, comminuted",T14.2,
567011000006114,Closed reduction of bone fracture and internal fixation NOS,T14.2,
874721000006115,Facial # -closed reduction NOS,T14.2,
1702391000006115,Secondary closed reduction of fracture of bone and internal fixation,T14.2,
7063301000006117,"Fracture, open, displaced",T14.2,
5965411000006117,Undisplaced fracture,T14.2,
207571000006116,Primary open reduction of fracture and locked unreamed intramedullary nail fixation,T14.2,
4355291000006116,Fracture with displacement,T14.2,
209801000006116,Primary closed reduction of fracture dislocation and functional bracing,T14.2,
205071000006117,Primary open reduction of fracture dislocation and external fixation,T14.2,
205011000006114,Primary open reduction # dislocation+other external immobil,T14.2,
3698761000006111,"Fracture, spiral",T14.2,
208781000006114,Primary open reduction of fracture of long bone and extramedullary fixation using suture,T14.2,
2829181000006116,ORIF - Open reduction and internal fixation of fracture,T14.2,
460923014,[V]Rehabilitation following fracture,T14.2,
560601000006115,Closed (or no) reduction of fracture and internal fixation,T14.2,
209781000006115,Primary closed reduction of fracture dislocation and cast immobilisation,T14.2,
6383611000006110,Manipulation of fracture,T14.2,
5389071000006114,Multiple Kirschner wiring of fracture,T14.2,
319351018,Closed fracture of bone,T14.2,
5655911000006116,Closed reduction and fixation of fracture,T14.2,
2729081000000114,Greenstick fracture of bone,T14.2,
277219012,Primary arthroscopic reduction of fracture,T14.2,
207691000006116,Primary open reduction of fracture and internal fixation with K-wire,T14.2,
566961000006111,Closed reduction of fracture dislocation of joint and internal fixation of joint,T14.2,
566891000006111,Closed reduction of fracture of bone and fixation using functional bracing system,T14.2,
277180014,Other closed reduction of fracture of bone,T14.2,
5132981000006115,Fixation of fracture using cannulated screws,T14.2 ,
209761000006113,Primary closed reduction of # + oth external immobilisation,T14.2 ,
7563001000006116,Insufficiency fracture,T14.2 ,
210391000006114,Primary excision of intra-articular fragment of intra-articular fracture of bone,T14.2 ,
807141000006110,Greenstick fracture,T14.2 ,
6060671000006114,Osteochondral fracture,T14.2 ,
909211000006118,[RFC] Fracture/ trauma,T14.2 ,
6214151000006113,POP - Manipulation fracture and plaster of Paris,T14.2 ,
208801000006113,Primary reduction of fracture of long bone and fixation using Ellis plate,T14.2 ,
318551000006118,[Q] Open fracture grade 3A,T14.2 ,
3724521000006118,Closed fracture of navicular bone of foot,T92.2,
