"MedCodeID","Term","QOFClusterID","QOFClusterDesc","QOFSnomedCTConceptId","SnomedCTDescriptionId","QOFUnmatchedCodeDescription"
,,"CAN_COD","Codes for relevant malignancies","94434002",,"Secondary malignant neoplasm of myometrium"
,,"CAN_COD","Codes for relevant malignancies","94426008",,"Secondary malignant neoplasm of muscle of pelvis"
,,"CAN_COD","Codes for relevant malignancies","94198007",,"Secondary malignant neoplasm of blood vessel of inguinal region"
,,"CAN_COD","Codes for relevant malignancies","94200001",,"Secondary malignant neoplasm of blood vessel of lower limb"
,,"CAN_COD","Codes for relevant malignancies","94441008",,"Secondary malignant neoplasm of neck"
,,"CAN_COD","Codes for relevant malignancies","94440009",,"Secondary malignant neoplasm of scaphoid bone"
,,"CAN_COD","Codes for relevant malignancies","94439007",,"Secondary malignant neoplasm of navicular bone of foot"
,,"CAN_COD","Codes for relevant malignancies","94437009",,"Secondary malignant neoplasm of nasal concha"
,,"CAN_COD","Codes for relevant malignancies","94196006",,"Secondary malignant neoplasm of blood vessel of head"
,,"CAN_COD","Codes for relevant malignancies","94435001",,"Secondary malignant neoplasm of nasal bone"
,,"CAN_COD","Codes for relevant malignancies","94443006",,"Secondary malignant neoplasm of nipple of female breast"
,,"CAN_COD","Codes for relevant malignancies","94433008",,"Secondary malignant neoplasm of myocardium"
,,"CAN_COD","Codes for relevant malignancies","94432003",,"Secondary malignant neoplasm of muscle"
,,"CAN_COD","Codes for relevant malignancies","94431005",,"Secondary malignant neoplasm of muscle of upper limb"
,,"CAN_COD","Codes for relevant malignancies","94430006",,"Secondary malignant neoplasm of muscle of trunk"
,,"CAN_COD","Codes for relevant malignancies","94429001",,"Secondary malignant neoplasm of muscle of thorax"
,,"CAN_COD","Codes for relevant malignancies","94428009",,"Secondary malignant neoplasm of muscle of shoulder"
,,"CAN_COD","Codes for relevant malignancies","94221001",,"Secondary malignant neoplasm of bone of upper limb"
,,"CAN_COD","Codes for relevant malignancies","94436000",,"Secondary malignant neoplasm of nasal cavity"
,,"CAN_COD","Codes for relevant malignancies","94192008",,"Secondary malignant neoplasm of blood vessel of finger"
,,"CAN_COD","Codes for relevant malignancies","94514000",,"Secondary malignant neoplasm of renal pelvis"
,,"CAN_COD","Codes for relevant malignancies","94189009",,"Secondary malignant neoplasm of blood vessel of axilla"
,,"CAN_COD","Codes for relevant malignancies","94190000",,"Secondary malignant neoplasm of blood vessel of buttock"
,,"CAN_COD","Codes for relevant malignancies","94454001",,"Secondary malignant neoplasm of oropharynx"
,,"CAN_COD","Codes for relevant malignancies","94453007",,"Secondary malignant neoplasm of orbit proper"
,,"CAN_COD","Codes for relevant malignancies","94452002",,"Secondary malignant neoplasm of optic nerve"
,,"CAN_COD","Codes for relevant malignancies","94451009",,"Secondary malignant neoplasm of olfactory nerve"
,,"CAN_COD","Codes for relevant malignancies","94197002",,"Secondary malignant neoplasm of blood vessel of hip"
,,"CAN_COD","Codes for relevant malignancies","94191001",,"Secondary malignant neoplasm of blood vessel of face"
,,"CAN_COD","Codes for relevant malignancies","94425007",,"Secondary malignant neoplasm of muscle of neck"
,,"CAN_COD","Codes for relevant malignancies","94448002",,"Secondary malignant neoplasm of occipital lobe"
,,"CAN_COD","Codes for relevant malignancies","94447007",,"Secondary malignant neoplasm of occipital bone"
,,"CAN_COD","Codes for relevant malignancies","94193003",,"Secondary malignant neoplasm of blood vessel of foot"
,,"CAN_COD","Codes for relevant malignancies","94194009",,"Secondary malignant neoplasm of blood vessel of forearm"
,,"CAN_COD","Codes for relevant malignancies","94195005",,"Secondary malignant neoplasm of blood vessel of hand"
,,"CAN_COD","Codes for relevant malignancies","94445004",,"Secondary malignant neoplasm of nose"
,,"CAN_COD","Codes for relevant malignancies","94444000",,"Secondary malignant neoplasm of nipple of male breast"
,,"CAN_COD","Codes for relevant malignancies","94450005",,"Secondary malignant neoplasm of oculomotor nerve"
,,"CAN_COD","Codes for relevant malignancies","94401004",,"Secondary malignant neoplasm of male breast"
,,"CAN_COD","Codes for relevant malignancies","94427004",,"Secondary malignant neoplasm of muscle of perineum"
,,"CAN_COD","Codes for relevant malignancies","94215000",,"Secondary malignant neoplasm of body of uterus"
,,"CAN_COD","Codes for relevant malignancies","94224009",,"Secondary malignant neoplasm of brain stem"
,,"CAN_COD","Codes for relevant malignancies","94407000",,"Secondary malignant neoplasm of Meckel's diverticulum"
,,"CAN_COD","Codes for relevant malignancies","94406009",,"Secondary malignant neoplasm of maxillary sinus"
,,"CAN_COD","Codes for relevant malignancies","94405008",,"Secondary malignant neoplasm of maxilla"
,,"CAN_COD","Codes for relevant malignancies","94404007",,"Secondary malignant neoplasm of mastoid air cells"
,,"CAN_COD","Codes for relevant malignancies","94204005",,"Secondary malignant neoplasm of blood vessel of popliteal space"
,,"CAN_COD","Codes for relevant malignancies","94402006",,"Secondary malignant neoplasm of male genital organ"
,,"CAN_COD","Codes for relevant malignancies","99131000119108",,"Astrocytoma of cerebrum"
,,"CAN_COD","Codes for relevant malignancies","94400003",,"Secondary malignant neoplasm of major salivary gland"
,,"CAN_COD","Codes for relevant malignancies","94399005",,"Secondary malignant neoplasm of main bronchus"
,,"CAN_COD","Codes for relevant malignancies","94226006",,"Secondary malignant neoplasm of broad ligament"
,,"CAN_COD","Codes for relevant malignancies","94397007",,"Secondary malignant neoplasm of lymph nodes of neck"
,,"CAN_COD","Codes for relevant malignancies","94228007",,"Secondary malignant neoplasm of bronchus of left lower lobe"
,,"CAN_COD","Codes for relevant malignancies","94229004",,"Secondary malignant neoplasm of bronchus of left upper lobe"
,,"CAN_COD","Codes for relevant malignancies","94230009",,"Secondary malignant neoplasm of bronchus of right lower lobe"
,,"CAN_COD","Codes for relevant malignancies","94403001",,"Secondary malignant neoplasm of mandible"
,,"CAN_COD","Codes for relevant malignancies","94415002",,"Secondary malignant neoplasm of minor salivary gland"
,,"CAN_COD","Codes for relevant malignancies","94424006",,"Secondary malignant neoplasm of muscle of lower limb"
,,"CAN_COD","Codes for relevant malignancies","94423000",,"Secondary malignant neoplasm of muscle of inguinal region"
,,"CAN_COD","Codes for relevant malignancies","94422005",,"Secondary malignant neoplasm of muscle of hip"
,,"CAN_COD","Codes for relevant malignancies","94421003",,"Secondary malignant neoplasm of muscle of head"
,,"CAN_COD","Codes for relevant malignancies","94420002",,"Secondary malignant neoplasm of muscle of face"
,,"CAN_COD","Codes for relevant malignancies","94419008",,"Secondary malignant neoplasm of muscle of buttock"
,,"CAN_COD","Codes for relevant malignancies","94418000",,"Secondary malignant neoplasm of muscle of abdomen"
,,"CAN_COD","Codes for relevant malignancies","94075002",,"Primary malignant neoplasm of subglottis"
,,"CAN_COD","Codes for relevant malignancies","94416001",,"Secondary malignant neoplasm of mouth"
,,"CAN_COD","Codes for relevant malignancies","94220000",,"Secondary malignant neoplasm of bone of skull"
,,"CAN_COD","Codes for relevant malignancies","94414003",,"Secondary malignant neoplasm of middle third of esophagus"
,,"CAN_COD","Codes for relevant malignancies","94413009",,"Secondary malignant neoplasm of middle ear"
,,"CAN_COD","Codes for relevant malignancies","94412004",,"Secondary malignant neoplasm of metatarsal bone"
,,"CAN_COD","Codes for relevant malignancies","94411006",,"Secondary malignant neoplasm of metacarpal bone"
,,"CAN_COD","Codes for relevant malignancies","94201002",,"Secondary malignant neoplasm of blood vessel of neck"
,,"CAN_COD","Codes for relevant malignancies","94202009",,"Secondary malignant neoplasm of blood vessel of pelvis"
,,"CAN_COD","Codes for relevant malignancies","94203004",,"Secondary malignant neoplasm of blood vessel of perineum"
,,"CAN_COD","Codes for relevant malignancies","94417005",,"Secondary malignant neoplasm of multiple endocrine glands"
,,"CAN_COD","Codes for relevant malignancies","94173006",,"Secondary malignant neoplasm of aortic body"
,,"CAN_COD","Codes for relevant malignancies","94487002",,"Secondary malignant neoplasm of phalanx of hand"
,,"CAN_COD","Codes for relevant malignancies","94496002",,"Secondary malignant neoplasm of posterior hypopharyngeal wall"
,,"CAN_COD","Codes for relevant malignancies","94495003",,"Secondary malignant neoplasm of postcricoid region"
,,"CAN_COD","Codes for relevant malignancies","94167005",,"Secondary malignant neoplasm of anterior mediastinum"
,,"CAN_COD","Codes for relevant malignancies","94168000",,"Secondary malignant neoplasm of anterior portion of floor of mouth"
,,"CAN_COD","Codes for relevant malignancies","94169008",,"Secondary malignant neoplasm of anterior two-thirds of tongue"
,,"CAN_COD","Codes for relevant malignancies","94170009",,"Secondary malignant neoplasm of anterior wall of nasopharynx"
,,"CAN_COD","Codes for relevant malignancies","94498001",,"Secondary malignant neoplasm of posterior wall of nasopharynx"
,,"CAN_COD","Codes for relevant malignancies","94172001",,"Secondary malignant neoplasm of anus"
,,"CAN_COD","Codes for relevant malignancies","94499009",,"Secondary malignant neoplasm of posterior wall of oropharynx"
,,"CAN_COD","Codes for relevant malignancies","94175004",,"Secondary malignant neoplasm of appendix"
,,"CAN_COD","Codes for relevant malignancies","94185003",,"Secondary malignant neoplasm of biliary tract"
,,"CAN_COD","Codes for relevant malignancies","94492000",,"Secondary malignant neoplasm of placenta"
,,"CAN_COD","Codes for relevant malignancies","94291000119103",,"Mucinous adenocarcinoma of gastrointestinal tract"
,,"CAN_COD","Codes for relevant malignancies","94490008",,"Secondary malignant neoplasm of pisiform bone of hand"
,,"CAN_COD","Codes for relevant malignancies","94489004",,"Secondary malignant neoplasm of pineal gland"
,,"CAN_COD","Codes for relevant malignancies","94187006",,"Secondary malignant neoplasm of blood vessel of abdomen"
,,"CAN_COD","Codes for relevant malignancies","94171008",,"Secondary malignant neoplasm of anterior wall of urinary bladder"
,,"CAN_COD","Codes for relevant malignancies","94162004",,"Secondary malignant neoplasm of adrenal medulla"
,,"CAN_COD","Codes for relevant malignancies","94512001",,"Secondary malignant neoplasm of rectovesical septum"
,,"CAN_COD","Codes for relevant malignancies","94511008",,"Secondary malignant neoplasm of rectovaginal septum"
,,"CAN_COD","Codes for relevant malignancies","94510009",,"Secondary malignant neoplasm of rectouterine pouch"
,,"CAN_COD","Codes for relevant malignancies","94509004",,"Secondary malignant neoplasm of rectosigmoid junction"
,,"CAN_COD","Codes for relevant malignancies","94508007",,"Secondary malignant neoplasm of radius"
,,"CAN_COD","Codes for relevant malignancies","94507002",,"Secondary malignant neoplasm of pyriform sinus"
,,"CAN_COD","Codes for relevant malignancies","94506006",,"Secondary malignant neoplasm of pylorus"
,,"CAN_COD","Codes for relevant malignancies","94497006",,"Secondary malignant neoplasm of posterior mediastinum"
,,"CAN_COD","Codes for relevant malignancies","94504009",,"Secondary malignant neoplasm of pubis"
,,"CAN_COD","Codes for relevant malignancies","94486006",,"Secondary malignant neoplasm of phalanx of foot"
,,"CAN_COD","Codes for relevant malignancies","94163009",,"Secondary malignant neoplasm of alveolar ridge mucosa"
,,"CAN_COD","Codes for relevant malignancies","94164003",,"Secondary malignant neoplasm of ampulla of Vater"
,,"CAN_COD","Codes for relevant malignancies","94165002",,"Secondary malignant neoplasm of anal canal"
,,"CAN_COD","Codes for relevant malignancies","94166001",,"Secondary malignant neoplasm of anterior aspect of epiglottis"
,,"CAN_COD","Codes for relevant malignancies","94502008",,"Secondary malignant neoplasm of presacral region"
,,"CAN_COD","Codes for relevant malignancies","94501001",,"Secondary malignant neoplasm of preauricular lymph nodes"
,,"CAN_COD","Codes for relevant malignancies","94500000",,"Secondary malignant neoplasm of posterior wall of urinary bladder"
,,"CAN_COD","Codes for relevant malignancies","94505005",,"Secondary malignant neoplasm of pyloric antrum"
,,"CAN_COD","Codes for relevant malignancies","94460001",,"Secondary malignant neoplasm of pancreatic duct"
,,"CAN_COD","Codes for relevant malignancies","94488007",,"Secondary malignant neoplasm of pharynx"
,,"CAN_COD","Codes for relevant malignancies","94468008",,"Secondary malignant neoplasm of paraurethral glands"
,,"CAN_COD","Codes for relevant malignancies","94467003",,"Secondary malignant neoplasm of parathyroid gland"
,,"CAN_COD","Codes for relevant malignancies","94466007",,"Secondary malignant neoplasm of pararectal lymph nodes"
,,"CAN_COD","Codes for relevant malignancies","94465006",,"Secondary malignant neoplasm of parametrium"
,,"CAN_COD","Codes for relevant malignancies","94464005",,"Secondary malignant neoplasm of parametrial lymph nodes"
,,"CAN_COD","Codes for relevant malignancies","94463004",,"Secondary malignant neoplasm of paramammary lymph nodes"
,,"CAN_COD","Codes for relevant malignancies","94470004",,"Secondary malignant neoplasm of parietal bone"
,,"CAN_COD","Codes for relevant malignancies","94461002",,"Secondary malignant neoplasm of para-aortic body"
,,"CAN_COD","Codes for relevant malignancies","94471000",,"Secondary malignant neoplasm of parietal lobe"
,,"CAN_COD","Codes for relevant malignancies","94459006",,"Secondary malignant neoplasm of pancreas"
,,"CAN_COD","Codes for relevant malignancies","94458003",,"Secondary malignant neoplasm of tonsil"
,,"CAN_COD","Codes for relevant malignancies","94457008",,"Secondary malignant neoplasm of palatine bone"
,,"CAN_COD","Codes for relevant malignancies","94456004",,"Secondary malignant neoplasm of palate"
,,"CAN_COD","Codes for relevant malignancies","94218003",,"Secondary malignant neoplasm of bone of face"
,,"CAN_COD","Codes for relevant malignancies","94219006",,"Secondary malignant neoplasm of bone of lower limb"
,,"CAN_COD","Codes for relevant malignancies","94217008",,"Secondary malignant neoplasm of bone marrow"
,,"CAN_COD","Codes for relevant malignancies","94462009",,"Secondary malignant neoplasm of paraganglion"
,,"CAN_COD","Codes for relevant malignancies","94478006",,"Secondary malignant neoplasm of pelvic bone"
,,"CAN_COD","Codes for relevant malignancies","94485005",,"Secondary malignant neoplasm of perirenal tissue"
,,"CAN_COD","Codes for relevant malignancies","94484009",,"Secondary malignant neoplasm of pericardium"
,,"CAN_COD","Codes for relevant malignancies","94483003",,"Secondary malignant neoplasm of perianal skin"
,,"CAN_COD","Codes for relevant malignancies","94482008",,"Secondary malignant neoplasm of periadrenal tissue"
,,"CAN_COD","Codes for relevant malignancies","94177007",,"Secondary malignant neoplasm of areola of male breast"
,,"CAN_COD","Codes for relevant malignancies","94179005",,"Secondary malignant neoplasm of ascending colon"
,,"CAN_COD","Codes for relevant malignancies","94180008",,"Secondary malignant neoplasm of axilla"
,,"CAN_COD","Codes for relevant malignancies","94469000",,"Secondary malignant neoplasm of paravaginal lymph nodes"
,,"CAN_COD","Codes for relevant malignancies","94479003",,"Secondary malignant neoplasm of pelvic peritoneum"
,,"CAN_COD","Codes for relevant malignancies","94233006",,"Secondary malignant neoplasm of bronchus"
,,"CAN_COD","Codes for relevant malignancies","94182000",,"Secondary malignant neoplasm of axillary tail of female breast"
,,"CAN_COD","Codes for relevant malignancies","94476005",,"Secondary malignant neoplasm of patella"
,,"CAN_COD","Codes for relevant malignancies","94183005",,"Secondary malignant neoplasm of back"
,,"CAN_COD","Codes for relevant malignancies","94184004",,"Secondary malignant neoplasm of base of tongue"
,,"CAN_COD","Codes for relevant malignancies","94474008",,"Secondary malignant neoplasm of parotid gland"
,,"CAN_COD","Codes for relevant malignancies","94473002",,"Secondary malignant neoplasm of parietal pleura"
,,"CAN_COD","Codes for relevant malignancies","94472007",,"Secondary malignant neoplasm of parietal peritoneum"
,,"CAN_COD","Codes for relevant malignancies","94480000",,"Secondary malignant neoplasm of pelvis"
,,"CAN_COD","Codes for relevant malignancies","94329002",,"Secondary malignant neoplasm of hilus of lung"
,,"CAN_COD","Codes for relevant malignancies","94321004",,"Secondary malignant neoplasm of gum"
,,"CAN_COD","Codes for relevant malignancies","94281004",,"Secondary malignant neoplasm of endometrium"
,,"CAN_COD","Codes for relevant malignancies","94282006",,"Secondary malignant neoplasm of epicardium"
,,"CAN_COD","Codes for relevant malignancies","94283001",,"Secondary malignant neoplasm of epididymis"
,,"CAN_COD","Codes for relevant malignancies","94334003",,"Secondary malignant neoplasm of hypopharynx"
,,"CAN_COD","Codes for relevant malignancies","94333009",,"Secondary malignant neoplasm of hypopharyngeal aspect of interarytenoid fold"
,,"CAN_COD","Codes for relevant malignancies","94332004",,"Secondary malignant neoplasm of hypopharyngeal aspect of aryepiglottic fold"
,,"CAN_COD","Codes for relevant malignancies","94337005",,"Secondary malignant neoplasm of ilium"
,,"CAN_COD","Codes for relevant malignancies","94330007",,"Secondary malignant neoplasm of hypogastric lymph nodes"
,,"CAN_COD","Codes for relevant malignancies","94279001",,"Secondary malignant neoplasm of endocervix"
,,"CAN_COD","Codes for relevant malignancies","94328005",,"Secondary malignant neoplasm of hepatic flexure of colon"
,,"CAN_COD","Codes for relevant malignancies","94327000",,"Secondary malignant neoplasm of heart"
,,"CAN_COD","Codes for relevant malignancies","94326009",,"Secondary malignant neoplasm of head"
,,"CAN_COD","Codes for relevant malignancies","94325008",,"Secondary malignant neoplasm of head of pancreas"
,,"CAN_COD","Codes for relevant malignancies","94324007",,"Secondary malignant neoplasm of hard palate"
,,"CAN_COD","Codes for relevant malignancies","94323001",,"Secondary malignant neoplasm of hand"
,,"CAN_COD","Codes for relevant malignancies","94231008",,"Secondary malignant neoplasm of bronchus of right middle lobe"
,,"CAN_COD","Codes for relevant malignancies","94331006",,"Secondary malignant neoplasm of hypoglossal nerve"
,,"CAN_COD","Codes for relevant malignancies","94276008",,"Secondary malignant neoplasm of ectopic female breast tissue"
,,"CAN_COD","Codes for relevant malignancies","94270002",,"Secondary malignant neoplasm of cystic duct"
,,"CAN_COD","Codes for relevant malignancies","94271003",,"Secondary malignant neoplasm of descending colon"
,,"CAN_COD","Codes for relevant malignancies","94349006",,"Secondary malignant neoplasm of intrahepatic bile ducts"
,,"CAN_COD","Codes for relevant malignancies","94348003",,"Secondary malignant neoplasm of intra-abdominal organs"
,,"CAN_COD","Codes for relevant malignancies","94272005",,"Secondary malignant neoplasm of diaphragm"
,,"CAN_COD","Codes for relevant malignancies","94273000",,"Secondary malignant neoplasm of dorsal surface of tongue"
,,"CAN_COD","Codes for relevant malignancies","94274006",,"Secondary malignant neoplasm of thoracic vertebral column"
,,"CAN_COD","Codes for relevant malignancies","94280003",,"Secondary malignant neoplasm of endocrine gland"
,,"CAN_COD","Codes for relevant malignancies","94345000",,"Secondary malignant neoplasm of intestinal lymph nodes"
,,"CAN_COD","Codes for relevant malignancies","94320003",,"Secondary malignant neoplasm of greater curvature of stomach"
,,"CAN_COD","Codes for relevant malignancies","94277004",,"Secondary malignant neoplasm of ectopic male breast tissue"
,,"CAN_COD","Codes for relevant malignancies","94343007",,"Secondary malignant neoplasm of inner aspect of upper lip"
,,"CAN_COD","Codes for relevant malignancies","94342002",,"Secondary malignant neoplasm of inner aspect of lower lip"
,,"CAN_COD","Codes for relevant malignancies","94341009",,"Secondary malignant neoplasm of inner aspect of lip"
,,"CAN_COD","Codes for relevant malignancies","94340005",,"Secondary malignant neoplasm of inguinal region"
,,"CAN_COD","Codes for relevant malignancies","94339008",,"Secondary malignant neoplasm of inguinal lymph nodes"
,,"CAN_COD","Codes for relevant malignancies","94278009",,"Secondary malignant neoplasm of endocardium"
,,"CAN_COD","Codes for relevant malignancies","94346004",,"Secondary malignant neoplasm of intestinal tract"
,,"CAN_COD","Codes for relevant malignancies","94290006",,"Secondary malignant neoplasm of exocervix"
,,"CAN_COD","Codes for relevant malignancies","94322006",,"Secondary malignant neoplasm of hamate bone"
,,"CAN_COD","Codes for relevant malignancies","94302007",,"Secondary malignant neoplasm of first cuneiform bone of foot"
,,"CAN_COD","Codes for relevant malignancies","94301000",,"Secondary malignant neoplasm of fibula"
,,"CAN_COD","Codes for relevant malignancies","94300004",,"Secondary malignant neoplasm of femur"
,,"CAN_COD","Codes for relevant malignancies","94299007",,"Secondary malignant neoplasm of femoral lymph nodes"
,,"CAN_COD","Codes for relevant malignancies","94298004",,"Secondary malignant neoplasm of female genital organ"
,,"CAN_COD","Codes for relevant malignancies","94287000",,"Secondary malignant neoplasm of ethmoid bone"
,,"CAN_COD","Codes for relevant malignancies","94304008",,"Secondary malignant neoplasm of floor of mouth"
,,"CAN_COD","Codes for relevant malignancies","94289002",,"Secondary malignant neoplasm of eustachian tube"
,,"CAN_COD","Codes for relevant malignancies","94305009",,"Secondary malignant neoplasm of foot"
,,"CAN_COD","Codes for relevant malignancies","94213007",,"Secondary malignant neoplasm of body of penis"
,,"CAN_COD","Codes for relevant malignancies","94296000",,"Secondary malignant neoplasm of false vocal cord"
,,"CAN_COD","Codes for relevant malignancies","94295001",,"Secondary malignant neoplasm of fallopian tube"
,,"CAN_COD","Codes for relevant malignancies","94294002",,"Secondary malignant neoplasm of facial nerve"
,,"CAN_COD","Codes for relevant malignancies","94293008",,"Secondary malignant neoplasm of face"
,,"CAN_COD","Codes for relevant malignancies","94292003",,"Secondary malignant neoplasm of eye"
,,"CAN_COD","Codes for relevant malignancies","94291005",,"Secondary malignant neoplasm of extrahepatic bile ducts"
,,"CAN_COD","Codes for relevant malignancies","94288005",,"Secondary malignant neoplasm of ethmoidal sinus"
,,"CAN_COD","Codes for relevant malignancies","94212002",,"Secondary malignant neoplasm of body of pancreas"
,,"CAN_COD","Codes for relevant malignancies","94319009",,"Secondary malignant neoplasm of great vessels"
,,"CAN_COD","Codes for relevant malignancies","94318001",,"Secondary malignant neoplasm of glottis"
,,"CAN_COD","Codes for relevant malignancies","94317006",,"Secondary malignant neoplasm of glossopharyngeal nerve"
,,"CAN_COD","Codes for relevant malignancies","94316002",,"Secondary malignant neoplasm of glomus jugulare"
,,"CAN_COD","Codes for relevant malignancies","94315003",,"Secondary malignant neoplasm of glans penis"
,,"CAN_COD","Codes for relevant malignancies","94314004",,"Secondary malignant neoplasm of gingival mucosa"
,,"CAN_COD","Codes for relevant malignancies","94284007",,"Secondary malignant neoplasm of epiglottis"
,,"CAN_COD","Codes for relevant malignancies","94303002",,"Secondary malignant neoplasm of flank"
,,"CAN_COD","Codes for relevant malignancies","94286009",,"Secondary malignant neoplasm of esophagus"
,,"CAN_COD","Codes for relevant malignancies","94267001",,"Secondary malignant neoplasm of craniopharyngeal duct"
,,"CAN_COD","Codes for relevant malignancies","94312000",,"Secondary malignant neoplasm of gallbladder"
,,"CAN_COD","Codes for relevant malignancies","94311007",,"Secondary malignant neoplasm of fundus of stomach"
,,"CAN_COD","Codes for relevant malignancies","94310008",,"Secondary malignant neoplasm of frontal sinus"
,,"CAN_COD","Codes for relevant malignancies","94309003",,"Secondary malignant neoplasm of frontal lobe"
,,"CAN_COD","Codes for relevant malignancies","94308006",,"Secondary malignant neoplasm of frontal bone"
,,"CAN_COD","Codes for relevant malignancies","94307001",,"Secondary malignant neoplasm of prepuce"
,,"CAN_COD","Codes for relevant malignancies","94306005",,"Secondary malignant neoplasm of forearm"
,,"CAN_COD","Codes for relevant malignancies","94285008",,"Secondary malignant neoplasm of epitrochlear lymph nodes"
,,"CAN_COD","Codes for relevant malignancies","94247005",,"Secondary malignant neoplasm of cerebral ventricle"
,,"CAN_COD","Codes for relevant malignancies","94269003",,"Secondary malignant neoplasm of cuboid"
,,"CAN_COD","Codes for relevant malignancies","94388008",,"Secondary malignant neoplasm of lower third of esophagus"
,,"CAN_COD","Codes for relevant malignancies","94387003",,"Secondary malignant neoplasm of lower outer quadrant of female breast"
,,"CAN_COD","Codes for relevant malignancies","94386007",,"Secondary malignant neoplasm of lower limb"
,,"CAN_COD","Codes for relevant malignancies","94385006",,"Secondary malignant neoplasm of lower inner quadrant of female breast"
,,"CAN_COD","Codes for relevant malignancies","94384005",,"Secondary malignant neoplasm of lower gum"
,,"CAN_COD","Codes for relevant malignancies","94383004",,"Secondary malignant neoplasm of long bone of upper limb"
,,"CAN_COD","Codes for relevant malignancies","94390009",,"Secondary malignant neoplasm of lunate bone"
,,"CAN_COD","Codes for relevant malignancies","94246001",,"Secondary malignant neoplasm of cerebral meninges"
,,"CAN_COD","Codes for relevant malignancies","94208008",,"Secondary malignant neoplasm of blood vessel of toe"
,,"CAN_COD","Codes for relevant malignancies","94214001",,"Secondary malignant neoplasm of body of stomach"
,,"CAN_COD","Codes for relevant malignancies","94249008",,"Secondary malignant neoplasm of cervical esophagus"
,,"CAN_COD","Codes for relevant malignancies","94250008",,"Secondary malignant neoplasm of cervical vertebral column"
,,"CAN_COD","Codes for relevant malignancies","94252000",,"Secondary malignant neoplasm of cheek"
,,"CAN_COD","Codes for relevant malignancies","94209000",,"Secondary malignant neoplasm of blood vessel of trunk"
,,"CAN_COD","Codes for relevant malignancies","94210005",,"Secondary malignant neoplasm of blood vessel of upper limb"
,,"CAN_COD","Codes for relevant malignancies","94380001",,"Secondary malignant neoplasm of lip"
,,"CAN_COD","Codes for relevant malignancies","94382009",,"Secondary malignant neoplasm of long bone of lower limb"
,,"CAN_COD","Codes for relevant malignancies","94206007",,"Secondary malignant neoplasm of blood vessel of thigh"
,,"CAN_COD","Codes for relevant malignancies","94176003",,"Secondary malignant neoplasm of areola of female breast"
,,"CAN_COD","Codes for relevant malignancies","94394000",,"Secondary malignant neoplasm of lymph nodes of head"
,,"CAN_COD","Codes for relevant malignancies","94234000",,"Secondary malignant neoplasm of buccal mucosa"
,,"CAN_COD","Codes for relevant malignancies","94235004",,"Secondary malignant neoplasm of cecum"
,,"CAN_COD","Codes for relevant malignancies","94236003",,"Secondary malignant neoplasm of calcaneus"
,,"CAN_COD","Codes for relevant malignancies","94205006",,"Secondary malignant neoplasm of blood vessel of shoulder"
,,"CAN_COD","Codes for relevant malignancies","94237007",,"Secondary malignant neoplasm of cardia of stomach"
,,"CAN_COD","Codes for relevant malignancies","94389000",,"Secondary malignant neoplasm of lumbar vertebral column"
,,"CAN_COD","Codes for relevant malignancies","94239005",,"Secondary malignant neoplasm of carotid body"
,,"CAN_COD","Codes for relevant malignancies","94376006",,"Secondary malignant neoplasm of left upper lobe of lung"
,,"CAN_COD","Codes for relevant malignancies","94207003",,"Secondary malignant neoplasm of blood vessel of thorax"
,,"CAN_COD","Codes for relevant malignancies","94240007",,"Secondary malignant neoplasm of carpal bone"
,,"CAN_COD","Codes for relevant malignancies","94241006",,"Secondary malignant neoplasm of cartilage of nose"
,,"CAN_COD","Codes for relevant malignancies","94242004",,"Secondary malignant neoplasm of cauda equina"
,,"CAN_COD","Codes for relevant malignancies","94243009",,"Secondary malignant neoplasm of central nervous system"
,,"CAN_COD","Codes for relevant malignancies","94244003",,"Secondary malignant neoplasm of central portion of female breast"
,,"CAN_COD","Codes for relevant malignancies","94245002",,"Secondary malignant neoplasm of cerebellum"
,,"CAN_COD","Codes for relevant malignancies","94238002",,"Secondary malignant neoplasm of carina"
,,"CAN_COD","Codes for relevant malignancies","94265009",,"Secondary malignant neoplasm of cornea"
,,"CAN_COD","Codes for relevant malignancies","94258001",,"Secondary malignant neoplasm of coccygeal body"
,,"CAN_COD","Codes for relevant malignancies","94259009",,"Secondary malignant neoplasm of coccyx"
,,"CAN_COD","Codes for relevant malignancies","94261000",,"Secondary malignant neoplasm of commissure of lip"
,,"CAN_COD","Codes for relevant malignancies","94262007",,"Secondary malignant neoplasm of common bile duct"
,,"CAN_COD","Codes for relevant malignancies","94263002",,"Secondary malignant neoplasm of conjunctiva"
,,"CAN_COD","Codes for relevant malignancies","94264008",,"Secondary malignant neoplasm of soft tissues"
,,"CAN_COD","Codes for relevant malignancies","94211009",,"Secondary malignant neoplasm of blood vessel"
,,"CAN_COD","Codes for relevant malignancies","94379004",,"Secondary malignant neoplasm of lingual tonsil"
,,"CAN_COD","Codes for relevant malignancies","94358004",,"Secondary malignant neoplasm of junctional region of epiglottis"
,,"CAN_COD","Codes for relevant malignancies","94361003",,"Secondary malignant neoplasm of labia majora"
,,"CAN_COD","Codes for relevant malignancies","94356000",,"Secondary malignant neoplasm of jaw"
,,"CAN_COD","Codes for relevant malignancies","94355001",,"Secondary malignant neoplasm of isthmus of uterus"
,,"CAN_COD","Codes for relevant malignancies","94354002",,"Secondary malignant neoplasm of islets of Langerhans"
,,"CAN_COD","Codes for relevant malignancies","94353008",,"Secondary malignant neoplasm of ischium"
,,"CAN_COD","Codes for relevant malignancies","94352003",,"Secondary malignant neoplasm of intrathoracic organs"
,,"CAN_COD","Codes for relevant malignancies","94266005",,"Secondary malignant neoplasm of cranial nerve"
,,"CAN_COD","Codes for relevant malignancies","94232001",,"Secondary malignant neoplasm of bronchus of right upper lobe"
,,"CAN_COD","Codes for relevant malignancies","94359007",,"Secondary malignant neoplasm of junctional zone of tongue"
,,"CAN_COD","Codes for relevant malignancies","94367004",,"Secondary malignant neoplasm of laryngeal aspect of interarytenoid fold"
,,"CAN_COD","Codes for relevant malignancies","94268006",,"Secondary malignant neoplasm of cubital lymph nodes"
,,"CAN_COD","Codes for relevant malignancies","94375005",,"Secondary malignant neoplasm of left lower lobe of lung"
,,"CAN_COD","Codes for relevant malignancies","94374009",,"Secondary malignant neoplasm of lateral wall of urinary bladder"
,,"CAN_COD","Codes for relevant malignancies","94373003",,"Secondary malignant neoplasm of lateral wall of oropharynx"
,,"CAN_COD","Codes for relevant malignancies","94372008",,"Secondary malignant neoplasm of lateral wall of nasopharynx"
,,"CAN_COD","Codes for relevant malignancies","94371001",,"Secondary malignant neoplasm of lateral portion of floor of mouth"
,,"CAN_COD","Codes for relevant malignancies","94370000",,"Secondary malignant neoplasm of larynx"
,,"CAN_COD","Codes for relevant malignancies","94257006",,"Secondary malignant neoplasm of clitoris"
,,"CAN_COD","Codes for relevant malignancies","94368009",,"Secondary malignant neoplasm of laryngeal commissure"
,,"CAN_COD","Codes for relevant malignancies","94361000000105",,"Breast cancer detected by national screening programme"
,,"CAN_COD","Codes for relevant malignancies","94366008",,"Secondary malignant neoplasm of laryngeal aspect of aryepiglottic fold"
,,"CAN_COD","Codes for relevant malignancies","94253005",,"Secondary malignant neoplasm of chest wall"
,,"CAN_COD","Codes for relevant malignancies","94254004",,"Secondary malignant neoplasm of choroid"
,,"CAN_COD","Codes for relevant malignancies","94255003",,"Secondary malignant neoplasm of ciliary body"
,,"CAN_COD","Codes for relevant malignancies","94256002",,"Secondary malignant neoplasm of clavicle"
,,"CAN_COD","Codes for relevant malignancies","94364006",,"Secondary malignant neoplasm of lacrimal gland"
,,"CAN_COD","Codes for relevant malignancies","94362005",,"Secondary malignant neoplasm of labia minora"
,,"CAN_COD","Codes for relevant malignancies","94378007",,"Secondary malignant neoplasm of lesser curvature of stomach"
,,"CAN_COD","Codes for relevant malignancies","94369001",,"Secondary malignant neoplasm of laryngeal surface of epiglottis"
,,"CAN_COD","Codes for relevant malignancies","94131003",,"Primary malignant neoplasm of vagus nerve"
,,"CAN_COD","Codes for relevant malignancies","94592002",,"Secondary malignant neoplasm of soft tissues of perineum"
,,"CAN_COD","Codes for relevant malignancies","94614009",,"Secondary malignant neoplasm of supraclavicular lymph nodes"
,,"CAN_COD","Codes for relevant malignancies","94615005",,"Secondary malignant neoplasm of supraclavicular region"
,,"CAN_COD","Codes for relevant malignancies","94616006",,"Secondary malignant neoplasm of supraglottis"
,,"CAN_COD","Codes for relevant malignancies","94674004",,"Secondary malignant neoplasm of vermilion border of lower lip"
,,"CAN_COD","Codes for relevant malignancies","94673005",,"Secondary malignant neoplasm of vermilion border of lip"
,,"CAN_COD","Codes for relevant malignancies","94617002",,"Secondary malignant neoplasm of sweat gland"
,,"CAN_COD","Codes for relevant malignancies","94618007",,"Secondary malignant neoplasm of tail of pancreas"
,,"CAN_COD","Codes for relevant malignancies","94672000",,"Secondary malignant neoplasm of ventral surface of tongue"
,,"CAN_COD","Codes for relevant malignancies","94619004",,"Secondary malignant neoplasm of talus"
,,"CAN_COD","Codes for relevant malignancies","94620005",,"Secondary malignant neoplasm of tarsal bone"
,,"CAN_COD","Codes for relevant malignancies","94675003",,"Secondary malignant neoplasm of vermilion border of upper lip"
,,"CAN_COD","Codes for relevant malignancies","94622002",,"Secondary malignant neoplasm of temporal lobe"
,,"CAN_COD","Codes for relevant malignancies","94132005",,"Primary malignant neoplasm of vallecula"
,,"CAN_COD","Codes for relevant malignancies","94671007",,"Secondary malignant neoplasm of vas deferens"
,,"CAN_COD","Codes for relevant malignancies","94670008",,"Secondary malignant neoplasm of vallecula"
,,"CAN_COD","Codes for relevant malignancies","94669007",,"Secondary malignant neoplasm of vagus nerve"
,,"CAN_COD","Codes for relevant malignancies","94129007",,"Primary malignant neoplasm of uvula"
,,"CAN_COD","Codes for relevant malignancies","94128004",,"Primary malignant neoplasm of uveal tract, primary"
,,"CAN_COD","Codes for relevant malignancies","94126000",,"Primary malignant neoplasm of uterine adnexa"
,,"CAN_COD","Codes for relevant malignancies","94090003",,"Primary malignant neoplasm of omentum"
,,"CAN_COD","Codes for relevant malignancies","94624001",,"Secondary malignant neoplasm of the mesentery"
,,"CAN_COD","Codes for relevant malignancies","94625000",,"Secondary malignant neoplasm of the mesocolon"
,,"CAN_COD","Codes for relevant malignancies","94626004",,"Secondary malignant neoplasm of omentum"
,,"CAN_COD","Codes for relevant malignancies","94092006",,"Primary malignant neoplasm of retroperitoneum"
,,"CAN_COD","Codes for relevant malignancies","94125001",,"Primary malignant neoplasm of urinary system"
,,"CAN_COD","Codes for relevant malignancies","94621009",,"Secondary malignant neoplasm of temporal bone"
,,"CAN_COD","Codes for relevant malignancies","94604000",,"Secondary malignant neoplasm of splenic flexure of colon"
,,"CAN_COD","Codes for relevant malignancies","94650002",,"Secondary malignant neoplasm of ulna"
,,"CAN_COD","Codes for relevant malignancies","94594001",,"Secondary malignant neoplasm of soft tissues of thorax"
,,"CAN_COD","Codes for relevant malignancies","94680007",,"Secondary malignant neoplasm of vomer"
,,"CAN_COD","Codes for relevant malignancies","94595000",,"Secondary malignant neoplasm of soft tissues of trunk"
,,"CAN_COD","Codes for relevant malignancies","94596004",,"Secondary malignant neoplasm of soft tissues of upper limb"
,,"CAN_COD","Codes for relevant malignancies","94597008",,"Secondary malignant neoplasm of spermatic cord"
,,"CAN_COD","Codes for relevant malignancies","94598003",,"Secondary malignant neoplasm of sphenoid bone"
,,"CAN_COD","Codes for relevant malignancies","94599006",,"Secondary malignant neoplasm of sphenoidal sinus"
,,"CAN_COD","Codes for relevant malignancies","94140004",,"Primary malignant neoplasm of visceral pleura"
,,"CAN_COD","Codes for relevant malignancies","94139001",,"Primary malignant neoplasm of vestibule of nose"
,,"CAN_COD","Codes for relevant malignancies","94601008",,"Secondary malignant neoplasm of spinal meninges"
,,"CAN_COD","Codes for relevant malignancies","94613003",,"Secondary malignant neoplasm of superior wall of nasopharynx"
,,"CAN_COD","Codes for relevant malignancies","94603006",,"Secondary malignant neoplasm of spleen"
,,"CAN_COD","Codes for relevant malignancies","94094007",,"Primary malignant neoplasm of third cuneiform bone of foot"
,,"CAN_COD","Codes for relevant malignancies","94605004",,"Secondary malignant neoplasm of sternum"
,,"CAN_COD","Codes for relevant malignancies","94606003",,"Secondary malignant neoplasm of stomach"
,,"CAN_COD","Codes for relevant malignancies","94607007",,"Secondary malignant neoplasm of subglottis"
,,"CAN_COD","Codes for relevant malignancies","94608002",,"Secondary malignant neoplasm of sublingual gland"
,,"CAN_COD","Codes for relevant malignancies","94138009",,"Primary malignant neoplasm of vestibule of mouth"
,,"CAN_COD","Codes for relevant malignancies","94135007",,"Primary malignant neoplasm of vermilion border of lip"
,,"CAN_COD","Codes for relevant malignancies","94679009",,"Secondary malignant neoplasm of vocal cord"
,,"CAN_COD","Codes for relevant malignancies","94610000",,"Secondary malignant neoplasm of submaxillary gland"
,,"CAN_COD","Codes for relevant malignancies","94678001",,"Secondary malignant neoplasm of visceral pleura"
,,"CAN_COD","Codes for relevant malignancies","94677006",,"Secondary malignant neoplasm of vestibule of nose"
,,"CAN_COD","Codes for relevant malignancies","94676002",,"Secondary malignant neoplasm of vestibule of mouth"
,,"CAN_COD","Codes for relevant malignancies","94133000",,"Primary malignant neoplasm of vas deferens"
,,"CAN_COD","Codes for relevant malignancies","94602001",,"Secondary malignant neoplasm of vertebral column"
,,"CAN_COD","Codes for relevant malignancies","94656008",,"Secondary malignant neoplasm of upper respiratory tract"
,,"CAN_COD","Codes for relevant malignancies","94660006",,"Secondary malignant neoplasm of ureteric orifice of urinary bladder"
,,"CAN_COD","Codes for relevant malignancies","94108003",,"Primary malignant neoplasm of trigeminal nerve"
,,"CAN_COD","Codes for relevant malignancies","94109006",,"Primary malignant neoplasm of trigone of urinary bladder"
,,"CAN_COD","Codes for relevant malignancies","94110001",,"Primary malignant neoplasm of trochlear nerve"
,,"CAN_COD","Codes for relevant malignancies","94637003",,"Secondary malignant neoplasm of tip and lateral border of tongue"
,,"CAN_COD","Codes for relevant malignancies","94115006",,"Primary malignant neoplasm of upper inner quadrant of female breast"
,,"CAN_COD","Codes for relevant malignancies","94111002",,"Primary malignant neoplasm of trunk"
,,"CAN_COD","Codes for relevant malignancies","94658009",,"Secondary malignant neoplasm of urachus"
,,"CAN_COD","Codes for relevant malignancies","94639000",,"Secondary malignant neoplasm of tonsillar fossa"
,,"CAN_COD","Codes for relevant malignancies","94640003",,"Secondary malignant neoplasm of tonsillar pillar"
,,"CAN_COD","Codes for relevant malignancies","94641004",,"Secondary malignant neoplasm of trachea"
,,"CAN_COD","Codes for relevant malignancies","94124002",,"Primary malignant neoplasm of urinary bladder neck"
,,"CAN_COD","Codes for relevant malignancies","94113004",,"Primary malignant neoplasm of undescended testis"
,,"CAN_COD","Codes for relevant malignancies","94634005",,"Secondary malignant neoplasm of thyroid gland"
,,"CAN_COD","Codes for relevant malignancies","94655007",,"Secondary malignant neoplasm of upper outer quadrant of female breast"
,,"CAN_COD","Codes for relevant malignancies","94654006",,"Secondary malignant neoplasm of upper limb"
,,"CAN_COD","Codes for relevant malignancies","94653000",,"Secondary malignant neoplasm of upper inner quadrant of female breast"
,,"CAN_COD","Codes for relevant malignancies","94643001",,"Secondary malignant neoplasm of transverse colon"
,,"CAN_COD","Codes for relevant malignancies","94644007",,"Secondary malignant neoplasm of trapezium"
,,"CAN_COD","Codes for relevant malignancies","94645008",,"Secondary malignant neoplasm of trapezoid bone"
,,"CAN_COD","Codes for relevant malignancies","94646009",,"Secondary malignant neoplasm of trigeminal nerve"
,,"CAN_COD","Codes for relevant malignancies","94647000",,"Secondary malignant neoplasm of trigone of urinary bladder"
,,"CAN_COD","Codes for relevant malignancies","94648005",,"Secondary malignant neoplasm of trochlear nerve"
,,"CAN_COD","Codes for relevant malignancies","94652005",,"Secondary malignant neoplasm of upper gum"
,,"CAN_COD","Codes for relevant malignancies","94651003",,"Secondary malignant neoplasm of undescended testis"
,,"CAN_COD","Codes for relevant malignancies","94649002",,"Secondary malignant neoplasm of trunk"
,,"CAN_COD","Codes for relevant malignancies","94657004",,"Secondary malignant neoplasm of upper third of esophagus"
,,"CAN_COD","Codes for relevant malignancies","94117003",,"Primary malignant neoplasm of upper outer quadrant of female breast"
,,"CAN_COD","Codes for relevant malignancies","94591009",,"Secondary malignant neoplasm of soft tissues of pelvis"
,,"CAN_COD","Codes for relevant malignancies","94096009",,"Primary malignant neoplasm of thymus"
,,"CAN_COD","Codes for relevant malignancies","94123008",,"Primary malignant neoplasm of urethra"
,,"CAN_COD","Codes for relevant malignancies","94667009",,"Secondary malignant neoplasm of uvula"
,,"CAN_COD","Codes for relevant malignancies","94666000",,"Secondary malignant neoplasm of uveal tract"
,,"CAN_COD","Codes for relevant malignancies","94122003",,"Primary malignant neoplasm of ureteric orifice of urinary bladder"
,,"CAN_COD","Codes for relevant malignancies","94097000",,"Primary malignant neoplasm of thyroglossal duct"
,,"CAN_COD","Codes for relevant malignancies","94121005",,"Primary malignant neoplasm of ureter"
,,"CAN_COD","Codes for relevant malignancies","94098005",,"Primary malignant neoplasm of thyroid gland"
,,"CAN_COD","Codes for relevant malignancies","94664002",,"Secondary malignant neoplasm of uterine adnexa"
,,"CAN_COD","Codes for relevant malignancies","94101009",,"Primary malignant neoplasm of tongue"
,,"CAN_COD","Codes for relevant malignancies","94102002",,"Primary malignant neoplasm of tonsillar fossa"
,,"CAN_COD","Codes for relevant malignancies","94636007",,"Secondary malignant neoplasm of tibial lymph nodes"
,,"CAN_COD","Codes for relevant malignancies","94118008",,"Primary malignant neoplasm of upper respiratory tract"
,,"CAN_COD","Codes for relevant malignancies","94635006",,"Secondary malignant neoplasm of tibia"
,,"CAN_COD","Codes for relevant malignancies","94116007",,"Primary malignant neoplasm of upper limb"
,,"CAN_COD","Codes for relevant malignancies","94662003",,"Secondary malignant neoplasm of urinary bladder neck"
,,"CAN_COD","Codes for relevant malignancies","94103007",,"Primary malignant neoplasm of tonsillar pillar"
,,"CAN_COD","Codes for relevant malignancies","94104001",,"Primary malignant neoplasm of trachea"
,,"CAN_COD","Codes for relevant malignancies","94491007",,"Secondary malignant neoplasm of pituitary gland"
,,"CAN_COD","Codes for relevant malignancies","94105000",,"Primary malignant neoplasm of transverse colon"
,,"CAN_COD","Codes for relevant malignancies","94630001",,"Secondary malignant neoplasm of third cuneiform bone of foot"
,,"CAN_COD","Codes for relevant malignancies","94631002",,"Secondary malignant neoplasm of thoracic esophagus"
,,"CAN_COD","Codes for relevant malignancies","94632009",,"Secondary malignant neoplasm of thymus"
,,"CAN_COD","Codes for relevant malignancies","94107008",,"Primary malignant neoplasm of trapezoid bone"
,,"CAN_COD","Codes for relevant malignancies","94633004",,"Secondary malignant neoplasm of thyroglossal duct"
,,"CAN_COD","Codes for relevant malignancies","94093001",,"Primary malignant neoplasm of thigh"
,,"CAN_COD","Codes for relevant malignancies","94120006",,"Primary malignant neoplasm of urachus"
,,"CAN_COD","Codes for relevant malignancies","94550007",,"Secondary malignant neoplasm of skin of elbow"
,,"CAN_COD","Codes for relevant malignancies","94079008",,"Primary malignant neoplasm of supraclavicular region"
,,"CAN_COD","Codes for relevant malignancies","94076001",,"Primary malignant neoplasm of sublingual gland"
,,"CAN_COD","Codes for relevant malignancies","94538001",,"Secondary malignant neoplasm of sigmoid colon"
,,"CAN_COD","Codes for relevant malignancies","94539009",,"Secondary malignant neoplasm of skin of abdomen"
,,"CAN_COD","Codes for relevant malignancies","94540006",,"Secondary malignant neoplasm of skin of ankle"
,,"CAN_COD","Codes for relevant malignancies","94542003",,"Secondary malignant neoplasm of skin of axilla"
,,"CAN_COD","Codes for relevant malignancies","94543008",,"Secondary malignant neoplasm of skin of back"
,,"CAN_COD","Codes for relevant malignancies","94160007",,"Secondary malignant neoplasm of adrenal cortex"
,,"CAN_COD","Codes for relevant malignancies","94077005",,"Primary malignant neoplasm of submaxillary gland"
,,"CAN_COD","Codes for relevant malignancies","94545001",,"Secondary malignant neoplasm of skin of buttock"
,,"CAN_COD","Codes for relevant malignancies","94546000",,"Secondary malignant neoplasm of skin of cheek"
,,"CAN_COD","Codes for relevant malignancies","94547009",,"Secondary malignant neoplasm of skin of chest"
,,"CAN_COD","Codes for relevant malignancies","94536002",,"Secondary malignant neoplasm of short bone of upper limb"
,,"CAN_COD","Codes for relevant malignancies","94549007",,"Secondary malignant neoplasm of skin of ear"
,,"CAN_COD","Codes for relevant malignancies","94535003",,"Secondary malignant neoplasm of short bone of lower limb"
,,"CAN_COD","Codes for relevant malignancies","94551006",,"Secondary malignant neoplasm of skin of external auditory canal"
,,"CAN_COD","Codes for relevant malignancies","94552004",,"Secondary malignant neoplasm of skin of eyebrow"
,,"CAN_COD","Codes for relevant malignancies","94553009",,"Secondary malignant neoplasm of skin of eyelid"
,,"CAN_COD","Codes for relevant malignancies","94159002",,"Secondary malignant neoplasm of adnexa of skin"
,,"CAN_COD","Codes for relevant malignancies","94078000",,"Primary malignant neoplasm of superior wall of nasopharynx"
,,"CAN_COD","Codes for relevant malignancies","95261008",,"Sézary's disease of lymph nodes of inguinal region AND/OR lower limb"
,,"CAN_COD","Codes for relevant malignancies","94555002",,"Secondary malignant neoplasm of skin of finger"
,,"CAN_COD","Codes for relevant malignancies","94556001",,"Secondary malignant neoplasm of skin of foot"
,,"CAN_COD","Codes for relevant malignancies","95260009",,"Sézary's disease of lymph nodes of head, face AND/OR neck"
,,"CAN_COD","Codes for relevant malignancies","94557005",,"Secondary malignant neoplasm of skin of forearm"
,,"CAN_COD","Codes for relevant malignancies","94558000",,"Secondary malignant neoplasm of skin of forehead"
,,"CAN_COD","Codes for relevant malignancies","94593007",,"Secondary malignant neoplasm of soft tissues of shoulder"
,,"CAN_COD","Codes for relevant malignancies","94548004",,"Secondary malignant neoplasm of skin of chin"
,,"CAN_COD","Codes for relevant malignancies","94523002",,"Secondary malignant neoplasm of right middle lobe of lung"
,,"CAN_COD","Codes for relevant malignancies","99121000119105",,"Primary adenocarcinoma of vagina"
,,"CAN_COD","Codes for relevant malignancies","99111000119103",,"Primary adenocarcinoma of intestinal tract"
,,"CAN_COD","Codes for relevant malignancies","99101000119101",,"Primary adenocarcinoma of fallopian tube"
,,"CAN_COD","Codes for relevant malignancies","96981000119102",,"Malignant neoplasm of rectosigmoid junction metastatic to brain"
,,"CAN_COD","Codes for relevant malignancies","96291000119105",,"Primary malignant inflammatory neoplasm of female breast"
,,"CAN_COD","Codes for relevant malignancies","96281000119107",,"Overlapping malignant neoplasm of colon and rectum"
,,"CAN_COD","Codes for relevant malignancies","94516003",,"Secondary malignant neoplasm of retina"
,,"CAN_COD","Codes for relevant malignancies","94517007",,"Secondary malignant neoplasm of retrocecal tissue"
,,"CAN_COD","Codes for relevant malignancies","94518002",,"Secondary malignant neoplasm of retromolar area"
,,"CAN_COD","Codes for relevant malignancies","94519005",,"Secondary malignant neoplasm of retroperitoneal lymph nodes"
,,"CAN_COD","Codes for relevant malignancies","94520004",,"Secondary malignant neoplasm of retropharyngeal lymph nodes"
,,"CAN_COD","Codes for relevant malignancies","94521000",,"Secondary malignant neoplasm of rib"
,,"CAN_COD","Codes for relevant malignancies","94537006",,"Secondary malignant neoplasm of shoulder"
,,"CAN_COD","Codes for relevant malignancies","94522007",,"Secondary malignant neoplasm of right lower lobe of lung"
,,"CAN_COD","Codes for relevant malignancies","94080006",,"Primary malignant neoplasm of supraglottis"
,,"CAN_COD","Codes for relevant malignancies","94524008",,"Secondary malignant neoplasm of right upper lobe of lung"
,,"CAN_COD","Codes for relevant malignancies","94525009",,"Secondary malignant neoplasm of round ligament of uterus"
,,"CAN_COD","Codes for relevant malignancies","94526005",,"Secondary malignant neoplasm of sacrococcygeal region"
,,"CAN_COD","Codes for relevant malignancies","94527001",,"Secondary malignant neoplasm of sacrum"
,,"CAN_COD","Codes for relevant malignancies","94528006",,"Secondary malignant neoplasm of scalene lymph nodes"
,,"CAN_COD","Codes for relevant malignancies","94529003",,"Secondary malignant neoplasm of scapula"
,,"CAN_COD","Codes for relevant malignancies","94530008",,"Secondary malignant neoplasm of sclera"
,,"CAN_COD","Codes for relevant malignancies","94531007",,"Secondary malignant neoplasm of scrotum"
,,"CAN_COD","Codes for relevant malignancies","94532000",,"Secondary malignant neoplasm of sebaceous gland"
,,"CAN_COD","Codes for relevant malignancies","94533005",,"Secondary malignant neoplasm of second cuneiform bone of foot"
,,"CAN_COD","Codes for relevant malignancies","94534004",,"Secondary malignant neoplasm of septum of nose"
,,"CAN_COD","Codes for relevant malignancies","95264000",,"Sézary's disease of extranodal AND/OR solid organ site"
,,"CAN_COD","Codes for relevant malignancies","9541000119105",,"Primary adenocarcinoma of gallbladder"
,,"CAN_COD","Codes for relevant malignancies","94087009",,"Primary malignant neoplasm of testis"
,,"CAN_COD","Codes for relevant malignancies","94153001",,"Secondary malignant neoplasm of abducens nerve"
,,"CAN_COD","Codes for relevant malignancies","94559008",,"Secondary malignant neoplasm of skin of groin"
,,"CAN_COD","Codes for relevant malignancies","94148006",,"Megakaryocytic leukemia in remission"
,,"CAN_COD","Codes for relevant malignancies","94704006",,"Multiple myeloma in remission"
,,"CAN_COD","Codes for relevant malignancies","94690004",,"Mixed cell type lymphosarcoma of lymph nodes of head, face, and neck"
,,"CAN_COD","Codes for relevant malignancies","94688000",,"Mixed cell type lymphosarcoma of intrathoracic lymph nodes"
,,"CAN_COD","Codes for relevant malignancies","94687005",,"Mixed cell type lymphosarcoma of intrapelvic lymph nodes"
,,"CAN_COD","Codes for relevant malignancies","94144008",,"Primary malignant neoplasm of Waldeyer's ring"
,,"CAN_COD","Codes for relevant malignancies","94686001",,"Mixed cell type lymphosarcoma of intra-abdominal lymph nodes"
,,"CAN_COD","Codes for relevant malignancies","94143002",,"Primary malignant neoplasm of vulva"
,,"CAN_COD","Codes for relevant malignancies","94683009",,"Secondary malignant neoplasm of zygomatic bone"
,,"CAN_COD","Codes for relevant malignancies","94629006",,"Secondary malignant neoplasm of thigh"
,,"CAN_COD","Codes for relevant malignancies","94086000",,"Primary malignant neoplasm of temporal lobe"
,,"CAN_COD","Codes for relevant malignancies","94154007",,"Secondary malignant neoplasm of accessory nerve"
,,"CAN_COD","Codes for relevant malignancies","94581003",,"Secondary malignant neoplasm of soft palate"
,,"CAN_COD","Codes for relevant malignancies","94582005",,"Secondary malignant neoplasm of soft tissues of abdomen"
,,"CAN_COD","Codes for relevant malignancies","94583000",,"Secondary malignant neoplasm of soft tissues of axilla"
,,"CAN_COD","Codes for relevant malignancies","94584006",,"Secondary malignant neoplasm of soft tissues of buttock"
,,"CAN_COD","Codes for relevant malignancies","94089007",,"Primary malignant neoplasm of the mesocolon"
,,"CAN_COD","Codes for relevant malignancies","94585007",,"Secondary malignant neoplasm of soft tissues of face"
,,"CAN_COD","Codes for relevant malignancies","94586008",,"Secondary malignant neoplasm of soft tissues of head"
,,"CAN_COD","Codes for relevant malignancies","94587004",,"Secondary malignant neoplasm of soft tissues of hip"
,,"CAN_COD","Codes for relevant malignancies","94588009",,"Secondary malignant neoplasm of soft tissues of inguinal region"
,,"CAN_COD","Codes for relevant malignancies","94589001",,"Secondary malignant neoplasm of soft tissues of lower limb"
,,"CAN_COD","Codes for relevant malignancies","94590005",,"Secondary malignant neoplasm of soft tissues of neck"
,,"CAN_COD","Codes for relevant malignancies","94682004",,"Secondary malignant neoplasm of Waldeyer's ring"
,,"CAN_COD","Codes for relevant malignancies","94569002",,"Secondary malignant neoplasm of skin of popliteal area"
,,"CAN_COD","Codes for relevant malignancies","94560003",,"Secondary malignant neoplasm of skin of hand"
,,"CAN_COD","Codes for relevant malignancies","94561004",,"Secondary malignant neoplasm of skin of hip"
,,"CAN_COD","Codes for relevant malignancies","95209008",,"Plasma cell leukemia in remission"
,,"CAN_COD","Codes for relevant malignancies","95194004",,"Nodular lymphoma of extranodal AND/OR solid organ site"
,,"CAN_COD","Codes for relevant malignancies","94562006",,"Secondary malignant neoplasm of skin of knee"
,,"CAN_COD","Codes for relevant malignancies","94564007",,"Secondary malignant neoplasm of skin of lip"
,,"CAN_COD","Codes for relevant malignancies","94082003",,"Primary malignant neoplasm of tail of pancreas"
,,"CAN_COD","Codes for relevant malignancies","94565008",,"Secondary malignant neoplasm of skin of lower limb"
,,"CAN_COD","Codes for relevant malignancies","94158005",,"Secondary malignant neoplasm of adenoid"
,,"CAN_COD","Codes for relevant malignancies","94718004",,"Myeloid sarcoma in remission"
,,"CAN_COD","Codes for relevant malignancies","94567000",,"Secondary malignant neoplasm of skin of nose"
,,"CAN_COD","Codes for relevant malignancies","94152006",,"Secondary malignant neoplasm of abdominal esophagus"
,,"CAN_COD","Codes for relevant malignancies","94568005",,"Secondary malignant neoplasm of skin of perineum"
,,"CAN_COD","Codes for relevant malignancies","94157000",,"Secondary malignant neoplasm of acromion"
,,"CAN_COD","Codes for relevant malignancies","94155008",,"Secondary malignant neoplasm of accessory sinus"
,,"CAN_COD","Codes for relevant malignancies","94715001",,"Mycosis fungoides of extranodal AND/OR solid organ site"
,,"CAN_COD","Codes for relevant malignancies","94156009",,"Secondary malignant neoplasm of acoustic nerve"
,,"CAN_COD","Codes for relevant malignancies","94578008",,"Secondary malignant neoplasm of skin of wrist"
,,"CAN_COD","Codes for relevant malignancies","94577003",,"Secondary malignant neoplasm of skin of upper limb"
,,"CAN_COD","Codes for relevant malignancies","94716000",,"Myeloid leukemia in remission"
,,"CAN_COD","Codes for relevant malignancies","94084002",,"Primary malignant neoplasm of tarsal bone"
,,"CAN_COD","Codes for relevant malignancies","94574005",,"Secondary malignant neoplasm of skin of toe"
,,"CAN_COD","Codes for relevant malignancies","94573004",,"Secondary malignant neoplasm of skin of thigh"
,,"CAN_COD","Codes for relevant malignancies","94572009",,"Secondary malignant neoplasm of skin of temporal region"
,,"CAN_COD","Codes for relevant malignancies","94571002",,"Secondary malignant neoplasm of skin of shoulder"
,,"CAN_COD","Codes for relevant malignancies","94570001",,"Secondary malignant neoplasm of skin of scalp"
,,"CAN_COD","Codes for relevant malignancies","94576007",,"Secondary malignant neoplasm of skin of umbilicus"
,,"CAN_COD","Codes for relevant malignancies","133531000119104",,"Malignant neuroendocrine tumor"
,,"CAN_COD","Codes for relevant malignancies","269616004",,"Secondary nodes - axilla/arm"
,,"CAN_COD","Codes for relevant malignancies","269581007",,"Malignant melanoma of lower limb"
,,"CAN_COD","Codes for relevant malignancies","269578002",,"Malignant melanoma of head and neck"
,,"CAN_COD","Codes for relevant malignancies","269544008",,"Carcinoma of the rectosigmoid junction"
,,"CAN_COD","Codes for relevant malignancies","269533000",,"Carcinoma of colon"
,,"CAN_COD","Codes for relevant malignancies","269516007",,"Tongue carcinoma"
,,"CAN_COD","Codes for relevant malignancies","128465005",,"Secondary malignant neoplasm of articular cartilage"
,,"CAN_COD","Codes for relevant malignancies","128466006",,"Primary malignant neoplasm of articular cartilage"
,,"CAN_COD","Codes for relevant malignancies","128874001",,"Cutaneous CD30+ lymphoproliferative disorder"
,,"CAN_COD","Codes for relevant malignancies","281564008",,"Pelvic neuroblastoma"
,,"CAN_COD","Codes for relevant malignancies","13351431000119102",,"Secondary malignant neoplasm of lymph nodes of neck from thyroid"
,,"CAN_COD","Codes for relevant malignancies","127220001",,"Malignant lymphoma of lymph nodes"
,,"CAN_COD","Codes for relevant malignancies","133751000119102",,"Lymphoma of colon"
,,"CAN_COD","Codes for relevant malignancies","133871000119103",,"Merkel cell carcinoma of upper limb"
,,"CAN_COD","Codes for relevant malignancies","133881000119100",,"Merkel cell carcinoma of lower limb"
,,"CAN_COD","Codes for relevant malignancies","134312002",,"Odontogenic ghost cell carcinoma"
,,"CAN_COD","Codes for relevant malignancies","145831000119103",,"Primary malignant germ cell neoplasm"
,,"CAN_COD","Codes for relevant malignancies","147131000119101",,"Glioblastoma multiforme of central nervous system"
,,"CAN_COD","Codes for relevant malignancies","15635801000119106",,"Primary malignant neoplasm of bilateral female breasts"
,,"CAN_COD","Codes for relevant malignancies","15956181000119102",,"Secondary adenocarcinoma of bilateral lungs"
,,"CAN_COD","Codes for relevant malignancies","15956341000119105",,"Adenocarcinoma of left lung"
,,"CAN_COD","Codes for relevant malignancies","13048006",,"Orbital lymphoma"
,,"CAN_COD","Codes for relevant malignancies","12240991000119102",,"Squamous cell carcinoma of right lung"
,,"CAN_COD","Codes for relevant malignancies","275397008",,"Carcinoma of midline of tongue"
,,"CAN_COD","Codes for relevant malignancies","275396004",,"Carcinoma of anterior two-thirds of tongue - dorsal surface"
,,"CAN_COD","Codes for relevant malignancies","275395000",,"Carcinoma anterior 2/3 tongue ventrum"
,,"CAN_COD","Codes for relevant malignancies","275394001",,"Carcinoma ventral surface of tongue"
,,"CAN_COD","Codes for relevant malignancies","275266006",,"Metastasis to digestive organs"
,,"CAN_COD","Codes for relevant malignancies","274905008",,"Malignant lymphoma - lymphocytic, intermediate differentiation"
,,"CAN_COD","Codes for relevant malignancies","274902006",,"Combined hepatocellular carcinoma and cholangiocarcinoma"
,,"CAN_COD","Codes for relevant malignancies","274085008",,"Tonsil carcinoma"
,,"CAN_COD","Codes for relevant malignancies","274084007",,"Palate carcinoma"
,,"CAN_COD","Codes for relevant malignancies","269617008",,"Secondary nodes - inguinal/leg"
,,"CAN_COD","Codes for relevant malignancies","12240951000119107",,"Squamous cell carcinoma of left lung"
,,"CAN_COD","Codes for relevant malignancies","128041000119107",,"Primary adenocarcinoma of distal third of esophagus"
,,"CAN_COD","Codes for relevant malignancies","12246561000119101",,"Secondary malignant neoplasm of bilateral adrenal glands"
,,"CAN_COD","Codes for relevant malignancies","12301000132103",,"Acute lymphoid leukemia relapse"
,,"CAN_COD","Codes for relevant malignancies","12311000132101",,"Refractory acute lymphoid leukemia"
,,"CAN_COD","Codes for relevant malignancies","123313007",,"Alpha heavy chain disease, enteric form"
,,"CAN_COD","Codes for relevant malignancies","123631000119103",,"Malignant poorly differentiated neuroendocrine carcinoma"
,,"CAN_COD","Codes for relevant malignancies","123842006",,"Endocervical adenocarcinoma"
,,"CAN_COD","Codes for relevant malignancies","123845008",,"Adenocarcinoma of endometrium"
,,"CAN_COD","Codes for relevant malignancies","127066000",,"Familial polycythemia vera"
,,"CAN_COD","Codes for relevant malignancies","127070008",,"Malignant histiocytic disorder"
,,"CAN_COD","Codes for relevant malignancies","1651000119109",,"Primary adenocarcinoma of pancreas"
,,"CAN_COD","Codes for relevant malignancies","271943005",,"Carcinoma of base of tongue"
,,"CAN_COD","Codes for relevant malignancies","255078002",,"Malignant tumor of esophagus, stomach and duodenum"
,,"CAN_COD","Codes for relevant malignancies","15956381000119100",,"Adenocarcinoma of right lung"
,,"CAN_COD","Codes for relevant malignancies","184781000119102",,"Primary adenocarcinoma of cervix uteri"
,,"CAN_COD","Codes for relevant malignancies","184871000119108",,"Primary adenocarcinoma of pelvis"
,,"CAN_COD","Codes for relevant malignancies","184881000119106",,"Primary adenocarcinoma of rectosigmoid junction"
,,"CAN_COD","Codes for relevant malignancies","184891000119109",,"Primary adenocarcinoma of small intestine"
,,"CAN_COD","Codes for relevant malignancies","255101006",,"Sézary disease of skin"
,,"CAN_COD","Codes for relevant malignancies","255093003",,"Malignant skin tumor with adnexal differentiation"
,,"CAN_COD","Codes for relevant malignancies","255088001",,"Malignant tumor of exocrine pancreas"
,,"CAN_COD","Codes for relevant malignancies","255087006",,"Malignant polyp of biliary tract"
,,"CAN_COD","Codes for relevant malignancies","255108000",,"Carcinoma of bladder"
,,"CAN_COD","Codes for relevant malignancies","255083005",,"Malignant tumor of anus and anal canal"
,,"CAN_COD","Codes for relevant malignancies","255109008",,"Transitional cell carcinoma of bladder"
,,"CAN_COD","Codes for relevant malignancies","255075004",,"Malignant tumor of lateral nasal wall"
,,"CAN_COD","Codes for relevant malignancies","255074000",,"Malignant tumor of nasal cavity and nasopharynx"
,,"CAN_COD","Codes for relevant malignancies","255073006",,"Malignant tumor of ear, nose and throat"
,,"CAN_COD","Codes for relevant malignancies","255072001",,"Malignant tumor of salivary gland"
,,"CAN_COD","Codes for relevant malignancies","255071008",,"Squamous cell carcinoma of lip"
,,"CAN_COD","Codes for relevant malignancies","255044008",,"Malignant pinealoma"
,,"CAN_COD","Codes for relevant malignancies","255037004",,"Parathyroid carcinoma"
,,"CAN_COD","Codes for relevant malignancies","255035007",,"Adrenal carcinoma"
,,"CAN_COD","Codes for relevant malignancies","255032005",,"Medullary thyroid carcinoma"
,,"CAN_COD","Codes for relevant malignancies","255031003",,"Anaplastic thyroid carcinoma"
,,"CAN_COD","Codes for relevant malignancies","255084004",,"Squamous cell carcinoma of anal margin"
,,"CAN_COD","Codes for relevant malignancies","255127006",,"Local tumor spread"
,,"CAN_COD","Codes for relevant malignancies","276420005",,"Malignant tumor of corpus cavernosum"
,,"CAN_COD","Codes for relevant malignancies","1661000119106",,"Metastasis to lung from adenocarcinoma"
,,"CAN_COD","Codes for relevant malignancies","269463006",,"Malignant tumor of middle ear and mastoid"
,,"CAN_COD","Codes for relevant malignancies","1671000119100",,"Metastasis to lymph node from squamous cell carcinoma"
,,"CAN_COD","Codes for relevant malignancies","1681000119102",,"Metastasis to lymph node from adenocarcinoma"
,,"CAN_COD","Codes for relevant malignancies","1691000119104",,"Metastasis to liver from adenocarcinoma"
,,"CAN_COD","Codes for relevant malignancies","1701000119104",,"Primary adenocarcinoma of colon"
,,"CAN_COD","Codes for relevant malignancies","18121000119104",,"Primary squamous cell carcinoma of palatine tonsil"
,,"CAN_COD","Codes for relevant malignancies","255191003",,"Localized malignant reticulohistiocytoma"
,,"CAN_COD","Codes for relevant malignancies","184741000119107",,"Primary adenocarcinoma of anus"
,,"CAN_COD","Codes for relevant malignancies","255128001",,"Malignant infiltration of peripheral nerve"
,,"CAN_COD","Codes for relevant malignancies","16260631000119101",,"Secondary malignant neoplasm of lymph node from neoplasm of female breast"
,,"CAN_COD","Codes for relevant malignancies","255124004",,"Metastasis to peripheral nerve"
,,"CAN_COD","Codes for relevant malignancies","255123005",,"Metastasis to nervous system and eye"
,,"CAN_COD","Codes for relevant malignancies","255121007",,"Carcinomatosis of peritoneal cavity"
,,"CAN_COD","Codes for relevant malignancies","255119002",,"Lymphangitis carcinomatosa"
,,"CAN_COD","Codes for relevant malignancies","255118005",,"Secondary lymphangitic carcinoma"
,,"CAN_COD","Codes for relevant malignancies","255115008",,"Kaposi's sarcoma of cornea"
,,"CAN_COD","Codes for relevant malignancies","255114007",,"Kaposi's sarcoma of conjunctiva"
,,"CAN_COD","Codes for relevant malignancies","255112006",,"Malignant tumor of pituitary and hypothalamus"
,,"CAN_COD","Codes for relevant malignancies","255111004",,"Squamous cell carcinoma of bladder"
,,"CAN_COD","Codes for relevant malignancies","255110003",,"Adenocarcinoma of bladder"
,,"CAN_COD","Codes for relevant malignancies","255129009",,"Malignant infiltration of peripheral nerve plexus"
,,"CAN_COD","Codes for relevant malignancies","277623009",,"Monocytoid B-cell lymphoma"
,,"CAN_COD","Codes for relevant malignancies","277604002",,"Acute eosinophilic leukemia"
,,"CAN_COD","Codes for relevant malignancies","277651000",,"Peripheral T-cell lymphoma - pleomorphic small cell"
,,"CAN_COD","Codes for relevant malignancies","277643003",,"High grade T-cell lymphoma"
,,"CAN_COD","Codes for relevant malignancies","277642008",,"Low grade T-cell lymphoma"
,,"CAN_COD","Codes for relevant malignancies","277637000",,"Large cell anaplastic lymphoma"
,,"CAN_COD","Codes for relevant malignancies","277632006",,"Diffuse malignant lymphoma - centroblastic polymorphic"
,,"CAN_COD","Codes for relevant malignancies","277629008",,"Diffuse malignant lymphoma - large non-cleaved cell"
,,"CAN_COD","Codes for relevant malignancies","277628000",,"Diffuse malignant lymphoma - large cleaved cell"
,,"CAN_COD","Codes for relevant malignancies","277627005",,"Nodular high grade B-cell lymphoma"
,,"CAN_COD","Codes for relevant malignancies","109985000",,"Immunoproliferative small intestinal disease"
,,"CAN_COD","Codes for relevant malignancies","277624003",,"Follicular malignant lymphoma - mixed cell type"
,,"CAN_COD","Codes for relevant malignancies","277664004",,"Malignant lymphoma of testis"
,,"CAN_COD","Codes for relevant malignancies","277618009",,"Follicular low grade B-cell lymphoma"
,,"CAN_COD","Codes for relevant malignancies","277617004",,"High grade B-cell lymphoma"
,,"CAN_COD","Codes for relevant malignancies","277616008",,"Diffuse low grade B-cell lymphoma"
,,"CAN_COD","Codes for relevant malignancies","277614006",,"Prethymic and thymic T-cell lymphoma/leukemia"
,,"CAN_COD","Codes for relevant malignancies","277612005",,"Hodgkin's disease, nodular sclerosis - lymphocytic depletion"
,,"CAN_COD","Codes for relevant malignancies","277611003",,"Hodgkin's disease, nodular sclerosis - mixed cellularity"
,,"CAN_COD","Codes for relevant malignancies","277610002",,"Hodgkin's disease, nodular sclerosis - lymphocytic predominance"
,,"CAN_COD","Codes for relevant malignancies","277609007",,"Hodgkin's disease, lymphocytic predominance - diffuse"
,,"CAN_COD","Codes for relevant malignancies","11010461000119101",,"Small cell carcinoma"
,,"CAN_COD","Codes for relevant malignancies","275490009",,"Carcinoma of tongue base - dorsal surface"
,,"CAN_COD","Codes for relevant malignancies","277626001",,"Diffuse high grade B-cell lymphoma"
,,"CAN_COD","Codes for relevant malignancies","278054005",,"Lobular carcinoma of breast"
,,"CAN_COD","Codes for relevant malignancies","281563002",,"Thoracic neuroblastoma"
,,"CAN_COD","Codes for relevant malignancies","281562007",,"Adrenal neuroblastoma"
,,"CAN_COD","Codes for relevant malignancies","281560004",,"Neuroblastoma of brain"
,,"CAN_COD","Codes for relevant malignancies","278491007",,"Mixed seminoma teratoma of testis"
,,"CAN_COD","Codes for relevant malignancies","278453007",,"Acute biphenotypic leukemia"
,,"CAN_COD","Codes for relevant malignancies","278433008",,"Malignant infiltration of soft tissue"
,,"CAN_COD","Codes for relevant malignancies","278189009",,"Hypergranular promyelocytic leukemia"
,,"CAN_COD","Codes for relevant malignancies","109979007",,"B-cell lymphoma"
,,"CAN_COD","Codes for relevant malignancies","278060005",,"Endometrioid carcinoma of prostate"
,,"CAN_COD","Codes for relevant malignancies","277653002",,"Peripheral T-cell lymphoma - pleomorphic medium and large cell"
,,"CAN_COD","Codes for relevant malignancies","278055006",,"Malignant Leydig cell tumor of testis"
,,"CAN_COD","Codes for relevant malignancies","277602003",,"Acute megakaryoblastic leukemia"
,,"CAN_COD","Codes for relevant malignancies","278053004",,"Intraductal carcinoma of breast"
,,"CAN_COD","Codes for relevant malignancies","278052009",,"Malignant lymphoma of breast"
,,"CAN_COD","Codes for relevant malignancies","278051002",,"Malignant lymphoma of thyroid gland"
,,"CAN_COD","Codes for relevant malignancies","278050001",,"Sarcoma of breast"
,,"CAN_COD","Codes for relevant malignancies","278046008",,"Sarcoma of bladder"
,,"CAN_COD","Codes for relevant malignancies","278044006",,"Malignant neuroma of mediastinum"
,,"CAN_COD","Codes for relevant malignancies","278043000",,"Malignant seminoma of mediastinum"
,,"CAN_COD","Codes for relevant malignancies","278042005",,"Malignant teratoma of mediastinum"
,,"CAN_COD","Codes for relevant malignancies","278024000",,"Rhabdomyosarcoma of bladder"
,,"CAN_COD","Codes for relevant malignancies","277782009",,"Malignant peritoneal local recurrence"
,,"CAN_COD","Codes for relevant malignancies","278057003",,"Sertoli cell tumor of testis"
,,"CAN_COD","Codes for relevant malignancies","276822007",,"Malignant melanoma of rectum"
,,"CAN_COD","Codes for relevant malignancies","116381000119105",,"Ganglioneuroblastoma"
,,"CAN_COD","Codes for relevant malignancies","276954004",,"Squamous cell carcinoma of floor of mouth"
,,"CAN_COD","Codes for relevant malignancies","276953005",,"Squamous cell carcinoma of gum"
,,"CAN_COD","Codes for relevant malignancies","276952000",,"Squamous cell carcinoma of tongue"
,,"CAN_COD","Codes for relevant malignancies","276876007",,"Carcinoma of Bartholin's gland"
,,"CAN_COD","Codes for relevant malignancies","276870001",,"Carcinoma of fallopian tube"
,,"CAN_COD","Codes for relevant malignancies","276836002",,"Primary cerebral lymphoma"
,,"CAN_COD","Codes for relevant malignancies","276829003",,"Glioblastoma multiforme of spinal cord"
,,"CAN_COD","Codes for relevant malignancies","276828006",,"Glioblastoma multiforme of brain"
,,"CAN_COD","Codes for relevant malignancies","276975007",,"Carcinoma of larynx"
,,"CAN_COD","Codes for relevant malignancies","276826005",,"Malignant glioma of brain"
,,"CAN_COD","Codes for relevant malignancies","277461004",,"Anaplastic astrocytoma of brain"
,,"CAN_COD","Codes for relevant malignancies","276821000",,"Malignant melanoma of anus"
,,"CAN_COD","Codes for relevant malignancies","276815004",,"Lymphoma of intestine"
,,"CAN_COD","Codes for relevant malignancies","276811008",,"Gastric lymphoma"
,,"CAN_COD","Codes for relevant malignancies","276810009",,"Late gastric cancer"
,,"CAN_COD","Codes for relevant malignancies","276809004",,"Early gastric cancer"
,,"CAN_COD","Codes for relevant malignancies","276804009",,"Squamous cell carcinoma of esophagus"
,,"CAN_COD","Codes for relevant malignancies","276803003",,"Adenocarcinoma of esophagus"
,,"CAN_COD","Codes for relevant malignancies","276797002",,"Malignant tumor of fibrous tissue"
,,"CAN_COD","Codes for relevant malignancies","276751004",,"Amelanotic malignant melanoma of skin"
,,"CAN_COD","Codes for relevant malignancies","255028004",,"Follicular thyroid carcinoma"
,,"CAN_COD","Codes for relevant malignancies","276827001",,"Malignant glioma of spinal cord"
,,"CAN_COD","Codes for relevant malignancies","277569004",,"Large granular lymphocytic leukemia"
,,"CAN_COD","Codes for relevant malignancies","116811000119106",,"Non-Hodgkin lymphoma of central nervous system metastatic to lymph node of lower limb"
,,"CAN_COD","Codes for relevant malignancies","116821000119104",,"Non-Hodgkin lymphoma of central nervous system metastatic to lymph node of upper limb"
,,"CAN_COD","Codes for relevant malignancies","277589003",,"Atypical chronic myeloid leukemia"
,,"CAN_COD","Codes for relevant malignancies","277587001",,"Juvenile chronic myeloid leukemia"
,,"CAN_COD","Codes for relevant malignancies","277580004",,"Non-secretory myeloma"
,,"CAN_COD","Codes for relevant malignancies","277579002",,"Light chain myeloma"
,,"CAN_COD","Codes for relevant malignancies","277575008",,"T-cell acute lymphoblastic leukemia"
,,"CAN_COD","Codes for relevant malignancies","277574007",,"Null cell acute lymphoblastic leukemia"
,,"CAN_COD","Codes for relevant malignancies","277573001",,"Common acute lymphoblastic leukemia"
,,"CAN_COD","Codes for relevant malignancies","276962007",,"Squamous cell carcinoma of palate"
,,"CAN_COD","Codes for relevant malignancies","277570003",,"Lymphoma with spill"
,,"CAN_COD","Codes for relevant malignancies","276419004",,"Malignant tumor of corpus spongiosum"
,,"CAN_COD","Codes for relevant malignancies","277568007",,"Hairy cell leukemia variant"
,,"CAN_COD","Codes for relevant malignancies","277551008",,"Splenic lymphoma with villous lymphocytes"
,,"CAN_COD","Codes for relevant malignancies","277550009",,"Richter's syndrome"
,,"CAN_COD","Codes for relevant malignancies","277549009",,"Chronic lymphocytic prolymphocytic leukemia syndrome"
,,"CAN_COD","Codes for relevant malignancies","277545003",,"T-cell chronic lymphocytic leukemia"
,,"CAN_COD","Codes for relevant malignancies","277543005",,"Malignant white blood cell disorder"
,,"CAN_COD","Codes for relevant malignancies","277530005",,"Malignant melanoma of meninges"
,,"CAN_COD","Codes for relevant malignancies","277505007",,"Medulloblastoma of cerebellum"
,,"CAN_COD","Codes for relevant malignancies","277474005",,"B-cell chronic lymphocytic leukemia variant"
,,"CAN_COD","Codes for relevant malignancies","277466009",,"Lymphoproliferative disorder"
,,"CAN_COD","Codes for relevant malignancies","277572006",,"Pre B-cell acute lymphoblastic leukemia"
,,"CAN_COD","Codes for relevant malignancies","254454009",,"Carcinoma of lower labial sulcus"
,,"CAN_COD","Codes for relevant malignancies","254424004",,"Carcinoma of upper gum"
,,"CAN_COD","Codes for relevant malignancies","254513004",,"Malignant tumor of posterior commissure"
,,"CAN_COD","Codes for relevant malignancies","254509006",,"Malignant tumor of anterior commissure"
,,"CAN_COD","Codes for relevant malignancies","254503007",,"Malignant tumor of inferior surface of soft palate"
,,"CAN_COD","Codes for relevant malignancies","254481009",,"Malignant tumor of middle turbinate"
,,"CAN_COD","Codes for relevant malignancies","254478004",,"Malignant tumor of inferior turbinate"
,,"CAN_COD","Codes for relevant malignancies","254474002",,"Malignant tumor of nasal skeleton"
,,"CAN_COD","Codes for relevant malignancies","254466003",,"Carcinoma of sublingual gland"
,,"CAN_COD","Codes for relevant malignancies","254465004",,"Carcinoma of submandibular gland"
,,"CAN_COD","Codes for relevant malignancies","254520006",,"Malignant tumor of infrahyoid epiglottis"
,,"CAN_COD","Codes for relevant malignancies","254457002",,"Carcinoma of retromolar area"
,,"CAN_COD","Codes for relevant malignancies","254526000",,"Malignant tumor of laryngeal ventricle"
,,"CAN_COD","Codes for relevant malignancies","254450000",,"Carcinoma of upper labial sulcus"
,,"CAN_COD","Codes for relevant malignancies","254445006",,"Carcinoma of lower buccal sulcus"
,,"CAN_COD","Codes for relevant malignancies","254441002",,"Carcinoma of upper buccal sulcus"
,,"CAN_COD","Codes for relevant malignancies","254437001",,"Squamous cell carcinoma of buccal mucosa"
,,"CAN_COD","Codes for relevant malignancies","254436005",,"Carcinoma of uvula"
,,"CAN_COD","Codes for relevant malignancies","254435009",,"Carcinoma of soft palate"
,,"CAN_COD","Codes for relevant malignancies","254434008",,"Carcinoma of hard palate"
,,"CAN_COD","Codes for relevant malignancies","254431000",,"Carcinoma of lateral part of floor of mouth"
,,"CAN_COD","Codes for relevant malignancies","254427006",,"Carcinoma of anterior part of floor of mouth"
,,"CAN_COD","Codes for relevant malignancies","254625005",,"Malignant tumor of lung parenchyma"
,,"CAN_COD","Codes for relevant malignancies","254462001",,"Carcinoma of parotid gland"
,,"CAN_COD","Codes for relevant malignancies","254559002",,"Carcinoma of pyloric antrum"
,,"CAN_COD","Codes for relevant malignancies","255030002",,"Mixed follicular and papillary thyroid carcinoma"
,,"CAN_COD","Codes for relevant malignancies","254620000",,"Squamous cell carcinoma of trachea"
,,"CAN_COD","Codes for relevant malignancies","254619006",,"Adenoid cystic carcinoma of trachea"
,,"CAN_COD","Codes for relevant malignancies","254612002",,"Carcinoma of endocrine pancreas"
,,"CAN_COD","Codes for relevant malignancies","254611009",,"Malignant tumor of endocrine pancreas"
,,"CAN_COD","Codes for relevant malignancies","254609000",,"Carcinoma of ampulla of Vater"
,,"CAN_COD","Codes for relevant malignancies","254586002",,"Malignant tumor of anorectal junction"
,,"CAN_COD","Codes for relevant malignancies","254570009",,"Carcinoma of duodenum"
,,"CAN_COD","Codes for relevant malignancies","254567005",,"Carcinoma of greater curve of stomach"
,,"CAN_COD","Codes for relevant malignancies","254517003",,"Malignant tumor of suprahyoid epiglottis"
,,"CAN_COD","Codes for relevant malignancies","254561006",,"Carcinoma of pylorus"
,,"CAN_COD","Codes for relevant malignancies","254423005",,"Carcinoma of lingual tonsil"
,,"CAN_COD","Codes for relevant malignancies","254557000",,"Carcinoma of body of stomach"
,,"CAN_COD","Codes for relevant malignancies","254555008",,"Carcinoma of fundus of stomach"
,,"CAN_COD","Codes for relevant malignancies","254553001",,"Carcinoma of cardia"
,,"CAN_COD","Codes for relevant malignancies","254551004",,"Carcinoma of lower third of esophagus"
,,"CAN_COD","Codes for relevant malignancies","254549003",,"Carcinoma of middle third of esophagus"
,,"CAN_COD","Codes for relevant malignancies","254547001",,"Carcinoma of upper third of esophagus"
,,"CAN_COD","Codes for relevant malignancies","254543002",,"Carcinoma of abdominal part of esophagus"
,,"CAN_COD","Codes for relevant malignancies","254539001",,"Carcinoma of thoracic part of esophagus"
,,"CAN_COD","Codes for relevant malignancies","254535007",,"Carcinoma of cervical part of esophagus"
,,"CAN_COD","Codes for relevant malignancies","254530002",,"Malignant tumor of parapharyngeal space"
,,"CAN_COD","Codes for relevant malignancies","254563009",,"Carcinoma of lesser curve of stomach"
,,"CAN_COD","Codes for relevant malignancies","231833004",,"Sebaceous adenocarcinoma of eyelid"
,,"CAN_COD","Codes for relevant malignancies","254425003",,"Carcinoma of lower gum"
,,"CAN_COD","Codes for relevant malignancies","237252008",,"Placental site trophoblastic tumor"
,,"CAN_COD","Codes for relevant malignancies","236811000119101",,"Paget disease of anal canal"
,,"CAN_COD","Codes for relevant malignancies","236513009",,"Lymphoma of kidney"
,,"CAN_COD","Codes for relevant malignancies","236512004",,"Leukemic infiltrate of kidney"
,,"CAN_COD","Codes for relevant malignancies","235966007",,"Cystadenocarcinoma of pancreas"
,,"CAN_COD","Codes for relevant malignancies","235965006",,"Malignant cystic tumor of exocrine pancreas"
,,"CAN_COD","Codes for relevant malignancies","234941000119100",,"Malignant glioma of eye"
,,"CAN_COD","Codes for relevant malignancies","233940007",,"Pulmonary tumor embolism"
,,"CAN_COD","Codes for relevant malignancies","238636003",,"Malignant acanthosis nigricans"
,,"CAN_COD","Codes for relevant malignancies","231835006",,"Kaposi's sarcoma of eyelid"
,,"CAN_COD","Codes for relevant malignancies","239297008",,"Lymphomatoid granulomatosis of the lung"
,,"CAN_COD","Codes for relevant malignancies","231831002",,"Squamous cell carcinoma of eyelid"
,,"CAN_COD","Codes for relevant malignancies","230156002",,"Malignant meningitis"
,,"CAN_COD","Codes for relevant malignancies","21851000119103",,"Malignant pheochromocytoma"
,,"CAN_COD","Codes for relevant malignancies","208041000119100",,"Primary adenocarcinoma of endocervix"
,,"CAN_COD","Codes for relevant malignancies","20224008",,"Delta heavy chain disease"
,,"CAN_COD","Codes for relevant malignancies","190030009",,"Compound leukemias"
,,"CAN_COD","Codes for relevant malignancies","189815007",,"Pulmonary blastoma"
,,"CAN_COD","Codes for relevant malignancies","188526000",,"Hodgkin's paragranuloma of intra-abdominal lymph nodes"
,,"CAN_COD","Codes for relevant malignancies","188251003",,"Hypernephroma"
,,"CAN_COD","Codes for relevant malignancies","105111000119109",,"Primary squamous cell carcinoma of thymus"
,,"CAN_COD","Codes for relevant malignancies","232075002",,"Lymphoma of retina"
,,"CAN_COD","Codes for relevant malignancies","253018005",,"Fibrolamellar hepatocellular carcinoma"
,,"CAN_COD","Codes for relevant malignancies","254417000",,"Carcinoma of frenum linguae"
,,"CAN_COD","Codes for relevant malignancies","254412006",,"Malignant tumor of tip of tongue"
,,"CAN_COD","Codes for relevant malignancies","254408000",,"Malignant tumor of anterior two-thirds of tongue - lateral margin"
,,"CAN_COD","Codes for relevant malignancies","254404003",,"Carcinoma of commissure of lip"
,,"CAN_COD","Codes for relevant malignancies","254402004",,"Carcinoma of frenum of lower lip"
,,"CAN_COD","Codes for relevant malignancies","254398008",,"Carcinoma of frenum of upper lip"
,,"CAN_COD","Codes for relevant malignancies","254393004",,"Carcinoma of frenum of lip"
,,"CAN_COD","Codes for relevant malignancies","254390001",,"Carcinoma of vermilion border of lower lip"
,,"CAN_COD","Codes for relevant malignancies","254389005",,"Carcinoma of vermilion border of upper lip"
,,"CAN_COD","Codes for relevant malignancies","237833006",,"Carcinoid crisis"
,,"CAN_COD","Codes for relevant malignancies","253042009",,"Myxoid dermatofibrosarcoma protuberans"
,,"CAN_COD","Codes for relevant malignancies","254628007",,"Carcinoma of lung parenchyma"
,,"CAN_COD","Codes for relevant malignancies","253017000",,"Klatskin's tumor"
,,"CAN_COD","Codes for relevant malignancies","253001006",,"Merkel cell carcinoma"
,,"CAN_COD","Codes for relevant malignancies","253000007",,"Neuroendocrine carcinoma"
,,"CAN_COD","Codes for relevant malignancies","25050002",,"Alpha heavy chain disease, respiratory form"
,,"CAN_COD","Codes for relevant malignancies","242951000119108",,"Primary squamous cell carcinoma of vermilion border of lip"
,,"CAN_COD","Codes for relevant malignancies","242862004",,"Secondary malignant neoplasm of nasopharyngeal wall"
,,"CAN_COD","Codes for relevant malignancies","241861008",,"Metastatic malignant neoplasm to nasopharynx"
,,"CAN_COD","Codes for relevant malignancies","24111000119105",,"Primary squamous cell carcinoma of upper limb"
,,"CAN_COD","Codes for relevant malignancies","240531002",,"African Burkitt's lymphoma"
,,"CAN_COD","Codes for relevant malignancies","240163000",,"Malignant neoplasm of nasopharyngeal wall"
,,"CAN_COD","Codes for relevant malignancies","253096008",,"Peripheral neuroectodermal tumor"
,,"CAN_COD","Codes for relevant malignancies","254897006",,"Sarcoma of vulva"
,,"CAN_COD","Codes for relevant malignancies","254874008",,"Dysgerminoma of ovary"
,,"CAN_COD","Codes for relevant malignancies","254940005",,"Oligodendroglioma of brain"
,,"CAN_COD","Codes for relevant malignancies","254938000",,"Astrocytoma of brain"
,,"CAN_COD","Codes for relevant malignancies","254934003",,"Malignant tumor of urethral stump"
,,"CAN_COD","Codes for relevant malignancies","254918001",,"Sarcoma of kidney"
,,"CAN_COD","Codes for relevant malignancies","254917006",,"Papillary cystadenocarcinoma of kidney"
,,"CAN_COD","Codes for relevant malignancies","254916002",,"Cystadenocarcinoma of kidney"
,,"CAN_COD","Codes for relevant malignancies","254915003",,"Clear cell carcinoma of kidney"
,,"CAN_COD","Codes for relevant malignancies","254912000",,"Regressed malignant testicular tumor"
,,"CAN_COD","Codes for relevant malignancies","254950006",,"Oligodendroglioma of spinal cord"
,,"CAN_COD","Codes for relevant malignancies","254900004",,"Carcinoma of prostate"
,,"CAN_COD","Codes for relevant malignancies","254955001",,"Pituitary carcinoma"
,,"CAN_COD","Codes for relevant malignancies","254896002",,"Malignant melanoma of vulva"
,,"CAN_COD","Codes for relevant malignancies","254895003",,"Squamous cell carcinoma of vulva"
,,"CAN_COD","Codes for relevant malignancies","254893005",,"Carcinoma of vagina"
,,"CAN_COD","Codes for relevant malignancies","254889004",,"Carcinoma of cervix stage 0"
,,"CAN_COD","Codes for relevant malignancies","254888007",,"Adenosquamous carcinoma of cervix"
,,"CAN_COD","Codes for relevant malignancies","254887002",,"Adenocarcinoma of cervix"
,,"CAN_COD","Codes for relevant malignancies","254886006",,"Squamous cell carcinoma of cervix"
,,"CAN_COD","Codes for relevant malignancies","254878006",,"Endometrial carcinoma"
,,"CAN_COD","Codes for relevant malignancies","254877001",,"Sarcoma of uterus"
,,"CAN_COD","Codes for relevant malignancies","254622008",,"Squamous cell carcinoma of bronchus"
,,"CAN_COD","Codes for relevant malignancies","254904008",,"Carcinoma of glans penis"
,,"CAN_COD","Codes for relevant malignancies","254990009",,"Mucoepidermoid tumor of lacrimal gland"
,,"CAN_COD","Codes for relevant malignancies","147101000119108",,"Primary malignant astrocytoma of central nervous system"
,,"CAN_COD","Codes for relevant malignancies","255017003",,"Adenocarcinoma of non-pigmented epithelium of ciliary body"
,,"CAN_COD","Codes for relevant malignancies","255016007",,"Adenocarcinoma of pigmented epithelium of ciliary body"
,,"CAN_COD","Codes for relevant malignancies","255015006",,"Malignant melanoma of ciliary body"
,,"CAN_COD","Codes for relevant malignancies","255008003",,"Squamous cell carcinoma of cornea"
,,"CAN_COD","Codes for relevant malignancies","255004001",,"Malignant melanoma of conjunctiva"
,,"CAN_COD","Codes for relevant malignancies","255003007",,"Squamous cell carcinoma of conjunctiva"
,,"CAN_COD","Codes for relevant malignancies","254996003",,"Malignant fibrous histiocytoma of orbit"
,,"CAN_COD","Codes for relevant malignancies","254995004",,"Malignant hemangiopericytoma of orbit"
,,"CAN_COD","Codes for relevant malignancies","254948003",,"Astrocytoma of spinal cord"
,,"CAN_COD","Codes for relevant malignancies","254993006",,"Liposarcoma of orbit"
,,"CAN_COD","Codes for relevant malignancies","254872007",,"Embryonal carcinoma of ovary"
,,"CAN_COD","Codes for relevant malignancies","254989000",,"Carcinoma ex pleomorphic adenoma of lacrimal gland"
,,"CAN_COD","Codes for relevant malignancies","254988008",,"Adenocarcinoma of lacrimal gland"
,,"CAN_COD","Codes for relevant malignancies","254987003",,"Adenoid cystic carcinoma of lacrimal gland"
,,"CAN_COD","Codes for relevant malignancies","254986007",,"Malignant tumor of peripheral nerve"
,,"CAN_COD","Codes for relevant malignancies","254983004",,"Malignant tumor of spinal nerve and sheath"
,,"CAN_COD","Codes for relevant malignancies","254975005",,"Malignant meningioma of optic nerve sheath"
,,"CAN_COD","Codes for relevant malignancies","254974009",,"Malignant tumor of optic nerve sheath"
,,"CAN_COD","Codes for relevant malignancies","254973003",,"Malignant astrocytoma of optic nerve"
,,"CAN_COD","Codes for relevant malignancies","254972008",,"Malignant tumor of optic nerve and sheath"
,,"CAN_COD","Codes for relevant malignancies","254969001",,"Malignant tumor of olfactory tract"
,,"CAN_COD","Codes for relevant malignancies","254994000",,"Rhabdomyosarcoma of orbit"
,,"CAN_COD","Codes for relevant malignancies","254713002",,"Mucoepidermoid carcinoma of skin"
,,"CAN_COD","Codes for relevant malignancies","254876005",,"Endodermal sinus tumor of ovary"
,,"CAN_COD","Codes for relevant malignancies","254771006",,"Cutaneous leiomyosarcoma"
,,"CAN_COD","Codes for relevant malignancies","254764001",,"Peripheral neuroepithelioma"
,,"CAN_COD","Codes for relevant malignancies","254748009",,"Cutaneous fibrosarcoma"
,,"CAN_COD","Codes for relevant malignancies","254734009",,"Malignant melanoma arising in congenital nevus"
,,"CAN_COD","Codes for relevant malignancies","254733003",,"Malignant melanoma arising in intradermal nevus"
,,"CAN_COD","Codes for relevant malignancies","254732008",,"Acral lentiginous malignant melanoma of skin"
,,"CAN_COD","Codes for relevant malignancies","254731001",,"Nodular malignant melanoma of skin"
,,"CAN_COD","Codes for relevant malignancies","254730000",,"Superficial spreading malignant melanoma of skin"
,,"CAN_COD","Codes for relevant malignancies","254794007",,"Angiosarcoma of skin"
,,"CAN_COD","Codes for relevant malignancies","254714008",,"Mucinous eccrine carcinoma of skin"
,,"CAN_COD","Codes for relevant malignancies","254797000",,"Malignant hemangiopericytoma of skin"
,,"CAN_COD","Codes for relevant malignancies","254712007",,"Microcystic adnexal carcinoma of skin"
,,"CAN_COD","Codes for relevant malignancies","254711000",,"Adenoid cystic eccrine carcinoma of skin"
,,"CAN_COD","Codes for relevant malignancies","254709009",,"Digital papillary eccrine carcinoma of skin"
,,"CAN_COD","Codes for relevant malignancies","254708001",,"Eccrine porocarcinoma of skin"
,,"CAN_COD","Codes for relevant malignancies","254707006",,"Malignant skin tumor with eccrine differentiation"
,,"CAN_COD","Codes for relevant malignancies","254653005",,"Spindle cell squamous carcinoma of skin"
,,"CAN_COD","Codes for relevant malignancies","254638002",,"Pancoast tumor"
,,"CAN_COD","Codes for relevant malignancies","254635004",,"Epithelioid hemangioendothelioma of lung"
,,"CAN_COD","Codes for relevant malignancies","254633006",,"Oat cell carcinoma of lung"
,,"CAN_COD","Codes for relevant malignancies","254631008",,"Giant cell carcinoma of lung"
,,"CAN_COD","Codes for relevant malignancies","254726003",,"Malignant skin tumor with apocrine differentiation"
,,"CAN_COD","Codes for relevant malignancies","254849005",,"Malignant epithelial tumor of ovary"
,,"CAN_COD","Codes for relevant malignancies","254871000",,"Immature teratoma of ovary"
,,"CAN_COD","Codes for relevant malignancies","254870004",,"Choriocarcinoma of ovary"
,,"CAN_COD","Codes for relevant malignancies","254869000",,"Malignant germ cell tumor of ovary"
,,"CAN_COD","Codes for relevant malignancies","254863004",,"Granulosa cell tumor of ovary"
,,"CAN_COD","Codes for relevant malignancies","254861002",,"Malignant granulosa cell tumor of ovary"
,,"CAN_COD","Codes for relevant malignancies","254860001",,"Malignant sex cord tumor of ovary"
,,"CAN_COD","Codes for relevant malignancies","254856004",,"Undifferentiated carcinoma of ovary"
,,"CAN_COD","Codes for relevant malignancies","254855000",,"Mixed epithelial tumor of ovary"
,,"CAN_COD","Codes for relevant malignancies","254852002",,"Endometrioid carcinoma ovary"
,,"CAN_COD","Codes for relevant malignancies","254792006",,"Proliferating angioendotheliomatosis"
,,"CAN_COD","Codes for relevant malignancies","254850005",,"Serous papillary cystadenocarcinoma ovary"
,,"CAN_COD","Codes for relevant malignancies","255029007",,"Papillary thyroid carcinoma"
,,"CAN_COD","Codes for relevant malignancies","254844000",,"Malignant phyllodes tumor of breast"
,,"CAN_COD","Codes for relevant malignancies","254843006",,"Familial cancer of breast"
,,"CAN_COD","Codes for relevant malignancies","254841008",,"Cancer en cuirasse"
,,"CAN_COD","Codes for relevant malignancies","254840009",,"Inflammatory carcinoma of breast"
,,"CAN_COD","Codes for relevant malignancies","254839007",,"Scirrhous carcinoma of breast"
,,"CAN_COD","Codes for relevant malignancies","254838004",,"Carcinoma of breast"
,,"CAN_COD","Codes for relevant malignancies","254829001",,"Liposarcoma"
,,"CAN_COD","Codes for relevant malignancies","254828009",,"Malignant lipomatous tumor"
,,"CAN_COD","Codes for relevant malignancies","254824006",,"Malignant tumor of mesothelial tissue"
,,"CAN_COD","Codes for relevant malignancies","254800003",,"Epithelioid cell sarcoma of skin"
,,"CAN_COD","Codes for relevant malignancies","254851009",,"Mucinous cystadenocarcinoma of ovary"
,,"CAN_COD","Codes for relevant malignancies","313357008",,"Squamous cell carcinoma of bronchus in right upper lobe"
,,"CAN_COD","Codes for relevant malignancies","304545002",,"Adenocarcinoma of ileum"
,,"CAN_COD","Codes for relevant malignancies","109390005",,"Kaposi's sarcoma of lung"
,,"CAN_COD","Codes for relevant malignancies","314954002",,"Local recurrence of malignant tumor of lung"
,,"CAN_COD","Codes for relevant malignancies","314953008",,"Local recurrence of malignant tumor of thyroid gland"
,,"CAN_COD","Codes for relevant malignancies","314952003",,"Local recurrence of malignant tumor of buccal cavity"
,,"CAN_COD","Codes for relevant malignancies","314951005",,"Local recurrence of malignant tumor of tongue"
,,"CAN_COD","Codes for relevant malignancies","314418005",,"Leukemic infiltrate of retina"
,,"CAN_COD","Codes for relevant malignancies","314408000",,"Leukemic infiltrate of choroid"
,,"CAN_COD","Codes for relevant malignancies","314191009",,"Cystadenocarcinoma of ovary"
,,"CAN_COD","Codes for relevant malignancies","314960002",,"Local recurrence of malignant tumor of esophagus"
,,"CAN_COD","Codes for relevant malignancies","109822001",,"Overlapping malignant neoplasm of lip"
,,"CAN_COD","Codes for relevant malignancies","314961003",,"Local recurrence of malignant tumor of stomach"
,,"CAN_COD","Codes for relevant malignancies","313356004",,"Squamous cell carcinoma of bronchus in right middle lobe"
,,"CAN_COD","Codes for relevant malignancies","313355000",,"Squamous cell carcinoma of bronchus in right lower lobe"
,,"CAN_COD","Codes for relevant malignancies","313354001",,"Squamous cell carcinoma of bronchus in left upper lobe"
,,"CAN_COD","Codes for relevant malignancies","313353007",,"Squamous cell carcinoma of bronchus in left lower lobe"
,,"CAN_COD","Codes for relevant malignancies","109828002",,"Primary malignant neoplasm of salivary gland duct"
,,"CAN_COD","Codes for relevant malignancies","312949007",,"Retinal pigment epithelial adenocarcinoma"
,,"CAN_COD","Codes for relevant malignancies","312115000",,"Carcinoma of splenic flexure"
,,"CAN_COD","Codes for relevant malignancies","312114001",,"Carcinoma of hepatic flexure"
,,"CAN_COD","Codes for relevant malignancies","312113007",,"Carcinoma of descending colon"
,,"CAN_COD","Codes for relevant malignancies","109821008",,"Overlapping malignant neoplasm of gastrointestinal tract"
,,"CAN_COD","Codes for relevant malignancies","314974009",,"Local recurrence of malignant tumor of soft tissue"
,,"CAN_COD","Codes for relevant malignancies","314996003",,"Metastasis from malignant tumor of kidney"
,,"CAN_COD","Codes for relevant malignancies","314995004",,"Metastasis from malignant tumor of bladder"
,,"CAN_COD","Codes for relevant malignancies","314994000",,"Metastasis from malignant tumor of prostate"
,,"CAN_COD","Codes for relevant malignancies","314993006",,"Metastasis from malignant tumor of uterus"
,,"CAN_COD","Codes for relevant malignancies","314992001",,"Metastasis from malignant tumor of cervix"
,,"CAN_COD","Codes for relevant malignancies","314991008",,"Metastasis from malignant tumor of adrenal gland"
,,"CAN_COD","Codes for relevant malignancies","314990009",,"Metastasis from malignant tumor of bone"
,,"CAN_COD","Codes for relevant malignancies","314989000",,"Metastasis from malignant tumor of soft tissues"
,,"CAN_COD","Codes for relevant malignancies","314988008",,"Metastasis from malignant tumor of skin"
,,"CAN_COD","Codes for relevant malignancies","109389001",,"Kaposi's sarcoma of gastrointestinal tract"
,,"CAN_COD","Codes for relevant malignancies","314976006",,"Local recurrence of malignant melanoma of skin"
,,"CAN_COD","Codes for relevant malignancies","312104005",,"Cholangiocarcinoma of biliary tract"
,,"CAN_COD","Codes for relevant malignancies","314973003",,"Local recurrence of malignant tumor of bone"
,,"CAN_COD","Codes for relevant malignancies","314970000",,"Local recurrence of malignant tumor of cervix"
,,"CAN_COD","Codes for relevant malignancies","314969001",,"Local recurrence of malignant tumor of prostate"
,,"CAN_COD","Codes for relevant malignancies","314967004",,"Local recurrence of malignant tumor of kidney"
,,"CAN_COD","Codes for relevant malignancies","314966008",,"Local recurrence of malignant tumor of rectum"
,,"CAN_COD","Codes for relevant malignancies","314965007",,"Local recurrence of malignant tumor of colon"
,,"CAN_COD","Codes for relevant malignancies","314964006",,"Local recurrence of malignant tumor of pancreas"
,,"CAN_COD","Codes for relevant malignancies","314963000",,"Local recurrence of malignant tumor of liver"
,,"CAN_COD","Codes for relevant malignancies","314962005",,"Local recurrence of malignant tumor of gallbladder"
,,"CAN_COD","Codes for relevant malignancies","314987003",,"Metastasis from malignant melanoma of skin"
,,"CAN_COD","Codes for relevant malignancies","307502000",,"Squamous cell carcinoma of mouth"
,,"CAN_COD","Codes for relevant malignancies","307617006",,"Neutrophilic leukemia"
,,"CAN_COD","Codes for relevant malignancies","307610008",,"Pilomatrix carcinoma of skin"
,,"CAN_COD","Codes for relevant malignancies","307609003",,"Adamantinoma of long bone"
,,"CAN_COD","Codes for relevant malignancies","307608006",,"Ewing's sarcoma of bone"
,,"CAN_COD","Codes for relevant malignancies","307603002",,"Malignant blue nevus of skin"
,,"CAN_COD","Codes for relevant malignancies","307601000",,"Pseudomyxoma peritonei"
,,"CAN_COD","Codes for relevant malignancies","307599002",,"Sebaceous adenocarcinoma"
,,"CAN_COD","Codes for relevant malignancies","109851002",,"Overlapping malignant neoplasm of retroperitoneum and peritoneum"
,,"CAN_COD","Codes for relevant malignancies","307592006",,"Basophilic leukemia"
,,"CAN_COD","Codes for relevant malignancies","312112002",,"Carcinoma of transverse colon"
,,"CAN_COD","Codes for relevant malignancies","109855006",,"Malignant mesothelioma of pelvic peritoneum"
,,"CAN_COD","Codes for relevant malignancies","307624007",,"Diffuse malignant lymphoma - centroblastic-centrocytic"
,,"CAN_COD","Codes for relevant malignancies","307341004",,"Atypical hairy cell leukemia"
,,"CAN_COD","Codes for relevant malignancies","307226002",,"Metastatic adenocarcinoma of unknown origin"
,,"CAN_COD","Codes for relevant malignancies","307219002",,"Retroperitoneal sarcoma"
,,"CAN_COD","Codes for relevant malignancies","307216009",,"Perforated carcinoma of esophagus"
,,"CAN_COD","Codes for relevant malignancies","109856007",,"Malignant mesothelioma of mesentery"
,,"CAN_COD","Codes for relevant malignancies","109858008",,"Malignant mesothelioma of omentum"
,,"CAN_COD","Codes for relevant malignancies","109870007",,"Overlapping malignant neoplasm of urinary system"
,,"CAN_COD","Codes for relevant malignancies","109879008",,"Overlapping malignant neoplasm of body of uterus"
,,"CAN_COD","Codes for relevant malignancies","109880006",,"Overlapping malignant neoplasm of uterine cervix"
,,"CAN_COD","Codes for relevant malignancies","109854005",,"Malignant mesothelioma of parietal peritoneum"
,,"CAN_COD","Codes for relevant malignancies","307650006",,"Histiocytic medullary reticulosis"
,,"CAN_COD","Codes for relevant malignancies","314999005",,"Metastasis from malignant tumor of pancreas"
,,"CAN_COD","Codes for relevant malignancies","109831001",,"Overlapping malignant neoplasm of palate"
,,"CAN_COD","Codes for relevant malignancies","310526005",,"Malignant tumor of soft tissue of back"
,,"CAN_COD","Codes for relevant malignancies","109832008",,"Overlapping malignant neoplasm of oropharynx"
,,"CAN_COD","Codes for relevant malignancies","109833003",,"Overlapping malignant neoplasm of lip, oral cavity and/or pharynx"
,,"CAN_COD","Codes for relevant malignancies","109834009",,"Primary malignant neoplasm of branchial cleft"
,,"CAN_COD","Codes for relevant malignancies","309245001",,"Adenocarcinoma of uterus"
,,"CAN_COD","Codes for relevant malignancies","109838007",,"Overlapping malignant neoplasm of colon"
,,"CAN_COD","Codes for relevant malignancies","109839004",,"Overlapping malignant neoplasm of rectum, anus and anal canal"
,,"CAN_COD","Codes for relevant malignancies","307622006",,"Prolymphocytic lymphosarcoma"
,,"CAN_COD","Codes for relevant malignancies","109842005",,"Intrahepatic bile duct carcinoma"
,,"CAN_COD","Codes for relevant malignancies","307623001",,"Malignant lymphoma - lymphoplasmacytic"
,,"CAN_COD","Codes for relevant malignancies","307649006",,"Microglioma"
,,"CAN_COD","Codes for relevant malignancies","307647008",,"Malignant lymphoma, centroblastic type, follicular"
,,"CAN_COD","Codes for relevant malignancies","307646004",,"Malignant lymphoma, lymphocytic, poorly differentiated, nodular"
,,"CAN_COD","Codes for relevant malignancies","307637005",,"Malignant lymphoma, centroblastic-centrocytic, follicular"
,,"CAN_COD","Codes for relevant malignancies","307636001",,"Malignant lymphoma, mixed lymphocytic-histiocytic, nodular"
,,"CAN_COD","Codes for relevant malignancies","307635002",,"Hodgkin's disease, nodular sclerosis - cellular phase"
,,"CAN_COD","Codes for relevant malignancies","307634003",,"Hodgkin's disease, lymphocytic depletion, reticular type"
,,"CAN_COD","Codes for relevant malignancies","307633009",,"Hodgkin's disease, lymphocytic depletion, diffuse fibrosis"
,,"CAN_COD","Codes for relevant malignancies","307625008",,"Malignant lymphoma - centrocytic"
,,"CAN_COD","Codes for relevant malignancies","312111009",,"Carcinoma of ascending colon"
,,"CAN_COD","Codes for relevant malignancies","109840002",,"Primary malignant neoplasm of cloacogenic zone"
,,"CAN_COD","Codes for relevant malignancies","1081781000119105",,"Primary seminoma of left testis"
,,"CAN_COD","Codes for relevant malignancies","1080231000119108",,"Infiltrating ductal carcinoma of upper inner quadrant of right female breast"
,,"CAN_COD","Codes for relevant malignancies","1080241000119104",,"Infiltrating ductal carcinoma of upper outer quadrant of right female breast"
,,"CAN_COD","Codes for relevant malignancies","1080261000119100",,"Infiltrating lobular carcinoma of left female breast"
,,"CAN_COD","Codes for relevant malignancies","1080341000119105",,"Infiltrating lobular carcinoma of right female breast"
,,"CAN_COD","Codes for relevant malignancies","1080941000119109",,"Malignant melanoma of left choroid"
,,"CAN_COD","Codes for relevant malignancies","1080981000119104",,"Malignant melanoma of right choroid"
,,"CAN_COD","Codes for relevant malignancies","1081021000119109",,"Malignant melanoma of skin of left lower limb"
,,"CAN_COD","Codes for relevant malignancies","1081551000119106",,"Recurrent primary malignant neoplasm of left female breast"
,,"CAN_COD","Codes for relevant malignancies","1081561000119108",,"Recurrent primary malignant neoplasm of right female breast"
,,"CAN_COD","Codes for relevant malignancies","1090991000000109",,"Malignant neoplasm of soft tissues of lower leg"
,,"CAN_COD","Codes for relevant malignancies","1081751000119103",,"Primary sarcoma of right lower limb"
,,"CAN_COD","Codes for relevant malignancies","1080151000119109",,"Infiltrating ductal carcinoma of upper inner quadrant of left female breast"
,,"CAN_COD","Codes for relevant malignancies","1081811000119107",,"Primary seminoma of right testis"
,,"CAN_COD","Codes for relevant malignancies","1082071000119102",,"Primary squamous cell carcinoma of left ear"
,,"CAN_COD","Codes for relevant malignancies","1082281000119105",,"Transitional cell carcinoma of left renal pelvis"
,,"CAN_COD","Codes for relevant malignancies","1082291000119108",,"Transitional cell carcinoma of left ureter"
,,"CAN_COD","Codes for relevant malignancies","1082301000119109",,"Transitional cell carcinoma of right renal pelvis"
,,"CAN_COD","Codes for relevant malignancies","1082311000119107",,"Transitional cell carcinoma of right ureter"
,,"CAN_COD","Codes for relevant malignancies","1090231000000103",,"Malignant neoplasm of respiratory tract"
,,"CAN_COD","Codes for relevant malignancies","1090281000000104",,"Malignant neoplasm of genital labia"
,,"CAN_COD","Codes for relevant malignancies","314997007",,"Metastasis from malignant tumor of rectum"
,,"CAN_COD","Codes for relevant malignancies","1081711000119104",,"Primary sarcoma of left lower limb"
,,"CAN_COD","Codes for relevant malignancies","363359008",,"Malignant tumor of middle ear"
,,"CAN_COD","Codes for relevant malignancies","105121000119102",,"Squamous cell carcinoma of vagina"
,,"CAN_COD","Codes for relevant malignancies","10708511000119108",,"Primary malignant neoplasm of uterus"
,,"CAN_COD","Codes for relevant malignancies","10745291000119103",,"Malignant neoplastic disease in mother complicating childbirth"
,,"CAN_COD","Codes for relevant malignancies","10749871000119100",,"Malignant neoplastic disease in pregnancy"
,,"CAN_COD","Codes for relevant malignancies","107581000119103",,"Astrocytoma of brain stem"
,,"CAN_COD","Codes for relevant malignancies","107591000119100",,"Primary squamous cell carcinoma of urethra"
,,"CAN_COD","Codes for relevant malignancies","107601000119107",,"Primary transitional cell carcinoma of urethra"
,,"CAN_COD","Codes for relevant malignancies","363364007",,"Malignant tumor of soft tissue of hip"
,,"CAN_COD","Codes for relevant malignancies","363363001",,"Malignant tumor of soft tissue of shoulder"
,,"CAN_COD","Codes for relevant malignancies","1080191000119104",,"Infiltrating ductal carcinoma of central portion of right female breast"
,,"CAN_COD","Codes for relevant malignancies","107751000119102",,"Primary malignant mixed Mullerian neoplasm of endometrium"
,,"CAN_COD","Codes for relevant malignancies","1080161000119106",,"Infiltrating ductal carcinoma of upper outer quadrant of left female breast"
,,"CAN_COD","Codes for relevant malignancies","107771000119106",,"Primary malignant clear cell neoplasm of endometrium"
,,"CAN_COD","Codes for relevant malignancies","107781000119109",,"Primary papillary serous cystadenocarcinoma of endometrium"
,,"CAN_COD","Codes for relevant malignancies","107791000119107",,"Primary adenosquamous carcinoma of endometrium"
,,"CAN_COD","Codes for relevant malignancies","363357005",,"Malignant tumor of ill-defined site"
,,"CAN_COD","Codes for relevant malignancies","1078881000119102",,"Primary adenocarcinoma of lower lobe of left lung"
,,"CAN_COD","Codes for relevant malignancies","1078901000119100",,"Primary adenocarcinoma of upper lobe of left lung"
,,"CAN_COD","Codes for relevant malignancies","1078931000119107",,"Primary adenocarcinoma of lower lobe of right lung"
,,"CAN_COD","Codes for relevant malignancies","1078961000119104",,"Primary adenocarcinoma of upper lobe of right lung"
,,"CAN_COD","Codes for relevant malignancies","1080111000119108",,"Infiltrating ductal carcinoma of central portion of left female breast"
,,"CAN_COD","Codes for relevant malignancies","1091891000000106",,"B-cell Hodgkin's lymphoma"
,,"CAN_COD","Codes for relevant malignancies","107691000119101",,"Non-seminomatous germ cell neoplasm of testis"
,,"CAN_COD","Codes for relevant malignancies","315008003",,"Metastasis from malignant tumor of buccal cavity"
,,"CAN_COD","Codes for relevant malignancies","352311000119100",,"Primary malignant neoplasm of soft tissue of right lower extremity"
,,"CAN_COD","Codes for relevant malignancies","352301000119103",,"Primary malignant neoplasm of soft tissue of right upper extremity"
,,"CAN_COD","Codes for relevant malignancies","352231000119103",,"Primary malignant neoplasm of soft tissue of left upper extremity"
,,"CAN_COD","Codes for relevant malignancies","352201000119105",,"Malignant melanoma of skin of left upper limb"
,,"CAN_COD","Codes for relevant malignancies","352071000119105",,"Merkel cell carcinoma of left lower limb"
,,"CAN_COD","Codes for relevant malignancies","352001000119100",,"Malignant melanoma of skin of right lower limb"
,,"CAN_COD","Codes for relevant malignancies","351461000119100",,"Merkel cell carcinoma of right lower limb"
,,"CAN_COD","Codes for relevant malignancies","109370001",,"Primary malignant neoplasm of laryngeal cartilage"
,,"CAN_COD","Codes for relevant malignancies","326072005",,"Carcinoma of head of pancreas"
,,"CAN_COD","Codes for relevant malignancies","1090961000000103",,"Malignant neoplasm of soft tissues of lower limb"
,,"CAN_COD","Codes for relevant malignancies","315009006",,"Metastasis from malignant tumor of tongue"
,,"CAN_COD","Codes for relevant malignancies","353661000119102",,"Overlapping primary malignant neoplasm of bone and articular cartilage of lower limb"
,,"CAN_COD","Codes for relevant malignancies","315007008",,"Metastasis from malignant tumor of thyroid"
,,"CAN_COD","Codes for relevant malignancies","315006004",,"Metastasis from malignant tumor of lung"
,,"CAN_COD","Codes for relevant malignancies","315005000",,"Metastasis from malignant tumor of bronchus"
,,"CAN_COD","Codes for relevant malignancies","315004001",,"Metastasis from malignant tumor of breast"
,,"CAN_COD","Codes for relevant malignancies","315003007",,"Metastasis from malignant tumor of esophagus"
,,"CAN_COD","Codes for relevant malignancies","315002002",,"Metastasis from malignant tumor of stomach"
,,"CAN_COD","Codes for relevant malignancies","315001009",,"Metastasis from malignant tumor of gallbladder"
,,"CAN_COD","Codes for relevant malignancies","315000005",,"Metastasis from malignant tumor of liver"
,,"CAN_COD","Codes for relevant malignancies","109349007",,"Overlapping malignant neoplasm of soft tissues"
,,"CAN_COD","Codes for relevant malignancies","109374005",,"Overlapping malignant neoplasm of mediastinum and pleura"
,,"CAN_COD","Codes for relevant malignancies","109366009",,"Overlapping malignant neoplasm of accessory sinuses"
,,"CAN_COD","Codes for relevant malignancies","359987004",,"Krukenberg tumor"
,,"CAN_COD","Codes for relevant malignancies","359785002",,"Metastatic malignant neoplasm to dome of urinary bladder"
,,"CAN_COD","Codes for relevant malignancies","359782004",,"Metastatic malignant neoplasm to apex of urinary bladder"
,,"CAN_COD","Codes for relevant malignancies","359780007",,"Metastatic malignant neoplasm to lateral axillary lymph nodes"
,,"CAN_COD","Codes for relevant malignancies","359648001",,"Acute myeloid leukemia with maturation, FAB M2"
,,"CAN_COD","Codes for relevant malignancies","15635721000119108",,"Primary malignant neoplasm of both ovaries"
,,"CAN_COD","Codes for relevant malignancies","359631009",,"Acute myeloid leukemia, minimal differentiation, FAB M0"
,,"CAN_COD","Codes for relevant malignancies","281565009",,"Paraspinal neuroblastoma"
,,"CAN_COD","Codes for relevant malignancies","109356001",,"Primary malignant neoplasm of unspecified site"
,,"CAN_COD","Codes for relevant malignancies","352321000119107",,"Primary malignant neoplasm of soft tissue of left lower limb"
,,"CAN_COD","Codes for relevant malignancies","109359008",,"Primary malignant neoplasm of independent multiple sites"
,,"CAN_COD","Codes for relevant malignancies","353561000119103",,"Secondary malignant neoplasm of right lung"
,,"CAN_COD","Codes for relevant malignancies","354681000119109",,"Primary malignant neoplasm of bone of right lower limb"
,,"CAN_COD","Codes for relevant malignancies","354671000119106",,"Primary malignant neoplasm of bone of right upper limb"
,,"CAN_COD","Codes for relevant malignancies","354651000119102",,"Primary malignant neoplasm of bone of left lower limb"
,,"CAN_COD","Codes for relevant malignancies","354641000119104",,"Primary malignant neoplasm of bone of left upper limb"
,,"CAN_COD","Codes for relevant malignancies","354621000119105",,"Overlapping primary malignant neoplasm of bone and articular cartilage of left upper limb"
,,"CAN_COD","Codes for relevant malignancies","354361000119107",,"Primary malignant neoplasm of right kidney"
,,"CAN_COD","Codes for relevant malignancies","354351000119105",,"Primary malignant neoplasm of left kidney"
,,"CAN_COD","Codes for relevant malignancies","353741000119106",,"Secondary malignant neoplasm of left lung"
,,"CAN_COD","Codes for relevant malignancies","353671000119108",,"Overlapping primary malignant neoplasm of bone and articular cartilage of right upper limb"
,,"CAN_COD","Codes for relevant malignancies","314998002",,"Metastasis from malignant tumor of colon"
,,"CAN_COD","Codes for relevant malignancies","109357005",,"Primary malignant neoplasm of ill-defined site"
,,"CAN_COD","Codes for relevant malignancies","286900008",,"Carcinoma of epididymis/spermatic cord"
,,"CAN_COD","Codes for relevant malignancies","302851001",,"Synovial sarcoma"
,,"CAN_COD","Codes for relevant malignancies","109967007",,"Diffuse non-Hodgkin's lymphoma, small cleaved cell"
,,"CAN_COD","Codes for relevant malignancies","109968002",,"Diffuse non-Hodgkin's lymphoma, small cell"
,,"CAN_COD","Codes for relevant malignancies","109970006",,"Follicular non-Hodgkin's lymphoma, small cleaved cell"
,,"CAN_COD","Codes for relevant malignancies","109971005",,"Follicular non-Hodgkin's lymphoma, mixed small cleaved cell and large cell"
,,"CAN_COD","Codes for relevant malignancies","301756000",,"Adenocarcinoma of sigmoid colon"
,,"CAN_COD","Codes for relevant malignancies","300988009",,"Transitional cell carcinoma of ureter"
,,"CAN_COD","Codes for relevant malignancies","109972003",,"Follicular non-Hodgkin's lymphoma, large cell"
,,"CAN_COD","Codes for relevant malignancies","109951001",,"Overlapping malignant neoplasm of multiple endocrine glands"
,,"CAN_COD","Codes for relevant malignancies","286902000",,"Secondary carcinoma of gastrointestinal tract"
,,"CAN_COD","Codes for relevant malignancies","109947003",,"Primary malignant neoplasm of peripheral nerves of trunk"
,,"CAN_COD","Codes for relevant malignancies","286899003",,"Carcinoma of genital organ"
,,"CAN_COD","Codes for relevant malignancies","286897001",,"Carcinoma of breast - axillary tail"
,,"CAN_COD","Codes for relevant malignancies","286896005",,"Carcinoma breast - lower, outer quadrant"
,,"CAN_COD","Codes for relevant malignancies","286895009",,"Carcinoma of breast - upper, outer quadrant"
,,"CAN_COD","Codes for relevant malignancies","286894008",,"Carcinoma of breast - lower, inner quadrant"
,,"CAN_COD","Codes for relevant malignancies","286893002",,"Carcinoma of breast - upper, inner quadrant"
,,"CAN_COD","Codes for relevant malignancies","286890004",,"Carcinoma of lower limb bones"
,,"CAN_COD","Codes for relevant malignancies","286889008",,"Carcinoma of upper limb bones/scapula"
,,"CAN_COD","Codes for relevant malignancies","29421000119105",,"Adenocarcinoma in adenomatous polyp"
,,"CAN_COD","Codes for relevant malignancies","109931000",,"Primary malignant neoplasm of peripheral nerves of upper limb"
,,"CAN_COD","Codes for relevant malignancies","1098981000119101",,"Recurrent malignant neoplasm of prostate"
,,"CAN_COD","Codes for relevant malignancies","109915008",,"Primary malignant neoplasm of meninges"
,,"CAN_COD","Codes for relevant malignancies","109918005",,"Primary malignant neoplasm of peripheral nerves and peripheral autonomic nervous system"
,,"CAN_COD","Codes for relevant malignancies","109921007",,"Primary malignant neoplasm of peripheral nerve of head, face and/or neck"
,,"CAN_COD","Codes for relevant malignancies","109923005",,"Primary malignant neoplasm of peripheral nerves of head"
,,"CAN_COD","Codes for relevant malignancies","109925003",,"Primary malignant neoplasm of peripheral nerves of face"
,,"CAN_COD","Codes for relevant malignancies","302848008",,"Nodular malignant lymphoma, lymphocytic - intermediate differentiation"
,,"CAN_COD","Codes for relevant malignancies","302847003",,"Rhabdomyosarcoma"
,,"CAN_COD","Codes for relevant malignancies","109964000",,"Diffuse non-Hodgkin's lymphoma, undifferentiated"
,,"CAN_COD","Codes for relevant malignancies","109927006",,"Primary malignant neoplasm of peripheral nerves of neck"
,,"CAN_COD","Codes for relevant malignancies","285776004",,"Intermediate grade B-cell lymphoma"
,,"CAN_COD","Codes for relevant malignancies","109933002",,"Primary malignant neoplasm of peripheral nerves of shoulder"
,,"CAN_COD","Codes for relevant malignancies","109937001",,"Primary malignant neoplasm of peripheral nerves of lower limb"
,,"CAN_COD","Codes for relevant malignancies","302841002",,"Malignant lymphoma - small lymphocytic"
,,"CAN_COD","Codes for relevant malignancies","302837001",,"Lentigo maligna melanoma"
,,"CAN_COD","Codes for relevant malignancies","109939003",,"Primary malignant neoplasm of peripheral nerves of hip"
,,"CAN_COD","Codes for relevant malignancies","109941002",,"Primary malignant neoplasm of peripheral nerves of thorax"
,,"CAN_COD","Codes for relevant malignancies","109943004",,"Primary malignant neoplasm of peripheral nerves of abdomen"
,,"CAN_COD","Codes for relevant malignancies","109945006",,"Primary malignant neoplasm of peripheral nerves of pelvis region"
,,"CAN_COD","Codes for relevant malignancies","302845006",,"Nodular malignant lymphoma, lymphocytic - well differentiated"
,,"CAN_COD","Codes for relevant malignancies","285598005",,"Metastasis to trachea of unknown primary"
,,"CAN_COD","Codes for relevant malignancies","285612000",,"Metastasis to rectum of unknown primary"
,,"CAN_COD","Codes for relevant malignancies","285611007",,"Metastasis to colon of unknown primary"
,,"CAN_COD","Codes for relevant malignancies","285610008",,"Metastasis to large intestine of unknown primary"
,,"CAN_COD","Codes for relevant malignancies","285609003",,"Metastasis to small intestine of unknown primary"
,,"CAN_COD","Codes for relevant malignancies","285608006",,"Metastasis to thymus of unknown primary"
,,"CAN_COD","Codes for relevant malignancies","285607001",,"Metastasis to mediastinum of unknown primary"
,,"CAN_COD","Codes for relevant malignancies","285606005",,"Metastasis to heart of unknown primary"
,,"CAN_COD","Codes for relevant malignancies","285605009",,"Metastasis to pleura of unknown primary"
,,"CAN_COD","Codes for relevant malignancies","286887005",,"Carcinoma liver and/or biliary system"
,,"CAN_COD","Codes for relevant malignancies","285603002",,"Metastasis to bronchus of unknown primary"
,,"CAN_COD","Codes for relevant malignancies","285615003",,"Metastasis to spleen of unknown primary"
,,"CAN_COD","Codes for relevant malignancies","285432005",,"Carcinoma of cervix"
,,"CAN_COD","Codes for relevant malignancies","285422003",,"Immunoglobulin D myeloma"
,,"CAN_COD","Codes for relevant malignancies","285421005",,"Immunoglobulin G myeloma"
,,"CAN_COD","Codes for relevant malignancies","285420006",,"Immunoglobulin A myeloma"
,,"CAN_COD","Codes for relevant malignancies","285312008",,"Carcinoma of sigmoid colon"
,,"CAN_COD","Codes for relevant malignancies","285310000",,"Carcinoma of anal canal"
,,"CAN_COD","Codes for relevant malignancies","281702006",,"Tibial adamantinoma"
,,"CAN_COD","Codes for relevant malignancies","281566005",,"Abdominothoracic neuroblastoma"
,,"CAN_COD","Codes for relevant malignancies","285604008",,"Metastasis to lung of unknown primary"
,,"CAN_COD","Codes for relevant malignancies","285637005",,"Metastasis to ovary of unknown primary"
,,"CAN_COD","Codes for relevant malignancies","285631006",,"Metastasis to skin of unknown primary"
,,"CAN_COD","Codes for relevant malignancies","285769009",,"Acute promyelocytic leukemia - hypogranular variant"
,,"CAN_COD","Codes for relevant malignancies","285645000",,"Disseminated malignancy of unknown primary"
,,"CAN_COD","Codes for relevant malignancies","285644001",,"Metastasis to lymph node of unknown primary"
,,"CAN_COD","Codes for relevant malignancies","285643007",,"Metastasis to adrenal gland of unknown primary"
,,"CAN_COD","Codes for relevant malignancies","285642002",,"Metastasis to eye of unknown primary"
,,"CAN_COD","Codes for relevant malignancies","285641009",,"Metastasis to brain of unknown primary"
,,"CAN_COD","Codes for relevant malignancies","285640005",,"Metastasis to bladder of unknown primary"
,,"CAN_COD","Codes for relevant malignancies","285613005",,"Metastasis to liver of unknown primary"
,,"CAN_COD","Codes for relevant malignancies","285638000",,"Metastasis to vagina of unknown primary"
,,"CAN_COD","Codes for relevant malignancies","285614004",,"Metastasis to pancreas of unknown primary"
,,"CAN_COD","Codes for relevant malignancies","285635002",,"Metastasis to uterus of unknown primary"
,,"CAN_COD","Codes for relevant malignancies","285634003",,"Metastasis to breast of unknown primary"
,,"CAN_COD","Codes for relevant malignancies","285633009",,"Metastasis to soft tissue of unknown primary"
,,"CAN_COD","Codes for relevant malignancies","285619009",,"Metastasis to vertebral column of unknown primary"
,,"CAN_COD","Codes for relevant malignancies","359640008",,"Acute myeloid leukemia without maturation, FAB M1"
,,"CAN_COD","Codes for relevant malignancies","285618001",,"Metastasis to bone of unknown primary"
,,"CAN_COD","Codes for relevant malignancies","285617006",,"Metastasis to retroperitoneum of unknown primary"
,,"CAN_COD","Codes for relevant malignancies","285616002",,"Metastasis to peritoneum of unknown primary"
,,"CAN_COD","Codes for relevant malignancies","285839005",,"Acute myelomonocytic leukemia - eosinophilic variant"
,,"CAN_COD","Codes for relevant malignancies","285639008",,"Metastasis to kidney of unknown primary"
,,"CAN_COD","Codes for relevant malignancies","303012000",,"Malignant tumor of posterior wall of hypopharynx"
,,"CAN_COD","Codes for relevant malignancies","109882003",,"Primary malignant neoplasm of fundus uteri"
,,"CAN_COD","Codes for relevant malignancies","303055001",,"Malignant lymphoma, follicular center cell"
,,"CAN_COD","Codes for relevant malignancies","303017006",,"Malignant lymphoma, convoluted cell type"
,,"CAN_COD","Codes for relevant malignancies","109887009",,"Overlapping malignant neoplasm of male breast"
,,"CAN_COD","Codes for relevant malignancies","303056000",,"Malignant lymphoma, follicular center cell, cleaved"
,,"CAN_COD","Codes for relevant malignancies","303057009",,"Malignant lymphoma, follicular center cell, non-cleaved"
,,"CAN_COD","Codes for relevant malignancies","302856006",,"Aleukemic leukemia"
,,"CAN_COD","Codes for relevant malignancies","109886000",,"Overlapping malignant neoplasm of female breast"
,,"CAN_COD","Codes for relevant malignancies","449218003",,"Lymphoma of sigmoid colon"
,,"CAN_COD","Codes for relevant malignancies","369548005",,"Malignant tumor involving right fallopian tube by direct extension from left fallopian tube"
,,"CAN_COD","Codes for relevant malignancies","449100005",,"Sarcoma of bone of pelvis"
,,"CAN_COD","Codes for relevant malignancies","449101009",,"Sarcoma of sternum"
,,"CAN_COD","Codes for relevant malignancies","369547000",,"Malignant tumor involving right fallopian tube by direct extension from endometrium"
,,"CAN_COD","Codes for relevant malignancies","369546009",,"Malignant tumor involving left fallopian tube by separate metastasis from vagina"
,,"CAN_COD","Codes for relevant malignancies","449153001",,"Adenocarcinoma of lower esophagus"
,,"CAN_COD","Codes for relevant malignancies","449156009",,"Malignant epithelial neoplasm of floor of mouth"
,,"CAN_COD","Codes for relevant malignancies","449173006",,"Diffuse non-Hodgkin's lymphoma of tonsil"
,,"CAN_COD","Codes for relevant malignancies","449176003",,"Diffuse non-Hodgkin's lymphoma of intestine"
,,"CAN_COD","Codes for relevant malignancies","449177007",,"Diffuse non-Hodgkin's lymphoma of bone"
,,"CAN_COD","Codes for relevant malignancies","449206007",,"Sarcoma of tibia"
,,"CAN_COD","Codes for relevant malignancies","449207003",,"Sarcoma of humerus"
,,"CAN_COD","Codes for relevant malignancies","449208008",,"Sarcoma of coccyx"
,,"CAN_COD","Codes for relevant malignancies","444712000",,"Mucinous carcinoma of breast"
,,"CAN_COD","Codes for relevant malignancies","369544007",,"Malignant tumor involving left fallopian tube by separate metastasis from right fallopian tube"
,,"CAN_COD","Codes for relevant malignancies","449268006",,"Sarcoma of clavicle"
,,"CAN_COD","Codes for relevant malignancies","449267001",,"Sarcoma of mandible"
,,"CAN_COD","Codes for relevant malignancies","449260004",,"Malignant neoplasm of alveolus dentalis"
,,"CAN_COD","Codes for relevant malignancies","449259009",,"Malignant neoplasm of broad ligament of uterus"
,,"CAN_COD","Codes for relevant malignancies","449254004",,"Malignant epithelial neoplasm of pharynx"
,,"CAN_COD","Codes for relevant malignancies","449216004",,"Diffuse non-Hodgkin's lymphoma of soft tissue"
,,"CAN_COD","Codes for relevant malignancies","449248000",,"Nasopharyngeal carcinoma"
,,"CAN_COD","Codes for relevant malignancies","449217008",,"Diffuse non-Hodgkin's lymphoma of skin"
,,"CAN_COD","Codes for relevant malignancies","449223003",,"Malignant neoplasm of alveolus of maxilla"
,,"CAN_COD","Codes for relevant malignancies","449222008",,"Follicular non-Hodgkin's lymphoma of stomach"
,,"CAN_COD","Codes for relevant malignancies","449221001",,"Diffuse non-Hodgkin's lymphoma of central nervous system"
,,"CAN_COD","Codes for relevant malignancies","369545008",,"Malignant tumor involving left fallopian tube by separate metastasis from uterus"
,,"CAN_COD","Codes for relevant malignancies","449219006",,"Follicular non-Hodgkin's lymphoma of nasopharynx"
,,"CAN_COD","Codes for relevant malignancies","449075002",,"Lymphoma of cardioesophageal junction"
,,"CAN_COD","Codes for relevant malignancies","449253005",,"Malignant epithelial neoplasm of hypothalamus"
,,"CAN_COD","Codes for relevant malignancies","448931007",,"Squamous cell carcinoma of shoulder"
,,"CAN_COD","Codes for relevant malignancies","369549002",,"Malignant tumor involving right fallopian tube by direct extension from ovary"
,,"CAN_COD","Codes for relevant malignancies","448992002",,"Malignant epithelial neoplasm of appendix"
,,"CAN_COD","Codes for relevant malignancies","448990005",,"Malignant epithelial neoplasm of nasal cavity"
,,"CAN_COD","Codes for relevant malignancies","448989001",,"Malignant epithelial neoplasm of brain"
,,"CAN_COD","Codes for relevant malignancies","448988009",,"Malignant epithelial neoplasm of nose"
,,"CAN_COD","Codes for relevant malignancies","448994001",,"Malignant epithelial neoplasm of upper rectum"
,,"CAN_COD","Codes for relevant malignancies","448952004",,"Infiltrating duct carcinoma of female breast"
,,"CAN_COD","Codes for relevant malignancies","448995000",,"Follicular non-Hodgkin's lymphoma of central nervous system"
,,"CAN_COD","Codes for relevant malignancies","448930008",,"Squamous cell carcinoma of nose"
,,"CAN_COD","Codes for relevant malignancies","448922007",,"Secondary malignant neoplasm of large intestine and rectum"
,,"CAN_COD","Codes for relevant malignancies","448882009",,"Malignant neoplasm of intraabdominal organ"
,,"CAN_COD","Codes for relevant malignancies","369551003",,"Malignant tumor involving right fallopian tube by direct extension from uterus"
,,"CAN_COD","Codes for relevant malignancies","448867004",,"Diffuse non-Hodgkin's lymphoma of lung"
,,"CAN_COD","Codes for relevant malignancies","448865007",,"Follicular non-Hodgkin's lymphoma of skin"
,,"CAN_COD","Codes for relevant malignancies","448954003",,"Malignant epithelial neoplasm of urethra"
,,"CAN_COD","Codes for relevant malignancies","449063007",,"Follicular non-Hodgkin's lymphoma of oral cavity"
,,"CAN_COD","Codes for relevant malignancies","449293008",,"Sarcoma of connective tissue"
,,"CAN_COD","Codes for relevant malignancies","449074003",,"Lymphoma of small intestine"
,,"CAN_COD","Codes for relevant malignancies","449073009",,"Malignant epithelial neoplasm of body of uterus"
,,"CAN_COD","Codes for relevant malignancies","449072004",,"Lymphoma of gastrointestinal tract"
,,"CAN_COD","Codes for relevant malignancies","369550002",,"Malignant tumor involving right fallopian tube by direct extension from uterine cervix"
,,"CAN_COD","Codes for relevant malignancies","448993007",,"Malignant epithelial neoplasm of lung"
,,"CAN_COD","Codes for relevant malignancies","449065000",,"Diffuse non-Hodgkin's lymphoma of nose"
,,"CAN_COD","Codes for relevant malignancies","449077005",,"Malignant epithelial neoplasm of maxilla"
,,"CAN_COD","Codes for relevant malignancies","449059000",,"Follicular non-Hodgkin's lymphoma of uterine cervix"
,,"CAN_COD","Codes for relevant malignancies","449058008",,"Follicular non-Hodgkin's lymphoma of tonsil"
,,"CAN_COD","Codes for relevant malignancies","449055006",,"Leiomyosarcoma of cardioesophageal junction"
,,"CAN_COD","Codes for relevant malignancies","449054005",,"Malignant epithelial neoplasm of fundus of uterus"
,,"CAN_COD","Codes for relevant malignancies","449053004",,"Lymphoma of lower esophagus"
,,"CAN_COD","Codes for relevant malignancies","449034009",,"Malignant neoplasm of anterior and lateral floor of mouth"
,,"CAN_COD","Codes for relevant malignancies","449066004",,"Malignant neoplasm of upper respiratory tract"
,,"CAN_COD","Codes for relevant malignancies","61301000119102",,"Disorder of central nervous system co-occurrent and due to acute lymphoid leukemia"
,,"CAN_COD","Codes for relevant malignancies","473419009",,"Intraductal papillary mucinous carcinoma in situ of pancreas"
,,"CAN_COD","Codes for relevant malignancies","369527008",,"Malignant tumor involving left ovary by direct extension from uterine cervix"
,,"CAN_COD","Codes for relevant malignancies","369528003",,"Malignant tumor involving left ovary by direct extension from uterus"
,,"CAN_COD","Codes for relevant malignancies","369529006",,"Primary malignant neoplasm of right ovary"
,,"CAN_COD","Codes for relevant malignancies","369530001",,"Secondary malignant neoplasm of right ovary"
,,"CAN_COD","Codes for relevant malignancies","369525000",,"Malignant tumor involving left ovary by direct extension from fallopian tube"
,,"CAN_COD","Codes for relevant malignancies","61493004",,"Mu heavy chain disease"
,,"CAN_COD","Codes for relevant malignancies","369524001",,"Malignant tumor involving left ovary by direct extension from endometrium"
,,"CAN_COD","Codes for relevant malignancies","61291000119103",,"Disorder of central nervous system co-occurrent and due to acute lymphoid leukemia in remission"
,,"CAN_COD","Codes for relevant malignancies","609515005",,"Epithelioid trophoblastic tumor"
,,"CAN_COD","Codes for relevant malignancies","60620005",,"Epsilon heavy chain disease"
,,"CAN_COD","Codes for relevant malignancies","369532009",,"Malignant tumor involving right ovary by direct extension from fallopian tube"
,,"CAN_COD","Codes for relevant malignancies","369533004",,"Malignant tumor involving right ovary by direct extension from left ovary"
,,"CAN_COD","Codes for relevant malignancies","449269003",,"Sarcoma of rib"
,,"CAN_COD","Codes for relevant malignancies","369531002",,"Malignant tumor involving right ovary by direct extension from endometrium"
,,"CAN_COD","Codes for relevant malignancies","67831000119107",,"Primary small cell malignant neoplasm of lung, TNM stage 3"
,,"CAN_COD","Codes for relevant malignancies","684911000119105",,"Primary glioblastoma multiforme of frontal lobe"
,,"CAN_COD","Codes for relevant malignancies","683991000119103",,"Extensive stage primary small cell carcinoma of lung"
,,"CAN_COD","Codes for relevant malignancies","681721000119103",,"Primary adenocarcinoma of head of pancreas"
,,"CAN_COD","Codes for relevant malignancies","681631000119108",,"Primary adenocarcinoma of body of stomach"
,,"CAN_COD","Codes for relevant malignancies","681621000119105",,"Primary adenocarcinoma of body of pancreas"
,,"CAN_COD","Codes for relevant malignancies","369526004",,"Malignant tumor involving left ovary by direct extension from right ovary"
,,"CAN_COD","Codes for relevant malignancies","67841000119103",,"Primary small cell malignant neoplasm of lung, TNM stage 4"
,,"CAN_COD","Codes for relevant malignancies","462461000000100",,"[X]Malignant neoplasm of female genital organs"
,,"CAN_COD","Codes for relevant malignancies","67821000119109",,"Primary small cell malignant neoplasm of lung, TNM stage 2"
,,"CAN_COD","Codes for relevant malignancies","67811000119102",,"Primary small cell malignant neoplasm of lung, TNM stage 1"
,,"CAN_COD","Codes for relevant malignancies","369520005",,"Primary malignant neoplasm of right fallopian tube"
,,"CAN_COD","Codes for relevant malignancies","369521009",,"Secondary malignant neoplasm of right fallopian tube"
,,"CAN_COD","Codes for relevant malignancies","369522002",,"Primary malignant neoplasm of left ovary"
,,"CAN_COD","Codes for relevant malignancies","369523007",,"Secondary malignant neoplasm of left ovary"
,,"CAN_COD","Codes for relevant malignancies","681601000119101",,"Primary adenocarcinoma of ascending colon"
,,"CAN_COD","Codes for relevant malignancies","369542006",,"Malignant tumor involving left fallopian tube by separate metastasis from endometrium"
,,"CAN_COD","Codes for relevant malignancies","369534005",,"Malignant tumor involving right ovary by direct extension from uterine cervix"
,,"CAN_COD","Codes for relevant malignancies","449419008",,"Follicular non-Hodgkin's lymphoma of intestine"
,,"CAN_COD","Codes for relevant malignancies","449418000",,"Follicular non-Hodgkin's lymphoma of testis"
,,"CAN_COD","Codes for relevant malignancies","449417005",,"Malignant epithelial neoplasm of nasal septum"
,,"CAN_COD","Codes for relevant malignancies","369538008",,"Malignant tumor involving left broad ligament by metastasis from ovary"
,,"CAN_COD","Codes for relevant malignancies","449472007",,"Malignant epithelial neoplasm of alveolus dentalis"
,,"CAN_COD","Codes for relevant malignancies","369541004",,"Malignant tumor involving left fallopian tube by direct extension from vagina"
,,"CAN_COD","Codes for relevant malignancies","449487002",,"Malignant epithelial neoplasm of mandible"
,,"CAN_COD","Codes for relevant malignancies","449318001",,"Non-Hodgkin's lymphoma of prostate"
,,"CAN_COD","Codes for relevant malignancies","369543001",,"Malignant tumor involving left fallopian tube by separate metastasis from ovary"
,,"CAN_COD","Codes for relevant malignancies","449307001",,"Follicular non-Hodgkin's lymphoma of ovary"
,,"CAN_COD","Codes for relevant malignancies","449295001",,"Sarcoma of skull"
,,"CAN_COD","Codes for relevant malignancies","449294002",,"Sarcoma of scapula"
,,"CAN_COD","Codes for relevant malignancies","448776002",,"Sarcoma of vertebra"
,,"CAN_COD","Codes for relevant malignancies","369540003",,"Malignant tumor involving right broad ligament by metastasis from ovary"
,,"CAN_COD","Codes for relevant malignancies","449632009",,"Secondary malignant neoplasm of lower leg"
,,"CAN_COD","Codes for relevant malignancies","462401000000104",,"[X]Malignant neoplasms of lymphoid, haematopoietic and related tissue"
,,"CAN_COD","Codes for relevant malignancies","45221000119105",,"Primary invasive malignant neoplasm of female breast"
,,"CAN_COD","Codes for relevant malignancies","449803009",,"Primary malignant neoplasm of dome of urinary bladder"
,,"CAN_COD","Codes for relevant malignancies","449637003",,"Malignant melanoma of skin of upper arm"
,,"CAN_COD","Codes for relevant malignancies","449636007",,"Malignant melanoma of skin of lower leg"
,,"CAN_COD","Codes for relevant malignancies","369536007",,"Secondary neoplasm of right broad ligament"
,,"CAN_COD","Codes for relevant malignancies","449633004",,"Secondary malignant neoplasm of upper arm"
,,"CAN_COD","Codes for relevant malignancies","449292003",,"Non-Hodgkin's lymphoma of tonsil"
,,"CAN_COD","Codes for relevant malignancies","449631002",,"Secondary malignant neoplasm of skin of upper arm"
,,"CAN_COD","Codes for relevant malignancies","449630001",,"Secondary malignant neoplasm of skin of lower leg"
,,"CAN_COD","Codes for relevant malignancies","449628003",,"Malignant neoplasm of long bone of lower leg"
,,"CAN_COD","Codes for relevant malignancies","369535006",,"Secondary neoplasm of left broad ligament"
,,"CAN_COD","Codes for relevant malignancies","449578008",,"Malignant neoplasm of alveolus of mandible"
,,"CAN_COD","Codes for relevant malignancies","449497006",,"Sarcoma of pelvic peritoneum"
,,"CAN_COD","Codes for relevant malignancies","449635006",,"Primary malignant neoplasm of lower leg"
,,"CAN_COD","Codes for relevant malignancies","447805007",,"Lymphoma of greater curvature of stomach"
,,"CAN_COD","Codes for relevant malignancies","447782002",,"Malignant epithelial neoplasm of female breast"
,,"CAN_COD","Codes for relevant malignancies","369559001",,"Malignant tumor involving left ovary by direct extension from vagina"
,,"CAN_COD","Codes for relevant malignancies","447886005",,"Adenocarcinoma of anorectum"
,,"CAN_COD","Codes for relevant malignancies","447885009",,"Sarcoma of pelvis"
,,"CAN_COD","Codes for relevant malignancies","369560006",,"Malignant tumor involving left ovary by separate metastasis from endometrium"
,,"CAN_COD","Codes for relevant malignancies","447951009",,"Ewing's sarcoma of soft tissue"
,,"CAN_COD","Codes for relevant malignancies","447806008",,"Lymphoma of cardia of stomach"
,,"CAN_COD","Codes for relevant malignancies","447989004",,"Non-Hodgkin's lymphoma of extranodal site"
,,"CAN_COD","Codes for relevant malignancies","447804006",,"Leiomyosarcoma of connective tissue"
,,"CAN_COD","Codes for relevant malignancies","447800002",,"Adenocarcinoma of scrotum"
,,"CAN_COD","Codes for relevant malignancies","447792005",,"Chondrosarcoma of bone"
,,"CAN_COD","Codes for relevant malignancies","447785000",,"Leiomyosarcoma of stomach"
,,"CAN_COD","Codes for relevant malignancies","447784001",,"Sarcoma of axillary tail of female breast"
,,"CAN_COD","Codes for relevant malignancies","369555007",,"Malignant tumor involving right fallopian tube by separate metastasis from ovary"
,,"CAN_COD","Codes for relevant malignancies","447882007",,"Malignant epithelial neoplasm of vulva"
,,"CAN_COD","Codes for relevant malignancies","448216007",,"Malignant epithelial neoplasm of thyroid"
,,"CAN_COD","Codes for relevant malignancies","448864006",,"Malignant epithelial neoplasm of ureter"
,,"CAN_COD","Codes for relevant malignancies","448231003",,"Follicular non-Hodgkin's lymphoma of nose"
,,"CAN_COD","Codes for relevant malignancies","448229007",,"Leiomyosarcoma of lower esophagus"
,,"CAN_COD","Codes for relevant malignancies","448221005",,"Sarcoma of fibula"
,,"CAN_COD","Codes for relevant malignancies","448220006",,"Non-Hodgkin's lymphoma of bone"
,,"CAN_COD","Codes for relevant malignancies","369558009",,"Malignant tumor involving right fallopian tube by separate metastasis from vagina"
,,"CAN_COD","Codes for relevant malignancies","448217003",,"Follicular non-Hodgkin's lymphoma of prostate"
,,"CAN_COD","Codes for relevant malignancies","447781009",,"Malignant epithelial neoplasm of peritoneum"
,,"CAN_COD","Codes for relevant malignancies","448215006",,"Malignant epithelial neoplasm of renal pelvis"
,,"CAN_COD","Codes for relevant malignancies","448214005",,"Malignant epithelial neoplasm of oropharynx"
,,"CAN_COD","Codes for relevant malignancies","448213004",,"Diffuse non-Hodgkin's lymphoma of prostate"
,,"CAN_COD","Codes for relevant malignancies","369557004",,"Malignant tumor involving right fallopian tube by separate metastasis from uterus"
,,"CAN_COD","Codes for relevant malignancies","448165009",,"Squamous cell carcinoma arising in chronic ulcer"
,,"CAN_COD","Codes for relevant malignancies","448139005",,"Fibrosarcoma of connective tissue"
,,"CAN_COD","Codes for relevant malignancies","448218008",,"Malignant neoplasm of cerebellopontine angle"
,,"CAN_COD","Codes for relevant malignancies","369563008",,"Malignant tumor involving left ovary by separate metastasis from uterine cervix"
,,"CAN_COD","Codes for relevant malignancies","447783007",,"Sarcoma of peritoneum"
,,"CAN_COD","Codes for relevant malignancies","446939001",,"Chordoma of clivus"
,,"CAN_COD","Codes for relevant malignancies","446807009",,"Primary malignant neoplasm of perihilar bile duct"
,,"CAN_COD","Codes for relevant malignancies","369561005",,"Malignant tumor involving left ovary by separate metastasis from fallopian tube"
,,"CAN_COD","Codes for relevant malignancies","446189008",,"Primary malignant neoplasm of extrahepatic bile duct"
,,"CAN_COD","Codes for relevant malignancies","447109003",,"Primary malignant neoplasm of intrahepatic bile duct"
,,"CAN_COD","Codes for relevant malignancies","369562003",,"Malignant tumor involving left ovary by separate metastasis from right ovary"
,,"CAN_COD","Codes for relevant malignancies","447266004",,"Sarcoma of endometrium"
,,"CAN_COD","Codes for relevant malignancies","369564002",,"Malignant tumor involving left ovary by separate metastasis from vagina"
,,"CAN_COD","Codes for relevant malignancies","369565001",,"Malignant tumor involving left ovary by separate metastasis uterus"
,,"CAN_COD","Codes for relevant malignancies","445238008",,"Malignant carcinoid tumor"
,,"CAN_COD","Codes for relevant malignancies","369566000",,"Malignant tumor involving right ovary by direct extension from uterus"
,,"CAN_COD","Codes for relevant malignancies","444911000",,"Acute myeloid leukemia with t(9:11)(p22;q23); MLLT3-MLL"
,,"CAN_COD","Codes for relevant malignancies","717735006",,"Renal cell carcinoma of kidney except renal pelvis"
,,"CAN_COD","Codes for relevant malignancies","446022000",,"Malignant epithelial neoplasm of uterus"
,,"CAN_COD","Codes for relevant malignancies","447706001",,"Leiomyosarcoma of scalp"
,,"CAN_COD","Codes for relevant malignancies","447766003",,"Lymphoma of pyloric antrum of stomach"
,,"CAN_COD","Codes for relevant malignancies","447757002",,"Angiosarcoma of cheek"
,,"CAN_COD","Codes for relevant malignancies","447730004",,"Chordoma of sacrum"
,,"CAN_COD","Codes for relevant malignancies","447712006",,"Malignant melanoma of skin of anus"
,,"CAN_COD","Codes for relevant malignancies","447710003",,"Dermatofibrosarcoma protuberans of skin of shoulder"
,,"CAN_COD","Codes for relevant malignancies","447100004",,"Marginal zone lymphoma"
,,"CAN_COD","Codes for relevant malignancies","447707005",,"Leiomyosarcoma of cardia of stomach"
,,"CAN_COD","Codes for relevant malignancies","448250003",,"Malignant teratoma of pineal region"
,,"CAN_COD","Codes for relevant malignancies","447705002",,"Malignant germ cell neoplasm of posterior mediastinum"
,,"CAN_COD","Codes for relevant malignancies","447658000",,"Lymphoma of fundus of stomach"
,,"CAN_COD","Codes for relevant malignancies","447656001",,"Lymphoma of pylorus of stomach"
,,"CAN_COD","Codes for relevant malignancies","447416008",,"Primary malignant neoplasm of distal bile duct"
,,"CAN_COD","Codes for relevant malignancies","447390000",,"Adenosarcoma of uterus"
,,"CAN_COD","Codes for relevant malignancies","447389009",,"Leiomyosarcoma of uterus"
,,"CAN_COD","Codes for relevant malignancies","447708000",,"Malignant germ cell neoplasm of anterior mediastinum"
,,"CAN_COD","Codes for relevant malignancies","448558006",,"Malignant neoplasm of maxillofacial bone"
,,"CAN_COD","Codes for relevant malignancies","448451002",,"Sarcoma upper outer quadrant of female breast"
,,"CAN_COD","Codes for relevant malignancies","448663003",,"Diffuse non-Hodgkin's lymphoma of stomach"
,,"CAN_COD","Codes for relevant malignancies","448609001",,"Diffuse non-Hodgkin's lymphoma of ovary"
,,"CAN_COD","Codes for relevant malignancies","448607004",,"Diffuse non-Hodgkin's lymphoma of uterine cervix"
,,"CAN_COD","Codes for relevant malignancies","448561007",,"Follicular non-Hodgkin's lymphoma of extranodal site"
,,"CAN_COD","Codes for relevant malignancies","448665005",,"Malignant epithelial neoplasm of hypopharynx"
,,"CAN_COD","Codes for relevant malignancies","448559003",,"Malignant teratoma of retroperitoneum"
,,"CAN_COD","Codes for relevant malignancies","448666006",,"Follicular non-Hodgkin's lymphoma of bone"
,,"CAN_COD","Codes for relevant malignancies","448555009",,"Lymphoma of body of stomach"
,,"CAN_COD","Codes for relevant malignancies","448554008",,"Liposarcoma of connective tissue"
,,"CAN_COD","Codes for relevant malignancies","448553002",,"Lymphoma of pelvis"
,,"CAN_COD","Codes for relevant malignancies","448509007",,"Transglottic malignant neoplasm of larynx"
,,"CAN_COD","Codes for relevant malignancies","448468003",,"Diffuse non-Hodgkin's lymphoma of oral cavity"
,,"CAN_COD","Codes for relevant malignancies","369556008",,"Malignant tumor involving right fallopian tube by separate metastasis from uterine cervix"
,,"CAN_COD","Codes for relevant malignancies","448560008",,"Diffuse non-Hodgkin's lymphoma of extranodal site"
,,"CAN_COD","Codes for relevant malignancies","448709005",,"Non-Hodgkin's lymphoma of stomach"
,,"CAN_COD","Codes for relevant malignancies","369517002",,"Malignant tumor involving left fallopian tube by direct extension from right fallopian tube"
,,"CAN_COD","Codes for relevant malignancies","448775003",,"Sarcoma of radius"
,,"CAN_COD","Codes for relevant malignancies","448774004",,"Non-Hodgkin's lymphoma of uterine cervix"
,,"CAN_COD","Codes for relevant malignancies","448738008",,"Non-Hodgkin's lymphoma of soft tissue"
,,"CAN_COD","Codes for relevant malignancies","448712008",,"Sarcoma of femur"
,,"CAN_COD","Codes for relevant malignancies","448664009",,"Malignant epithelial neoplasm of small intestine"
,,"CAN_COD","Codes for relevant malignancies","448710000",,"Sarcoma of bone"
,,"CAN_COD","Codes for relevant malignancies","448450001",,"Sarcoma of omentum"
,,"CAN_COD","Codes for relevant malignancies","448675008",,"Malignant neoplasm of digestive system"
,,"CAN_COD","Codes for relevant malignancies","369552005",,"Malignant tumor involving right fallopian tube by direct extension from vagina"
,,"CAN_COD","Codes for relevant malignancies","448672006",,"Follicular non-Hodgkin's lymphoma of lung"
,,"CAN_COD","Codes for relevant malignancies","369553000",,"Malignant tumor involving right fallopian tube by separate metastasis from endometrium"
,,"CAN_COD","Codes for relevant malignancies","448669004",,"Malignant neoplasm of soft tissue of orbit"
,,"CAN_COD","Codes for relevant malignancies","369554006",,"Malignant tumor involving right fallopian tube by separate metastasis from left fallopian tube"
,,"CAN_COD","Codes for relevant malignancies","448711001",,"Sarcoma of back"
,,"CAN_COD","Codes for relevant malignancies","448274000",,"Malignant neoplasm of connective tissue"
,,"CAN_COD","Codes for relevant malignancies","448465000",,"Diffuse non-Hodgkin's lymphoma of testis"
,,"CAN_COD","Codes for relevant malignancies","448317000",,"Follicular non-Hodgkin's lymphoma of soft tissue"
,,"CAN_COD","Codes for relevant malignancies","448314007",,"Malignant epithelial neoplasm of spinal cord"
,,"CAN_COD","Codes for relevant malignancies","448300007",,"Malignant melanoma of skin of vulva"
,,"CAN_COD","Codes for relevant malignancies","448299004",,"Malignant neoplasm of mastoid"
,,"CAN_COD","Codes for relevant malignancies","448354009",,"Non-Hodgkin's lymphoma of intestine"
,,"CAN_COD","Codes for relevant malignancies","448296006",,"Dermatofibrosarcoma protuberans of skin of chest"
,,"CAN_COD","Codes for relevant malignancies","448371005",,"Non-Hodgkin's lymphoma of nasopharynx"
,,"CAN_COD","Codes for relevant malignancies","448273006",,"Malignant melanoma of skin of scrotum"
,,"CAN_COD","Codes for relevant malignancies","448269008",,"Lymphoma of lesser curvature of stomach"
,,"CAN_COD","Codes for relevant malignancies","448259002",,"Sarcoma of posterior mediastinum"
,,"CAN_COD","Codes for relevant malignancies","448258005",,"Sarcoma of mesentery"
,,"CAN_COD","Codes for relevant malignancies","448257000",,"Sarcoma of male breast"
,,"CAN_COD","Codes for relevant malignancies","448254007",,"Non-Hodgkin's lymphoma of central nervous system"
,,"CAN_COD","Codes for relevant malignancies","448298007",,"Malignant melanoma of skin of penis"
,,"CAN_COD","Codes for relevant malignancies","448387008",,"Non-Hodgkin's lymphoma of testis"
,,"CAN_COD","Codes for relevant malignancies","448449001",,"Sarcoma of female breast"
,,"CAN_COD","Codes for relevant malignancies","448447004",,"Non-Hodgkin's lymphoma of skin"
,,"CAN_COD","Codes for relevant malignancies","448436006",,"Sarcoma of central portion of female breast"
,,"CAN_COD","Codes for relevant malignancies","448435005",,"Sarcoma lower inner quadrant of female breast"
,,"CAN_COD","Codes for relevant malignancies","448408001",,"Sarcoma of upper inner quadrant of female breast"
,,"CAN_COD","Codes for relevant malignancies","448319002",,"Diffuse non-Hodgkin's lymphoma of nasopharynx"
,,"CAN_COD","Codes for relevant malignancies","448388003",,"Sarcoma of lower outer quadrant of female breast"
,,"CAN_COD","Codes for relevant malignancies","448863000",,"Malignant epithelial neoplasm of pineal gland"
,,"CAN_COD","Codes for relevant malignancies","448386004",,"Non-Hodgkin's lymphoma of oral cavity"
,,"CAN_COD","Codes for relevant malignancies","448384001",,"Non-Hodgkin's lymphoma of nose"
,,"CAN_COD","Codes for relevant malignancies","448378004",,"Sarcoma of bone of foot"
,,"CAN_COD","Codes for relevant malignancies","448377009",,"Sarcoma of sacrum"
,,"CAN_COD","Codes for relevant malignancies","448376000",,"Non-Hodgkin's lymphoma of ovary"
,,"CAN_COD","Codes for relevant malignancies","448372003",,"Non-Hodgkin's lymphoma of lung"
,,"CAN_COD","Codes for relevant malignancies","448401007",,"Choriocarcinoma of placenta"
,,"CAN_COD","Codes for relevant malignancies","707579001",,"Primary basaloid squamous cell carcinoma of oropharynx"
,,"CAN_COD","Codes for relevant malignancies","707532001",,"Primary squamous cell carcinoma of posterior wall of oropharynx"
,,"CAN_COD","Codes for relevant malignancies","707585008",,"Primary squamous cell carcinoma of oropharynx"
,,"CAN_COD","Codes for relevant malignancies","707584007",,"Primary lymphoepithelial carcinoma of oropharynx"
,,"CAN_COD","Codes for relevant malignancies","707583001",,"Primary adenosquamous carcinoma of oropharynx"
,,"CAN_COD","Codes for relevant malignancies","707582006",,"Primary spindle cell squamous cell carcinoma of oropharynx"
,,"CAN_COD","Codes for relevant malignancies","707587000",,"Primary carcinoma ex pleomorphic adenoma of oropharynx"
,,"CAN_COD","Codes for relevant malignancies","707580003",,"Primary basaloid carcinoma of oropharynx"
,,"CAN_COD","Codes for relevant malignancies","707588005",,"Primary epithelial-myoepithelial carcinoma of oropharynx"
,,"CAN_COD","Codes for relevant malignancies","707576008",,"Primary squamous cell carcinoma of subglottis"
,,"CAN_COD","Codes for relevant malignancies","707575007",,"Primary squamous cell carcinoma of supraglottis"
,,"CAN_COD","Codes for relevant malignancies","707539005",,"Primary adenoid cystic carcinoma of hypopharynx"
,,"CAN_COD","Codes for relevant malignancies","707538002",,"Primary squamous cell carcinoma of vallecula"
,,"CAN_COD","Codes for relevant malignancies","707537007",,"Primary squamous cell carcinoma of anterior surface of epiglottis"
,,"CAN_COD","Codes for relevant malignancies","707672001",,"Pleuropulmonary blastoma type II"
,,"CAN_COD","Codes for relevant malignancies","707581004",,"Primary papillary squamous cell carcinoma of oropharynx"
,,"CAN_COD","Codes for relevant malignancies","707596000",,"Primary carcinosarcoma of lung"
,,"CAN_COD","Codes for relevant malignancies","707457009",,"Primary spindle cell carcinoma of lung"
,,"CAN_COD","Codes for relevant malignancies","707670009",,"Pleuropulmonary blastoma"
,,"CAN_COD","Codes for relevant malignancies","707664003",,"Primary squamous cell carcinoma of glottis"
,,"CAN_COD","Codes for relevant malignancies","707662004",,"Primary basaloid squamous cell carcinoma of larynx"
,,"CAN_COD","Codes for relevant malignancies","707660007",,"Primary giant cell carcinoma of larynx"
,,"CAN_COD","Codes for relevant malignancies","707586009",,"Primary myoepithelial carcinoma of oropharynx"
,,"CAN_COD","Codes for relevant malignancies","707627009",,"Primary salivary gland type carcinoma of hypopharynx"
,,"CAN_COD","Codes for relevant malignancies","707531008",,"Primary squamous cell carcinoma of branchial cleft"
,,"CAN_COD","Codes for relevant malignancies","707595001",,"Primary mucinous cystadenocarcinoma of lung"
,,"CAN_COD","Codes for relevant malignancies","707593008",,"Primary salivary gland-type tumour of oropharynx"
,,"CAN_COD","Codes for relevant malignancies","707592003",,"Primary infiltrating duct carcinoma of oropharynx"
,,"CAN_COD","Codes for relevant malignancies","707591005",,"Primary mucoepidermoid carcinoma of oropharynx"
,,"CAN_COD","Codes for relevant malignancies","707590006",,"Primary acinar cell carcinoma of oropharynx"
,,"CAN_COD","Codes for relevant malignancies","707589002",,"Primary cystadenocarcinoma of oropharynx"
,,"CAN_COD","Codes for relevant malignancies","707628004",,"Overlapping squamous cell carcinoma of hypopharynx"
,,"CAN_COD","Codes for relevant malignancies","707468009",,"Primary mixed mucinous and non-mucinous bronchiolo-alveolar carcinoma of lung"
,,"CAN_COD","Codes for relevant malignancies","707535004",,"Primary squamous cell carcinoma of lateral wall of oropharynx"
,,"CAN_COD","Codes for relevant malignancies","707475005",,"Primary adenocarcinoma of trachea"
,,"CAN_COD","Codes for relevant malignancies","707473003",,"Primary mucinous adenocarcinoma of trachea"
,,"CAN_COD","Codes for relevant malignancies","707472008",,"Primary papillary adenocarcinoma of trachea"
,,"CAN_COD","Codes for relevant malignancies","707471001",,"Primary clear cell adenocarcinoma of trachea"
,,"CAN_COD","Codes for relevant malignancies","707481002",,"Primary basaloid squamous cell carcinoma of hypopharynx"
,,"CAN_COD","Codes for relevant malignancies","707469001",,"Primary non-mucinous bronchiolo-alveolar carcinoma of lung"
,,"CAN_COD","Codes for relevant malignancies","707482009",,"Primary papillary squamous cell carcinoma of hypopharynx"
,,"CAN_COD","Codes for relevant malignancies","707467004",,"Primary salivary gland type carcinoma of lung"
,,"CAN_COD","Codes for relevant malignancies","707466008",,"Primary adenoid cystic carcinoma of lung"
,,"CAN_COD","Codes for relevant malignancies","707465007",,"Primary mucoepidermoid carcinoma of lung"
,,"CAN_COD","Codes for relevant malignancies","707464006",,"Primary myoepithelial carcinoma of lung"
,,"CAN_COD","Codes for relevant malignancies","707460002",,"Primary pseudosarcomatous carcinoma of lung"
,,"CAN_COD","Codes for relevant malignancies","369519004",,"Malignant tumor involving left fallopian tube by direct extension from uterus"
,,"CAN_COD","Codes for relevant malignancies","707470000",,"Primary mucinous bronchiolo-alveolar carcinoma of lung"
,,"CAN_COD","Codes for relevant malignancies","707490009",,"Primary verrucous carcinoma of hypopharynx"
,,"CAN_COD","Codes for relevant malignancies","707529004",,"Overlapping squamous cell carcinoma of oropharynx"
,,"CAN_COD","Codes for relevant malignancies","707528007",,"Primary squamous cell carcinoma of nasopharynx"
,,"CAN_COD","Codes for relevant malignancies","707495004",,"Primary squamous cell adenoid carcinoma of trachea"
,,"CAN_COD","Codes for relevant malignancies","707494000",,"Primary verrucous carcinoma of trachea"
,,"CAN_COD","Codes for relevant malignancies","707493006",,"Primary lymphoepithelial carcinoma of trachea"
,,"CAN_COD","Codes for relevant malignancies","707479004",,"Primary adenocarcinoma of subglottis"
,,"CAN_COD","Codes for relevant malignancies","707491008",,"Primary lymphoepithelial carcinoma of hypopharynx"
,,"CAN_COD","Codes for relevant malignancies","707673006",,"Pleuropulmonary blastoma type III"
,,"CAN_COD","Codes for relevant malignancies","707489000",,"Primary spindle cell squamous cell carcinoma of hypopharynx"
,,"CAN_COD","Codes for relevant malignancies","707487003",,"Primary giant cell carcinoma of hypopharynx"
,,"CAN_COD","Codes for relevant malignancies","707486007",,"Primary basaloid carcinoma of hypopharynx"
,,"CAN_COD","Codes for relevant malignancies","707485006",,"Primary adenosquamous carcinoma of hypopharynx"
,,"CAN_COD","Codes for relevant malignancies","707484005",,"Primary adenoid squamous cell carcinoma of hypopharynx"
,,"CAN_COD","Codes for relevant malignancies","707483004",,"Primary undifferentiated carcinoma of hypopharynx"
,,"CAN_COD","Codes for relevant malignancies","707492001",,"Primary squamous cell carcinoma of hypopharynx"
,,"CAN_COD","Codes for relevant malignancies","714251006",,"Philadelphia chromosome-negative precursor B-cell acute lymphoblastic leukemia"
,,"CAN_COD","Codes for relevant malignancies","713516007",,"Primary effusion lymphoma"
,,"CAN_COD","Codes for relevant malignancies","715903004",,"Medulloepithelioma"
,,"CAN_COD","Codes for relevant malignancies","715901002",,"Ependymoblastoma"
,,"CAN_COD","Codes for relevant malignancies","715664005",,"Interdigitating dendritic cell sarcoma"
,,"CAN_COD","Codes for relevant malignancies","715414009",,"Familial malignant neoplasm of pancreas"
,,"CAN_COD","Codes for relevant malignancies","716586009",,"Carcinoma of stomach due to Epstein-Barr virus disease"
,,"CAN_COD","Codes for relevant malignancies","714463003",,"Primary effusion lymphoma co-occurrent with infection caused by Human herpesvirus 8"
,,"CAN_COD","Codes for relevant malignancies","716588005",,"Primary non-gestational choriocarcinoma of ovary"
,,"CAN_COD","Codes for relevant malignancies","369503006",,"Malignant tumor involving vagina by direct extension from uterus"
,,"CAN_COD","Codes for relevant malignancies","713718006",,"Diffuse non-Hodgkin immunoblastic lymphoma co-occurrent with human immunodeficiency virus infection"
,,"CAN_COD","Codes for relevant malignancies","713646001",,"Malignant germ cell tumor of testis"
,,"CAN_COD","Codes for relevant malignancies","713609000",,"Invasive carcinoma of breast"
,,"CAN_COD","Codes for relevant malignancies","713574000",,"Malignant carcinoid tumor of kidney"
,,"CAN_COD","Codes for relevant malignancies","707671008",,"Pleuropulmonary blastoma type I"
,,"CAN_COD","Codes for relevant malignancies","715412008",,"Familial malignant neoplasm of prostate"
,,"CAN_COD","Codes for relevant malignancies","716653001",,"Neuroendocrine carcinoma of thymus"
,,"CAN_COD","Codes for relevant malignancies","717734005",,"Papillary thyroid carcinoma with renal papillary neoplasia"
,,"CAN_COD","Codes for relevant malignancies","716859000",,"Hereditary diffuse carcinoma of stomach"
,,"CAN_COD","Codes for relevant malignancies","716855006",,"Theca steroid producing cell malignant neoplasm of ovary"
,,"CAN_COD","Codes for relevant malignancies","716788007",,"Epstein-Barr virus positive diffuse large B-cell lymphoma of elderly"
,,"CAN_COD","Codes for relevant malignancies","716659002",,"Squamous cell carcinoma of head and neck"
,,"CAN_COD","Codes for relevant malignancies","715950008",,"Anaplastic lymphoma kinase positive large B-cell lymphoma"
,,"CAN_COD","Codes for relevant malignancies","716654007",,"Non-polyposis Turcot syndrome"
,,"CAN_COD","Codes for relevant malignancies","713483007",,"Reticulosarcoma co-occurrent with human immunodeficiency virus infection"
,,"CAN_COD","Codes for relevant malignancies","716652006",,"Primary hepatic neuroendocrine carcinoma"
,,"CAN_COD","Codes for relevant malignancies","716651004",,"Leiomyosarcoma of small intestine"
,,"CAN_COD","Codes for relevant malignancies","716649003",,"Extraovarian primary peritoneal carcinoma"
,,"CAN_COD","Codes for relevant malignancies","716648006",,"Embryonal sarcoma of liver"
,,"CAN_COD","Codes for relevant malignancies","716647001",,"Mixed oligoastrocytoma"
,,"CAN_COD","Codes for relevant malignancies","716593008",,"Carcinoma of salivary gland type of breast"
,,"CAN_COD","Codes for relevant malignancies","716657000",,"Familial papillary thyroid carcinoma with renal papillary neoplasia syndrome"
,,"CAN_COD","Codes for relevant malignancies","708054009",,"Malignant neoplasm after immunosuppressive therapy"
,,"CAN_COD","Codes for relevant malignancies","713573006",,"Malignant carcinoid tumor of rectum"
,,"CAN_COD","Codes for relevant malignancies","709285002",,"Secondary malignant neoplasm of lumbosacral plexus"
,,"CAN_COD","Codes for relevant malignancies","70910003",,"Indolent systemic mastocytosis"
,,"CAN_COD","Codes for relevant malignancies","709031009",,"Malignant neoplasm of superior wall of nasopharynx"
,,"CAN_COD","Codes for relevant malignancies","708971008",,"Diffuse sclerosing papillary thyroid carcinoma"
,,"CAN_COD","Codes for relevant malignancies","709517003",,"Malignant carcinoid tumor of small intestine"
,,"CAN_COD","Codes for relevant malignancies","708504008",,"Periosteal osteosarcoma of jaw"
,,"CAN_COD","Codes for relevant malignancies","448248006",,"Malignant neoplasm of axial suprasellar region of brain"
,,"CAN_COD","Codes for relevant malignancies","707705008",,"Nonkeratinizing carcinoma of the nasopharynx"
,,"CAN_COD","Codes for relevant malignancies","707704007",,"Primary squamous cell carcinoma of pyriform sinus"
,,"CAN_COD","Codes for relevant malignancies","707703001",,"Primary squamous cell carcinoma of postcricoid region"
,,"CAN_COD","Codes for relevant malignancies","707697002",,"Primary squamous cell carcinoma of hypopharyngeal aspect of aryepiglottic fold"
,,"CAN_COD","Codes for relevant malignancies","707686002",,"Primary squamous cell carcinoma of posterior wall of hypopharynx"
,,"CAN_COD","Codes for relevant malignancies","707674000",,"Primary malignant epithelial neoplasm of trachea"
,,"CAN_COD","Codes for relevant malignancies","708921005",,"Carcinoma of central portion of breast"
,,"CAN_COD","Codes for relevant malignancies","369504000",,"Malignant tumor involving vagina by direct extension from bladder"
,,"CAN_COD","Codes for relevant malignancies","713327005",,"Malignant meningioma of meninges of brain"
,,"CAN_COD","Codes for relevant malignancies","713325002",,"Primary cerebral lymphoma co-occurrent with human immunodeficiency virus infection"
,,"CAN_COD","Codes for relevant malignancies","713293002",,"Malignant germ cell neoplasm of mediastinum"
,,"CAN_COD","Codes for relevant malignancies","713290004",,"Malignant ameloblastoma of mandible"
,,"CAN_COD","Codes for relevant malignancies","713189001",,"Malignant insulinoma"
,,"CAN_COD","Codes for relevant malignancies","372006007",,"Primary malignant neoplasm of prepuce"
,,"CAN_COD","Codes for relevant malignancies","712849003",,"Primary malignant neoplasm of prostate metastatic to bone"
,,"CAN_COD","Codes for relevant malignancies","707456000",,"Primary undifferentiated carcinoma of lung"
,,"CAN_COD","Codes for relevant malignancies","369505004",,"Malignant tumor involving vagina by direct extension from endometrium"
,,"CAN_COD","Codes for relevant malignancies","369506003",,"Malignant tumor involving vagina by direct extension from fallopian tube"
,,"CAN_COD","Codes for relevant malignancies","711414003",,"Primary clear cell adenocarcinoma of lung"
,,"CAN_COD","Codes for relevant malignancies","71111000119109",,"Recurrent primary malignant neoplasm of vulva"
,,"CAN_COD","Codes for relevant malignancies","710196003",,"Malignant odontogenic neoplasm of upper jaw"
,,"CAN_COD","Codes for relevant malignancies","710195004",,"Malignant odontogenic neoplasm of lower jaw"
,,"CAN_COD","Codes for relevant malignancies","713038003",,"Overlapping primary malignant neoplasm of bone and articular cartilage of upper limb"
,,"CAN_COD","Codes for relevant malignancies","700488005",,"Malignant sex cord tumor of testis"
,,"CAN_COD","Codes for relevant malignancies","699357004",,"Low grade endometrial stromal sarcoma"
,,"CAN_COD","Codes for relevant malignancies","702446006",,"Core binding factor acute myeloid leukemia"
,,"CAN_COD","Codes for relevant malignancies","702405001",,"Malignant granulosa cell tumor of testis"
,,"CAN_COD","Codes for relevant malignancies","702392008",,"Metastatic renal cell carcinoma"
,,"CAN_COD","Codes for relevant malignancies","369507007",,"Malignant tumor involving vulva by direct extension from endometrium"
,,"CAN_COD","Codes for relevant malignancies","702476004",,"Therapy-related myelodysplastic syndrome"
,,"CAN_COD","Codes for relevant malignancies","702368000",,"Carcinosarcoma of ovary"
,,"CAN_COD","Codes for relevant malignancies","702785000",,"Large cell anaplastic lymphoma T cell and Null cell type"
,,"CAN_COD","Codes for relevant malignancies","700423003",,"Adenocarcinoma of pancreas"
,,"CAN_COD","Codes for relevant malignancies","699818003",,"T-cell large granular lymphocytic leukemia"
,,"CAN_COD","Codes for relevant malignancies","699704002",,"Classic medulloblastoma"
,,"CAN_COD","Codes for relevant malignancies","699659007",,"Glandular malignant peripheral nerve sheath tumor"
,,"CAN_COD","Codes for relevant malignancies","699657009",,"Hepatosplenic gamma-delta cell lymphoma"
,,"CAN_COD","Codes for relevant malignancies","707342003",,"Primary adenocarcinoma of ethmoidal sinus"
,,"CAN_COD","Codes for relevant malignancies","702369008",,"Carcinosarcoma of uterus"
,,"CAN_COD","Codes for relevant malignancies","703625002",,"Kaposi sarcoma not associated with acquired immunodeficiency syndrome"
,,"CAN_COD","Codes for relevant malignancies","707458004",,"Primary pleomorphic carcinoma of lung"
,,"CAN_COD","Codes for relevant malignancies","707337006",,"Primary adenocarcinoma of accessory sinus"
,,"CAN_COD","Codes for relevant malignancies","706970001",,"Triple negative malignant neoplasm of breast"
,,"CAN_COD","Codes for relevant malignancies","705176003",,"Metastatic carcinoid tumor"
,,"CAN_COD","Codes for relevant malignancies","705061009",,"Childhood myelodysplastic syndrome"
,,"CAN_COD","Codes for relevant malignancies","702467006",,"Malignant neoplasm of augmented bladder"
,,"CAN_COD","Codes for relevant malignancies","703626001",,"Anaplastic large cell lymphoma, T/Null cell, primary systemic type"
,,"CAN_COD","Codes for relevant malignancies","699356008",,"Endometrial stromal sarcoma"
,,"CAN_COD","Codes for relevant malignancies","703429003",,"Malignant optic glioma of adulthood"
,,"CAN_COD","Codes for relevant malignancies","703387000",,"Acute myeloid leukemia with normal karyotype"
,,"CAN_COD","Codes for relevant malignancies","703230006",,"Non-small cell lung cancer without mutation in epidermal growth factor receptor"
,,"CAN_COD","Codes for relevant malignancies","703228009",,"Non-small cell lung cancer with mutation in epidermal growth factor receptor"
,,"CAN_COD","Codes for relevant malignancies","702977001",,"Follicular non-Hodgkin's lymphoma diffuse follicle center cell sub-type grade 2"
,,"CAN_COD","Codes for relevant malignancies","702786004",,"Follicular non-Hodgkin's lymphoma diffuse follicle center sub-type grade 1"
,,"CAN_COD","Codes for relevant malignancies","704152002",,"Metastatic neuroblastoma"
,,"CAN_COD","Codes for relevant malignancies","369511001",,"Malignant tumor involving vulva by direct extension from uterus"
,,"CAN_COD","Codes for relevant malignancies","699358009",,"High grade endometrial stromal sarcoma"
,,"CAN_COD","Codes for relevant malignancies","698040004",,"Malignant melanoma of nasal cavity"
,,"CAN_COD","Codes for relevant malignancies","698011002",,"Keratinizing squamous cell carcinoma of nasopharynx"
,,"CAN_COD","Codes for relevant malignancies","697993003",,"Undifferentiated carcinoma of nasal sinus"
,,"CAN_COD","Codes for relevant malignancies","369508002",,"Malignant tumor involving vulva by direct extension from fallopian tube"
,,"CAN_COD","Codes for relevant malignancies","698042007",,"Malignant melanoma of tongue"
,,"CAN_COD","Codes for relevant malignancies","369510000",,"Malignant tumor involving vulva by direct extension from uterine cervix"
,,"CAN_COD","Codes for relevant malignancies","698043002",,"Malignant melanoma of floor of mouth"
,,"CAN_COD","Codes for relevant malignancies","369512008",,"Malignant tumor involving vagina by direct extension from ovary"
,,"CAN_COD","Codes for relevant malignancies","369513003",,"Primary malignant neoplasm of left fallopian tube"
,,"CAN_COD","Codes for relevant malignancies","369514009",,"Secondary malignant neoplasm of left fallopian tube"
,,"CAN_COD","Codes for relevant malignancies","369515005",,"Malignant tumor involving left fallopian tube by direct extension from endometrium"
,,"CAN_COD","Codes for relevant malignancies","369516006",,"Malignant tumor involving left fallopian tube by direct extension from ovary"
,,"CAN_COD","Codes for relevant malignancies","444604002",,"Carcinoma of breast with ductal and lobular features"
,,"CAN_COD","Codes for relevant malignancies","369509005",,"Malignant tumor involving vulva by direct extension from ovary"
,,"CAN_COD","Codes for relevant malignancies","698287002",,"Malignant melanoma of gum"
,,"CAN_COD","Codes for relevant malignancies","699355007",,"Leiomyosarcoma of orbit"
,,"CAN_COD","Codes for relevant malignancies","699354006",,"Sarcoma of orbit"
,,"CAN_COD","Codes for relevant malignancies","699318007",,"Supratentorial primitive neuroectodermal tumor"
,,"CAN_COD","Codes for relevant malignancies","699317002",,"Paratesticular malignant neoplasm"
,,"CAN_COD","Codes for relevant malignancies","699028006",,"Primitive neuroectodermal tumor"
,,"CAN_COD","Codes for relevant malignancies","698041000",,"Malignant melanoma of vestibule of mouth"
,,"CAN_COD","Codes for relevant malignancies","698288007",,"Malignant melanoma of maxillary sinus"
,,"CAN_COD","Codes for relevant malignancies","707343008",,"Primary adenocarcinoma of frontal sinus"
,,"CAN_COD","Codes for relevant malignancies","698286006",,"Malignant melanoma of palate"
,,"CAN_COD","Codes for relevant malignancies","698285005",,"Malignant melanoma of ethmoid sinus"
,,"CAN_COD","Codes for relevant malignancies","698200003",,"Large cell Ewing sarcoma of bone"
,,"CAN_COD","Codes for relevant malignancies","698048006",,"Undifferentiated nonkeratinizing squamous cell carcinoma of nasopharynx"
,,"CAN_COD","Codes for relevant malignancies","698045009",,"Malignant melanoma of buccal mucosa"
,,"CAN_COD","Codes for relevant malignancies","698044008",,"Malignant melanoma of palatine arch"
,,"CAN_COD","Codes for relevant malignancies","698646006",,"Acute monoblastic leukemia in remission"
,,"CAN_COD","Codes for relevant malignancies","707402007",,"Primary adenocarcinoma of oropharynx"
,,"CAN_COD","Codes for relevant malignancies","707394001",,"Primary spindle cell carcinoma of trachea"
,,"CAN_COD","Codes for relevant malignancies","707408006",,"Primary small cell non-keratinizing squamous cell carcinoma of lung"
,,"CAN_COD","Codes for relevant malignancies","707407001",,"Primary signet ring cell carcinoma of lung"
,,"CAN_COD","Codes for relevant malignancies","707406005",,"Primary mucoepidermoid carcinoma of hypopharynx"
,,"CAN_COD","Codes for relevant malignancies","707405009",,"Primary adenosquamous carcinoma of lung"
,,"CAN_COD","Codes for relevant malignancies","707410008",,"Primary solid carcinoma of lung"
,,"CAN_COD","Codes for relevant malignancies","707403002",,"Primary fetal adenocarcinoma of lung"
,,"CAN_COD","Codes for relevant malignancies","707411007",,"Primary papillary adenocarcinoma of lung"
,,"CAN_COD","Codes for relevant malignancies","707401000",,"Primary clear cell adenocarcinoma of oropharynx"
,,"CAN_COD","Codes for relevant malignancies","707400004",,"Primary mucinous adenocarcinoma of oropharynx"
,,"CAN_COD","Codes for relevant malignancies","707399006",,"Primary papillary adenocarcinoma of oropharynx"
,,"CAN_COD","Codes for relevant malignancies","707398003",,"Primary polymorphous low grade adenocarcinoma of oropharynx"
,,"CAN_COD","Codes for relevant malignancies","707396004",,"Primary oxyphilic adenocarcinoma of oropharynx"
,,"CAN_COD","Codes for relevant malignancies","707339009",,"Primary adenocarcinoma of maxillary sinus"
,,"CAN_COD","Codes for relevant malignancies","707404008",,"Primary mixed subtype adenocarcinoma of lung"
,,"CAN_COD","Codes for relevant malignancies","707427000",,"Primary verrucous carcinoma of larynx"
,,"CAN_COD","Codes for relevant malignancies","707455001",,"Primary papillary squamous cell carcinoma of lung"
,,"CAN_COD","Codes for relevant malignancies","707454002",,"Primary basaloid squamous cell carcinoma of lung"
,,"CAN_COD","Codes for relevant malignancies","707453008",,"Primary clear cell squamous cell carcinoma of lung"
,,"CAN_COD","Codes for relevant malignancies","707452003",,"Primary mucinous adenocarcinoma of lung"
,,"CAN_COD","Codes for relevant malignancies","707451005",,"Primary adenocarcinoma of lung"
,,"CAN_COD","Codes for relevant malignancies","707409003",,"Primary acinar cell carcinoma of lung"
,,"CAN_COD","Codes for relevant malignancies","707429002",,"Overlapping squamous cell carcinoma of larynx"
,,"CAN_COD","Codes for relevant malignancies","707393007",,"Primary adenosquamous carcinoma of trachea"
,,"CAN_COD","Codes for relevant malignancies","707426009",,"Primary papillary squamous cell carcinoma of larynx"
,,"CAN_COD","Codes for relevant malignancies","707425008",,"Primary adenoid squamous cell carcinoma of larynx"
,,"CAN_COD","Codes for relevant malignancies","707424007",,"Primary adenosquamous cell carcinoma of larynx"
,,"CAN_COD","Codes for relevant malignancies","707423001",,"Primary basaloid carcinoma of larynx"
,,"CAN_COD","Codes for relevant malignancies","707422006",,"Primary spindle cell squamous cell carcinoma of larynx"
,,"CAN_COD","Codes for relevant malignancies","707421004",,"Primary undifferentiated carcinoma of larynx"
,,"CAN_COD","Codes for relevant malignancies","707430007",,"Overlapping squamous cell carcinoma of laryngeal cartilage"
,,"CAN_COD","Codes for relevant malignancies","707350007",,"Malignant melanoma of accessory sinus"
,,"CAN_COD","Codes for relevant malignancies","707395000",,"Primary adenocarcinoma of hypopharynx"
,,"CAN_COD","Codes for relevant malignancies","707358000",,"Primary squamous cell carcinoma of larynx"
,,"CAN_COD","Codes for relevant malignancies","707357005",,"Primary squamous cell carcinoma of laryngeal cartilage"
,,"CAN_COD","Codes for relevant malignancies","707356001",,"Primary squamous cell carcinoma of frontal sinus"
,,"CAN_COD","Codes for relevant malignancies","707355002",,"Primary squamous cell carcinoma of sphenoidal sinus"
,,"CAN_COD","Codes for relevant malignancies","707360003",,"Primary lymphoepithelial carcinoma of larynx"
,,"CAN_COD","Codes for relevant malignancies","707353009",,"Primary squamous cell carcinoma of accessory sinus"
,,"CAN_COD","Codes for relevant malignancies","707361004",,"Malignant melanoma of frontal sinus"
,,"CAN_COD","Codes for relevant malignancies","707349007",,"Primary carcinoma of frontal sinus"
,,"CAN_COD","Codes for relevant malignancies","707348004",,"Primary carcinoma of sphenoidal sinus"
,,"CAN_COD","Codes for relevant malignancies","707347009",,"Primary carcinoma of maxillary sinus"
,,"CAN_COD","Codes for relevant malignancies","707346000",,"Primary carcinoma of ethmoidal sinus"
,,"CAN_COD","Codes for relevant malignancies","707345001",,"Primary carcinoma of accessory sinus"
,,"CAN_COD","Codes for relevant malignancies","707344002",,"Primary adenocarcinoma of sphenoidal sinus"
,,"CAN_COD","Codes for relevant malignancies","707354003",,"Primary squamous cell carcinoma of maxillary sinus"
,,"CAN_COD","Codes for relevant malignancies","707384006",,"Primary solid carcinoma of trachea"
,,"CAN_COD","Codes for relevant malignancies","707392002",,"Primary giant cell carcinoma of trachea"
,,"CAN_COD","Codes for relevant malignancies","707391009",,"Primary papillary squamous cell carcinoma of trachea"
,,"CAN_COD","Codes for relevant malignancies","707390005",,"Primary basaloid squamous cell carcinoma of trachea"
,,"CAN_COD","Codes for relevant malignancies","707389001",,"Primary clear cell squamous cell carcinoma of trachea"
,,"CAN_COD","Codes for relevant malignancies","707388009",,"Primary squamous cell carcinoma of trachea"
,,"CAN_COD","Codes for relevant malignancies","707359008",,"Primary squamous cell carcinoma of ethmoidal sinus"
,,"CAN_COD","Codes for relevant malignancies","707385007",,"Primary undifferentiated carcinoma of trachea"
,,"CAN_COD","Codes for relevant malignancies","369518007",,"Malignant tumor involving left fallopian tube by direct extension from uterine cervix"
,,"CAN_COD","Codes for relevant malignancies","707383000",,"Primary mucinous cystadenocarcinoma of trachea"
,,"CAN_COD","Codes for relevant malignancies","707380002",,"Primary salivary gland type carcinoma of trachea"
,,"CAN_COD","Codes for relevant malignancies","707379000",,"Primary mucoepidermoid carcinoma of trachea"
,,"CAN_COD","Codes for relevant malignancies","707378008",,"Primary myoepithelial carcinoma of trachea"
,,"CAN_COD","Codes for relevant malignancies","707377003",,"Primary signet ring cell carcinoma of trachea"
,,"CAN_COD","Codes for relevant malignancies","707362006",,"Malignant melanoma of sphenoidal sinus"
,,"CAN_COD","Codes for relevant malignancies","707386008",,"Primary acinar cell carcinoma of trachea"
,,"CAN_COD","Codes for relevant malignancies","403996004",,"Infantile fibrosarcoma"
,,"CAN_COD","Codes for relevant malignancies","403940006",,"Clear cell eccrine hidradenocarcinoma of skin"
,,"CAN_COD","Codes for relevant malignancies","403941005",,"Malignant cylindroma of skin"
,,"CAN_COD","Codes for relevant malignancies","403942003",,"Malignant eccrine spiradenoma of skin"
,,"CAN_COD","Codes for relevant malignancies","403943008",,"Malignant chondroid syringoma of skin"
,,"CAN_COD","Codes for relevant malignancies","403944002",,"Small cell eccrine carcinoma of skin"
,,"CAN_COD","Codes for relevant malignancies","403947009",,"Perianal Paget's disease"
,,"CAN_COD","Codes for relevant malignancies","403949007",,"Apocrine adenocarcinoma of skin"
,,"CAN_COD","Codes for relevant malignancies","403950007",,"Moll's gland adenocarcinoma"
,,"CAN_COD","Codes for relevant malignancies","403951006",,"Ceruminous gland adenocarcinoma of skin"
,,"CAN_COD","Codes for relevant malignancies","403954003",,"Mixed eccrine/pilar adnexal carcinoma of skin"
,,"CAN_COD","Codes for relevant malignancies","403955002",,"Undifferentiated adnexal carcinoma of skin"
,,"CAN_COD","Codes for relevant malignancies","403977003",,"Angiosarcoma"
,,"CAN_COD","Codes for relevant malignancies","403978008",,"Kaposi's sarcoma - sporadic"
,,"CAN_COD","Codes for relevant malignancies","369567009",,"Malignant tumor involving right ovary by direct extension from vagina"
,,"CAN_COD","Codes for relevant malignancies","404016005",,"Giant cell malignant fibrous histiocytoma of skin"
,,"CAN_COD","Codes for relevant malignancies","404039004",,"Melanotic malignant nerve sheath tumor"
,,"CAN_COD","Codes for relevant malignancies","404038007",,"Epithelioid malignant nerve sheath tumor"
,,"CAN_COD","Codes for relevant malignancies","371966005",,"Primary malignant neoplasm of adrenal medulla"
,,"CAN_COD","Codes for relevant malignancies","371967001",,"Primary malignant neoplasm of ampulla of Vater"
,,"CAN_COD","Codes for relevant malignancies","371968006",,"Primary malignant neoplasm of anterior two-thirds of tongue"
,,"CAN_COD","Codes for relevant malignancies","403979000",,"Kaposi's sarcoma - endemic"
,,"CAN_COD","Codes for relevant malignancies","404017001",,"Inflammatory malignant fibrous histiocytoma of skin"
,,"CAN_COD","Codes for relevant malignancies","403986008",,"Lymphangiosarcoma"
,,"CAN_COD","Codes for relevant malignancies","404015009",,"Superficial malignant fibrous histiocytoma of skin"
,,"CAN_COD","Codes for relevant malignancies","404014008",,"Malignant fibrous histiocytoma of skin"
,,"CAN_COD","Codes for relevant malignancies","404010004",,"Dermatofibrosarcoma protuberans with giant cell fibroblastoma"
,,"CAN_COD","Codes for relevant malignancies","404009009",,"Dermatofibrosarcoma protuberans with granular cell change"
,,"CAN_COD","Codes for relevant malignancies","404008001",,"Dermatofibrosarcoma protuberans with myoid differentiation"
,,"CAN_COD","Codes for relevant malignancies","403927001",,"Malignant melanoma of nail apparatus"
,,"CAN_COD","Codes for relevant malignancies","371969003",,"Primary malignant neoplasm of apex of urinary bladder"
,,"CAN_COD","Codes for relevant malignancies","402882001",,"Hodgkin's disease affecting skin"
,,"CAN_COD","Codes for relevant malignancies","403939009",,"Eccrine ductal carcinoma of skin"
,,"CAN_COD","Codes for relevant malignancies","403713003",,"Psoralen and long-wave ultraviolet radiation therapy-associated squamous cell carcinoma"
,,"CAN_COD","Codes for relevant malignancies","403711001",,"Psoralen and long-wave ultraviolet radiation therapy-associated skin malignancy"
,,"CAN_COD","Codes for relevant malignancies","403458008",,"Localized skin involvement by breast carcinoma"
,,"CAN_COD","Codes for relevant malignancies","40312006",,"Pericarditis co-occurrent and due to tumor metastatic to pericardium"
,,"CAN_COD","Codes for relevant malignancies","403889000",,"Verrucous carcinoma of oral cavity"
,,"CAN_COD","Codes for relevant malignancies","402910001",,"Anogenital verrucous carcinoma of Buschke-Löwenstein"
,,"CAN_COD","Codes for relevant malignancies","403890009",,"Squamous cell carcinoma of vulva due to lichen sclerosus"
,,"CAN_COD","Codes for relevant malignancies","402881008",,"Primary cutaneous B-cell lymphoma"
,,"CAN_COD","Codes for relevant malignancies","402880009",,"Primary cutaneous large T-cell lymphoma"
,,"CAN_COD","Codes for relevant malignancies","402879006",,"T-cell leukemic infiltration of skin"
,,"CAN_COD","Codes for relevant malignancies","402876004",,"Malignant tumor of nerve sheath origin"
,,"CAN_COD","Codes for relevant malignancies","402873007",,"Malignant fibrohistiocytic tumor of skin"
,,"CAN_COD","Codes for relevant malignancies","402871009",,"Malignant neoplasm of subcutaneous fibrous tissue"
,,"CAN_COD","Codes for relevant malignancies","402912009",,"Vulval verrucous carcinoma of Buschke-Löwenstein"
,,"CAN_COD","Codes for relevant malignancies","403920004",,"Minimal deviation malignant melanoma"
,,"CAN_COD","Codes for relevant malignancies","404045007",,"Epithelioid leiomyosarcoma of skin"
,,"CAN_COD","Codes for relevant malignancies","403926005",,"Malignant melanoma of oral cavity"
,,"CAN_COD","Codes for relevant malignancies","403925009",,"Neurotropic malignant melanoma"
,,"CAN_COD","Codes for relevant malignancies","403924008",,"Desmoplastic malignant melanoma"
,,"CAN_COD","Codes for relevant malignancies","403923002",,"Spindle cell malignant melanoma"
,,"CAN_COD","Codes for relevant malignancies","403714009",,"Psoralen and long-wave ultraviolet radiation therapy-associated malignant melanoma"
,,"CAN_COD","Codes for relevant malignancies","403921000",,"Borderline malignant melanoma"
,,"CAN_COD","Codes for relevant malignancies","403929003",,"Trichilemmal carcinoma"
,,"CAN_COD","Codes for relevant malignancies","403906006",,"Metastatic squamous cell carcinoma"
,,"CAN_COD","Codes for relevant malignancies","403904009",,"Verrucous squamous cell carcinoma"
,,"CAN_COD","Codes for relevant malignancies","403903003",,"Signet ring squamous cell carcinoma"
,,"CAN_COD","Codes for relevant malignancies","403902008",,"Adenosquamous carcinoma"
,,"CAN_COD","Codes for relevant malignancies","403901001",,"Acantholytic squamous cell carcinoma"
,,"CAN_COD","Codes for relevant malignancies","403900000",,"Spindle cell squamous cell carcinoma"
,,"CAN_COD","Codes for relevant malignancies","403922007",,"Balloon cell malignant melanoma"
,,"CAN_COD","Codes for relevant malignancies","404113004",,"Tumor stage mycosis fungoides"
,,"CAN_COD","Codes for relevant malignancies","404106004",,"Lymphomatoid papulosis with Hodgkin's disease"
,,"CAN_COD","Codes for relevant malignancies","404119000",,"Pagetoid reticulosis"
,,"CAN_COD","Codes for relevant malignancies","404118008",,"Syringotropic mycosis fungoides"
,,"CAN_COD","Codes for relevant malignancies","404117003",,"Spongiotic mycosis fungoides"
,,"CAN_COD","Codes for relevant malignancies","404116007",,"Mycosis fungoides with systemic infiltration"
,,"CAN_COD","Codes for relevant malignancies","404121005",,"Generalized pagetoid reticulosis"
,,"CAN_COD","Codes for relevant malignancies","404114005",,"Erythrodermic mycosis fungoides"
,,"CAN_COD","Codes for relevant malignancies","404122003",,"Leukemic infiltration of skin (chronic T-cell lymphocytic leukemia)"
,,"CAN_COD","Codes for relevant malignancies","404112009",,"Granulomatous mycosis fungoides"
,,"CAN_COD","Codes for relevant malignancies","404111002",,"Lymphomatoid papulosis-associated mycosis fungoides"
,,"CAN_COD","Codes for relevant malignancies","404110001",,"Hypomelanotic mycosis fungoides"
,,"CAN_COD","Codes for relevant malignancies","404109006",,"Follicular mucinosis type mycosis fungoides"
,,"CAN_COD","Codes for relevant malignancies","404108003",,"Poikilodermatous mycosis fungoides"
,,"CAN_COD","Codes for relevant malignancies","404040002",,"Malignant Triton tumor"
,,"CAN_COD","Codes for relevant malignancies","404115006",,"Bullous mycosis fungoides"
,,"CAN_COD","Codes for relevant malignancies","404129007",,"CD-30 negative anaplastic large T-cell cutaneous lymphoma"
,,"CAN_COD","Codes for relevant malignancies","404137004",,"Precursor B-cell lymphoblastic lymphoma involving skin"
,,"CAN_COD","Codes for relevant malignancies","404136008",,"Aggressive natural killer-cell leukemia involving skin"
,,"CAN_COD","Codes for relevant malignancies","404135007",,"Angiocentric natural killer/T-cell malignant lymphoma involving skin"
,,"CAN_COD","Codes for relevant malignancies","404134006",,"Anaplastic large T-cell systemic malignant lymphoma"
,,"CAN_COD","Codes for relevant malignancies","404132005",,"Pleomorphic small/medium-sized cell cutaneous T-cell lymphoma"
,,"CAN_COD","Codes for relevant malignancies","404120006",,"Localized pagetoid reticulosis"
,,"CAN_COD","Codes for relevant malignancies","404130002",,"CD-30 negative pleomorphic large T-cell cutaneous lymphoma"
,,"CAN_COD","Codes for relevant malignancies","404105000",,"Lymphomatoid papulosis type C (anaplastic large-cell lymphoma-like)"
,,"CAN_COD","Codes for relevant malignancies","404128004",,"CD-30 negative cutaneous T-cell lymphoma"
,,"CAN_COD","Codes for relevant malignancies","404127009",,"CD-30 positive T-immunoblastic cutaneous lymphoma"
,,"CAN_COD","Codes for relevant malignancies","404126000",,"CD-30 positive pleomorphic large T-cell cutaneous lymphoma"
,,"CAN_COD","Codes for relevant malignancies","404125001",,"CD-30 positive anaplastic large T-cell cutaneous lymphoma"
,,"CAN_COD","Codes for relevant malignancies","404124002",,"Leukemic infiltration of skin (T-cell lymphoblastic leukemia)"
,,"CAN_COD","Codes for relevant malignancies","404123008",,"Leukemic infiltration of skin (T-cell prolymphocytic leukemia)"
,,"CAN_COD","Codes for relevant malignancies","404131003",,"CD-30 negative T-immunoblastic cutaneous lymphoma"
,,"CAN_COD","Codes for relevant malignancies","404054005",,"Pleomorphic rhabdomyosarcoma"
,,"CAN_COD","Codes for relevant malignancies","404107008",,"Patch/plaque stage mycosis fungoides"
,,"CAN_COD","Codes for relevant malignancies","404070007",,"Round cell liposarcoma"
,,"CAN_COD","Codes for relevant malignancies","404069006",,"Myxoid liposarcoma"
,,"CAN_COD","Codes for relevant malignancies","404068003",,"Sclerosing liposarcoma"
,,"CAN_COD","Codes for relevant malignancies","404067008",,"Adipocytic liposarcoma"
,,"CAN_COD","Codes for relevant malignancies","404072004",,"Dedifferentiated liposarcoma"
,,"CAN_COD","Codes for relevant malignancies","404055006",,"Spindle cell rhabdomyosarcoma"
,,"CAN_COD","Codes for relevant malignancies","404073009",,"Spindle cell liposarcoma"
,,"CAN_COD","Codes for relevant malignancies","404053004",,"Alveolar rhabdomyosarcoma"
,,"CAN_COD","Codes for relevant malignancies","404052009",,"Botryoid rhabdomyosarcoma"
,,"CAN_COD","Codes for relevant malignancies","404051002",,"Embryonal rhabdomyosarcoma"
,,"CAN_COD","Codes for relevant malignancies","404047004",,"Cutaneous leiomyosarcoma with granular cell change"
,,"CAN_COD","Codes for relevant malignancies","404046008",,"Myxoid leiomyosarcoma of skin"
,,"CAN_COD","Codes for relevant malignancies","402636006",,"Malignant neoplasm of nail apparatus"
,,"CAN_COD","Codes for relevant malignancies","404056007",,"Alveolar soft part sarcoma"
,,"CAN_COD","Codes for relevant malignancies","404089007",,"Extrarenal rhabdoid tumor"
,,"CAN_COD","Codes for relevant malignancies","404104001",,"Lymphomatoid papulosis type B - mycosis fungoides-like"
,,"CAN_COD","Codes for relevant malignancies","404103007",,"Lymphomatoid papulosis type A (CD-30 positive type)"
,,"CAN_COD","Codes for relevant malignancies","404094007",,"Metastasis involving oral cavity"
,,"CAN_COD","Codes for relevant malignancies","404093001",,"Sarcomatous metastasis in skin"
,,"CAN_COD","Codes for relevant malignancies","404092006",,"Carcinomatous metastasis in skin"
,,"CAN_COD","Codes for relevant malignancies","404071006",,"Pleomorphic liposarcoma"
,,"CAN_COD","Codes for relevant malignancies","404090003",,"Malignant infiltration of oral cavity by underlying tumor"
,,"CAN_COD","Codes for relevant malignancies","404041003",,"Malignant granular cell tumor"
,,"CAN_COD","Codes for relevant malignancies","404088004",,"Low-grade fibromyxoid sarcoma"
,,"CAN_COD","Codes for relevant malignancies","404087009",,"Carcinosarcoma of skin"
,,"CAN_COD","Codes for relevant malignancies","404081005",,"Yolk sac tumor"
,,"CAN_COD","Codes for relevant malignancies","404080006",,"Extraskeletal mesenchymal chondrosarcoma"
,,"CAN_COD","Codes for relevant malignancies","404079008",,"Extraskeletal myxoid chondrosarcoma"
,,"CAN_COD","Codes for relevant malignancies","404077005",,"Extraskeletal osteosarcoma"
,,"CAN_COD","Codes for relevant malignancies","404091004",,"Malignant infiltration of skin by underlying tumor"
,,"CAN_COD","Codes for relevant malignancies","371993008",,"Primary malignant neoplasm of lacrimal gland"
,,"CAN_COD","Codes for relevant malignancies","371997009",,"Primary malignant neoplasm of lower gum"
,,"CAN_COD","Codes for relevant malignancies","372101000",,"Carcinoma of extrahepatic bile duct"
,,"CAN_COD","Codes for relevant malignancies","372100004",,"Carcinoma of exocervix"
,,"CAN_COD","Codes for relevant malignancies","371991005",,"Primary malignant neoplasm of hard palate"
,,"CAN_COD","Codes for relevant malignancies","372098004",,"Carcinoma of endocervix"
,,"CAN_COD","Codes for relevant malignancies","372104008",,"Carcinoma of subglottis"
,,"CAN_COD","Codes for relevant malignancies","372096000",,"Carcinoma of male breast"
,,"CAN_COD","Codes for relevant malignancies","372105009",,"Carcinoma of supraglottis"
,,"CAN_COD","Codes for relevant malignancies","372094002",,"Malignant neoplasm of axillary tail of breast"
,,"CAN_COD","Codes for relevant malignancies","372093008",,"Secondary malignant neoplasm of axillary tail of breast"
,,"CAN_COD","Codes for relevant malignancies","372092003",,"Primary malignant neoplasm of axillary tail of breast"
,,"CAN_COD","Codes for relevant malignancies","371994002",,"Primary malignant neoplasm of laryngeal aspect of aryepiglottic fold"
,,"CAN_COD","Codes for relevant malignancies","371995001",,"Primary malignant neoplasm of larynx"
,,"CAN_COD","Codes for relevant malignancies","372135002",,"Primary malignant neoplasm of upper lobe, bronchus or lung"
,,"CAN_COD","Codes for relevant malignancies","371992003",,"Primary malignant neoplasm of intestinal tract"
,,"CAN_COD","Codes for relevant malignancies","372113005",,"Carcinoma of middle lobe, bronchus or lung"
,,"CAN_COD","Codes for relevant malignancies","402816008",,"Squamous cell carcinoma of anogenital area"
,,"CAN_COD","Codes for relevant malignancies","372131006",,"Malignant neoplasm of upper limb bones and scapula"
,,"CAN_COD","Codes for relevant malignancies","372121004",,"Carcinoma of ribs and/or sternum and/or clavicle"
,,"CAN_COD","Codes for relevant malignancies","372120003",,"Carcinoma of main bronchus"
,,"CAN_COD","Codes for relevant malignancies","372119009",,"Primary malignant neoplasm of head of pancreas"
,,"CAN_COD","Codes for relevant malignancies","372103002",,"Carcinoma of glottis"
,,"CAN_COD","Codes for relevant malignancies","372115003",,"Primary malignant neoplasm of pelvic bones, sacrum and coccyx"
,,"CAN_COD","Codes for relevant malignancies","371998004",,"Primary malignant neoplasm of lower third of esophagus"
,,"CAN_COD","Codes for relevant malignancies","372112000",,"Primary malignant neoplasm of middle lobe, bronchus or lung"
,,"CAN_COD","Codes for relevant malignancies","372111007",,"Carcinoma of lower lobe, bronchus or lung"
,,"CAN_COD","Codes for relevant malignancies","372110008",,"Primary malignant neoplasm of lower lobe, bronchus or lung"
,,"CAN_COD","Codes for relevant malignancies","372108006",,"Malignant neoplasm of bone of lower limb"
,,"CAN_COD","Codes for relevant malignancies","372107001",,"Primary malignant neoplasm of ribs and/or sternum and/or clavicle"
,,"CAN_COD","Codes for relevant malignancies","372106005",,"Carcinoma of penis"
,,"CAN_COD","Codes for relevant malignancies","372116002",,"Carcinoma of pelvic bones, sacrum and coccyx"
,,"CAN_COD","Codes for relevant malignancies","372013007",,"Primary malignant neoplasm of spermatic cord"
,,"CAN_COD","Codes for relevant malignancies","371996000",,"Primary malignant neoplasm of lip"
,,"CAN_COD","Codes for relevant malignancies","372019006",,"Primary malignant neoplasm of thoracic vertebral column"
,,"CAN_COD","Codes for relevant malignancies","372018003",,"Malignant neoplasm of thoracic vertebral column"
,,"CAN_COD","Codes for relevant malignancies","372017008",,"Primary malignant neoplasm of thoracic esophagus"
,,"CAN_COD","Codes for relevant malignancies","372016004",,"Primary malignant neoplasm of the peritoneum"
,,"CAN_COD","Codes for relevant malignancies","372021001",,"Primary malignant neoplasm of trapezium"
,,"CAN_COD","Codes for relevant malignancies","372014001",,"Primary malignant neoplasm of stomach"
,,"CAN_COD","Codes for relevant malignancies","372022008",,"Primary malignant neoplasm of upper gum"
,,"CAN_COD","Codes for relevant malignancies","372012002",,"Primary malignant neoplasm of soft tissues of upper limb"
,,"CAN_COD","Codes for relevant malignancies","372011009",,"Malignant tumor of soft tissue of upper limb"
,,"CAN_COD","Codes for relevant malignancies","372010005",,"Primary malignant neoplasm of soft tissues"
,,"CAN_COD","Codes for relevant malignancies","372009000",,"Primary malignant neoplasm of scrotum"
,,"CAN_COD","Codes for relevant malignancies","372008008",,"Primary malignant neoplasm of scaphoid bone"
,,"CAN_COD","Codes for relevant malignancies","372007003",,"Primary malignant neoplasm of retrocecal tissue"
,,"CAN_COD","Codes for relevant malignancies","372015000",,"Primary malignant neoplasm of the mesentery"
,,"CAN_COD","Codes for relevant malignancies","372030009",,"Primary malignant neoplasm of vocal cord"
,,"CAN_COD","Codes for relevant malignancies","371999007",,"Primary malignant neoplasm of middle third of esophagus"
,,"CAN_COD","Codes for relevant malignancies","372000001",,"Primary malignant neoplasm of minor salivary gland"
,,"CAN_COD","Codes for relevant malignancies","372001002",,"Primary malignant neoplasm of oral cavity"
,,"CAN_COD","Codes for relevant malignancies","372002009",,"Primary malignant neoplasm of palate"
,,"CAN_COD","Codes for relevant malignancies","372003004",,"Primary malignant neoplasm of pancreas"
,,"CAN_COD","Codes for relevant malignancies","372020000",,"Primary malignant neoplasm of tonsil"
,,"CAN_COD","Codes for relevant malignancies","372005006",,"Primary malignant neoplasm of penis"
,,"CAN_COD","Codes for relevant malignancies","372136001",,"Carcinoma of upper lobe, bronchus or lung"
,,"CAN_COD","Codes for relevant malignancies","372028007",,"Primary malignant neoplasm of vertebral column"
,,"CAN_COD","Codes for relevant malignancies","372027002",,"Primary malignant neoplasm of vermilion border of upper lip"
,,"CAN_COD","Codes for relevant malignancies","372026006",,"Primary malignant neoplasm of vermilion border of lower lip"
,,"CAN_COD","Codes for relevant malignancies","372025005",,"Primary malignant neoplasm of vagina"
,,"CAN_COD","Codes for relevant malignancies","372024009",,"Primary malignant neoplasm of uterine cervix"
,,"CAN_COD","Codes for relevant malignancies","372023003",,"Primary malignant neoplasm of upper third of esophagus"
,,"CAN_COD","Codes for relevant malignancies","372004005",,"Primary malignant neoplasm of parotid gland"
,,"CAN_COD","Codes for relevant malignancies","371977004",,"Primary malignant neoplasm of cecum"
,,"CAN_COD","Codes for relevant malignancies","371984007",,"Primary malignant neoplasm of esophagus"
,,"CAN_COD","Codes for relevant malignancies","399660006",,"Ring melanoma of ciliary body"
,,"CAN_COD","Codes for relevant malignancies","399590005",,"Squamous cell carcinoma of prostate"
,,"CAN_COD","Codes for relevant malignancies","399490008",,"Adenocarcinoma of prostate"
,,"CAN_COD","Codes for relevant malignancies","371974006",,"Malignant neoplasm of border of tongue"
,,"CAN_COD","Codes for relevant malignancies","399969009",,"Secondary malignant neoplasm of blood vessel of upper arm"
,,"CAN_COD","Codes for relevant malignancies","371976008",,"Primary malignant neoplasm of buccal mucosa"
,,"CAN_COD","Codes for relevant malignancies","400001003",,"Primary cutaneous lymphoma"
,,"CAN_COD","Codes for relevant malignancies","371978009",,"Primary malignant neoplasm of cervical esophagus"
,,"CAN_COD","Codes for relevant malignancies","371980003",,"Primary malignant neoplasm of clitoris"
,,"CAN_COD","Codes for relevant malignancies","371981004",,"Primary malignant neoplasm of commissure of lip"
,,"CAN_COD","Codes for relevant malignancies","398903003",,"Pleomorphic malignant fibrous histiocytoma of skin"
,,"CAN_COD","Codes for relevant malignancies","398670003",,"Pigmented dermatofibrosarcoma protuberans of skin"
,,"CAN_COD","Codes for relevant malignancies","372133009",,"Primary malignant neoplasm of upper limb bones and scapula"
,,"CAN_COD","Codes for relevant malignancies","371975007",,"Primary malignant neoplasm of border of tongue"
,,"CAN_COD","Codes for relevant malignancies","402558004",,"Malignant melanoma (vertical growth phase)"
,,"CAN_COD","Codes for relevant malignancies","404140004",,"Primary cutaneous marginal zone B-cell lymphoma"
,,"CAN_COD","Codes for relevant malignancies","402564006",,"Multiple primary malignant melanomata"
,,"CAN_COD","Codes for relevant malignancies","402563000",,"Metastatic malignant melanoma with diffuse hypermelanosis"
,,"CAN_COD","Codes for relevant malignancies","402562005",,"Malignant melanoma animal-type"
,,"CAN_COD","Codes for relevant malignancies","402561003",,"Malignant melanoma of soft tissues"
,,"CAN_COD","Codes for relevant malignancies","399884001",,"Primary malignant neoplasm of blood vessel of upper arm"
,,"CAN_COD","Codes for relevant malignancies","402559007",,"Congenital malignant melanoma"
,,"CAN_COD","Codes for relevant malignancies","371986009",,"Primary malignant neoplasm of eye"
,,"CAN_COD","Codes for relevant malignancies","400175006",,"Myxofibrosarcoma of skin"
,,"CAN_COD","Codes for relevant malignancies","400173004",,"Eccrine carcinoma of skin"
,,"CAN_COD","Codes for relevant malignancies","371970002",,"Primary malignant neoplasm of biliary tract"
,,"CAN_COD","Codes for relevant malignancies","371971003",,"Primary malignant neoplasm of body of uterus"
,,"CAN_COD","Codes for relevant malignancies","400074007",,"Primary malignant neoplasm of blood vessel of lower leg"
,,"CAN_COD","Codes for relevant malignancies","400058002",,"Secondary malignant neoplasm of blood vessel of lower leg"
,,"CAN_COD","Codes for relevant malignancies","402560002",,"Materno-fetal metastatic malignant melanoma"
,,"CAN_COD","Codes for relevant malignancies","372142002",,"Carcinoma of pancreas"
,,"CAN_COD","Codes for relevant malignancies","371983001",,"Primary malignant neoplasm of endocrine gland"
,,"CAN_COD","Codes for relevant malignancies","373083005",,"Malignant neoplasm of breast upper outer quadrant"
,,"CAN_COD","Codes for relevant malignancies","373082000",,"Malignant neoplasm of breast upper inner quadrant"
,,"CAN_COD","Codes for relevant malignancies","373081007",,"Malignant neoplasm of breast lower outer quadrant"
,,"CAN_COD","Codes for relevant malignancies","373080008",,"Malignant neoplasm of breast lower inner quadrant"
,,"CAN_COD","Codes for relevant malignancies","373089009",,"Primary malignant neoplasm of breast upper inner quadrant"
,,"CAN_COD","Codes for relevant malignancies","372143007",,"Carcinoma of stomach"
,,"CAN_COD","Codes for relevant malignancies","373090000",,"Primary malignant neoplasm of breast lower inner quadrant"
,,"CAN_COD","Codes for relevant malignancies","372141009",,"Carcinoma of vocal cord"
,,"CAN_COD","Codes for relevant malignancies","371988005",,"Primary malignant neoplasm of false vocal cord"
,,"CAN_COD","Codes for relevant malignancies","371989002",,"Primary malignant neoplasm of glans penis"
,,"CAN_COD","Codes for relevant malignancies","371990006",,"Primary malignant neoplasm of gum"
,,"CAN_COD","Codes for relevant malignancies","372138000",,"Carcinoma of esophagus"
,,"CAN_COD","Codes for relevant malignancies","372137005",,"Primary malignant neoplasm of breast"
,,"CAN_COD","Codes for relevant malignancies","372244006",,"Malignant melanoma"
,,"CAN_COD","Codes for relevant malignancies","393563007",,"Glioblastoma multiforme"
,,"CAN_COD","Codes for relevant malignancies","397641000000107",,"[X]Malignant neoplasm of respiratory and intrathoracic organs"
,,"CAN_COD","Codes for relevant malignancies","397141000000100",,"[X]Malignant neoplasm of eye, brain and other parts of central nervous system"
,,"CAN_COD","Codes for relevant malignancies","397015000",,"Systemic mastocytosis with associated clonal hematological non-mast cell lineage disease"
,,"CAN_COD","Codes for relevant malignancies","397011009",,"Mast cell malignancy of lymph nodes"
,,"CAN_COD","Codes for relevant malignancies","397008008",,"Aggressive lymphadenopathic mastocytosis with eosinophilia"
,,"CAN_COD","Codes for relevant malignancies","373088001",,"Primary malignant neoplasm of breast upper outer quadrant"
,,"CAN_COD","Codes for relevant malignancies","396181000000106",,"[X]Melanoma and other malignant neoplasms of skin"
,,"CAN_COD","Codes for relevant malignancies","402815007",,"Squamous cell carcinoma"
,,"CAN_COD","Codes for relevant malignancies","389216001",,"Diaphyseal medullary stenosis with bone malignancy"
,,"CAN_COD","Codes for relevant malignancies","385478001",,"Adenoma malignum"
,,"CAN_COD","Codes for relevant malignancies","373888000",,"Extrauterine adenocarcinoma"
,,"CAN_COD","Codes for relevant malignancies","373627005",,"Bronchioloalveolar carcinoma"
,,"CAN_COD","Codes for relevant malignancies","371987000",,"Primary malignant neoplasm of fallopian tube"
,,"CAN_COD","Codes for relevant malignancies","373091001",,"Primary malignant neoplasm of breast lower outer quadrant"
,,"CAN_COD","Codes for relevant malignancies","396198006",,"Small cell carcinoma of prostate"
,,"CAN_COD","Codes for relevant malignancies","424549003",,"Malignant tumor of spinal cord, extramedullary"
,,"CAN_COD","Codes for relevant malignancies","424190005",,"Malignant melanoma of unknown origin"
,,"CAN_COD","Codes for relevant malignancies","424954002",,"Undifferentiated large cell carcinomatosis"
,,"CAN_COD","Codes for relevant malignancies","424952003",,"Sarcoma of soft tissue"
,,"CAN_COD","Codes for relevant malignancies","424938000",,"Large cell carcinoma of lung, TNM stage 1"
,,"CAN_COD","Codes for relevant malignancies","424887002",,"Primary malignant neoplasm of thyroid gland, metastatic to bone"
,,"CAN_COD","Codes for relevant malignancies","425048006",,"Non-small cell carcinoma of lung, TNM stage 2"
,,"CAN_COD","Codes for relevant malignancies","424779008",,"Primary Kaposi's sarcoma of oral cavity"
,,"CAN_COD","Codes for relevant malignancies","425066001",,"Carcinoma of urinary bladder, invasive"
,,"CAN_COD","Codes for relevant malignancies","424487008",,"Malignant melanoma of skin of upper lip"
,,"CAN_COD","Codes for relevant malignancies","424440001",,"Adenocarcinoma of small intestine"
,,"CAN_COD","Codes for relevant malignancies","424413001",,"Sarcoma"
,,"CAN_COD","Codes for relevant malignancies","424334007",,"Malignant tumor of spinal cord, intramedullary"
,,"CAN_COD","Codes for relevant malignancies","424302003",,"Malignant melanoma of skin of lower lip"
,,"CAN_COD","Codes for relevant malignancies","426071002",,"Hodgkin's disease in remission"
,,"CAN_COD","Codes for relevant malignancies","424849005",,"Primary sarcoma of tongue"
,,"CAN_COD","Codes for relevant malignancies","425303004",,"Squamous cell carcinomatosis"
,,"CAN_COD","Codes for relevant malignancies","423189008",,"Adenoid cystic carcinoma of submandibular gland"
,,"CAN_COD","Codes for relevant malignancies","425869007",,"Acute promyelocytic leukemia, FAB M3, in remission"
,,"CAN_COD","Codes for relevant malignancies","425749006",,"Subacute myeloid leukemia in remission"
,,"CAN_COD","Codes for relevant malignancies","425688002",,"Philadelphia chromosome-positive acute lymphoblastic leukemia"
,,"CAN_COD","Codes for relevant malignancies","425657001",,"Osteosclerotic myeloma"
,,"CAN_COD","Codes for relevant malignancies","424970000",,"Large cell carcinoma of lung, TNM stage 3"
,,"CAN_COD","Codes for relevant malignancies","369580007",,"Malignant tumor involving vagina by direct extension from uterine cervix"
,,"CAN_COD","Codes for relevant malignancies","424151006",,"Anaplastic glioma of brain"
,,"CAN_COD","Codes for relevant malignancies","425231005",,"Carcinoma of urinary bladder, superficial"
,,"CAN_COD","Codes for relevant malignancies","425230006",,"Squamous cell carcinoma of lung, TNM stage 3"
,,"CAN_COD","Codes for relevant malignancies","425225007",,"Malignant mixed tumor of salivary gland"
,,"CAN_COD","Codes for relevant malignancies","425178004",,"Adenocarcinoma of rectosigmoid junction"
,,"CAN_COD","Codes for relevant malignancies","425127006",,"Carcinoma ex pleomorphic adenoma of parotid gland"
,,"CAN_COD","Codes for relevant malignancies","425111000000106",,"[X]Additional neoplasm classification terms"
,,"CAN_COD","Codes for relevant malignancies","425376008",,"Squamous cell carcinoma of lung, TNM stage 4"
,,"CAN_COD","Codes for relevant malignancies","423447006",,"Malignant melanoma of skin of lower eyelid"
,,"CAN_COD","Codes for relevant malignancies","424276002",,"Malignant glioma of brainstem"
,,"CAN_COD","Codes for relevant malignancies","423600008",,"Large cell carcinoma of lung, TNM stage 4"
,,"CAN_COD","Codes for relevant malignancies","423595004",,"Adenocarcinoma carcinomatosis"
,,"CAN_COD","Codes for relevant malignancies","423506005",,"Squamous cell carcinoma of external auditory canal"
,,"CAN_COD","Codes for relevant malignancies","423494003",,"Malignant melanoma of skin of upper eyelid"
,,"CAN_COD","Codes for relevant malignancies","423610004",,"Rhabdomyosarcoma of connective or soft tissue"
,,"CAN_COD","Codes for relevant malignancies","423464009",,"Squamous cell carcinoma of oropharynx"
,,"CAN_COD","Codes for relevant malignancies","423615009",,"Adenoid cystic carcinoma of parotid gland"
,,"CAN_COD","Codes for relevant malignancies","423424005",,"Mucoepidermoid carcinoma of submandibular gland"
,,"CAN_COD","Codes for relevant malignancies","423384009",,"Secondary malignant neoplasm of lacrimal gland duct"
,,"CAN_COD","Codes for relevant malignancies","423318000",,"Adenoid cystic carcinoma of oropharynx"
,,"CAN_COD","Codes for relevant malignancies","423295000",,"Squamous cell carcinoma of lung, TNM stage 1"
,,"CAN_COD","Codes for relevant malignancies","423280002",,"Malignant melanoma of skin of canthus of eye"
,,"CAN_COD","Codes for relevant malignancies","404138009",,"Small lymphocytic B-cell lymphoma involving skin"
,,"CAN_COD","Codes for relevant malignancies","423468007",,"Squamous cell carcinoma of lung, TNM stage 2"
,,"CAN_COD","Codes for relevant malignancies","423793008",,"Mucoepidermoid carcinoma of parotid gland"
,,"CAN_COD","Codes for relevant malignancies","424132000",,"Non-small cell carcinoma of lung, TNM stage 1"
,,"CAN_COD","Codes for relevant malignancies","424052001",,"Small cell carcinoma carcinomatosis"
,,"CAN_COD","Codes for relevant malignancies","423987006",,"Primary malignant neoplasm of vulva, with widespread metastatic disease"
,,"CAN_COD","Codes for relevant malignancies","423973006",,"Carcinoma of uterine cervix, invasive"
,,"CAN_COD","Codes for relevant malignancies","423829008",,"Invasive vulval Paget's disease"
,,"CAN_COD","Codes for relevant malignancies","423607006",,"Adenocarcinoma of anus"
,,"CAN_COD","Codes for relevant malignancies","423807009",,"Primary leiomyosarcoma"
,,"CAN_COD","Codes for relevant malignancies","426124006",,"Acute myeloid leukemia with maturation, FAB M2, in remission"
,,"CAN_COD","Codes for relevant malignancies","423746001",,"Adenocarcinoma of pelvis"
,,"CAN_COD","Codes for relevant malignancies","423708008",,"Mucoepidermoid carcinoma of salivary gland"
,,"CAN_COD","Codes for relevant malignancies","423700001",,"Squamous cell carcinoma of auricle of ear"
,,"CAN_COD","Codes for relevant malignancies","423691004",,"Malignant neoplasm of gum and contiguous sites"
,,"CAN_COD","Codes for relevant malignancies","423673009",,"Malignant melanoma of retina"
,,"CAN_COD","Codes for relevant malignancies","423627007",,"Sarcoma of ovary"
,,"CAN_COD","Codes for relevant malignancies","423812005",,"Sarcoma of head and neck"
,,"CAN_COD","Codes for relevant malignancies","440527006",,"Primary squamous cell carcinoma of naris"
,,"CAN_COD","Codes for relevant malignancies","438946002",,"Siewert type I adenocarcinoma of esophagogastric junction"
,,"CAN_COD","Codes for relevant malignancies","443144000",,"Metastatic sarcoma"
,,"CAN_COD","Codes for relevant malignancies","369570008",,"Malignant tumor involving right ovary by separate metastasis from left ovary"
,,"CAN_COD","Codes for relevant malignancies","441962003",,"Large cell lymphoma of intrapelvic lymph nodes"
,,"CAN_COD","Codes for relevant malignancies","441559006",,"Mantle cell lymphoma of spleen"
,,"CAN_COD","Codes for relevant malignancies","443261008",,"Oxyphilic adenocarcinoma"
,,"CAN_COD","Codes for relevant malignancies","441313008",,"Indolent multiple myeloma"
,,"CAN_COD","Codes for relevant malignancies","443333004",,"Medulloblastoma"
,,"CAN_COD","Codes for relevant malignancies","440525003",,"Primary small cell neoplasm of thymus"
,,"CAN_COD","Codes for relevant malignancies","440501006",,"Siewert type II adenocarcinoma of esophagogastric junction"
,,"CAN_COD","Codes for relevant malignancies","440422002",,"Asymptomatic multiple myeloma"
,,"CAN_COD","Codes for relevant malignancies","440397000",,"Primary osteosarcoma of pelvis"
,,"CAN_COD","Codes for relevant malignancies","440173001",,"Nonsquamous nonsmall cell neoplasm of lung"
,,"CAN_COD","Codes for relevant malignancies","425941003",,"Pre B-cell acute lymphoblastic leukemia in remission"
,,"CAN_COD","Codes for relevant malignancies","441535001",,"Adenocarcinoma of head and neck"
,,"CAN_COD","Codes for relevant malignancies","369569007",,"Malignant tumor involving right ovary by separate metastasis from fallopian tube"
,,"CAN_COD","Codes for relevant malignancies","444597005",,"Extranodal marginal zone lymphoma of mucosa-associated lymphoid tissue of stomach"
,,"CAN_COD","Codes for relevant malignancies","444596001",,"Malignant thymoma"
,,"CAN_COD","Codes for relevant malignancies","443961001",,"Malignant adenomatous neoplasm"
,,"CAN_COD","Codes for relevant malignancies","443937008",,"Mixed glioma"
,,"CAN_COD","Codes for relevant malignancies","443936004",,"Oligodendroglioma"
,,"CAN_COD","Codes for relevant malignancies","443250000",,"Malignant fibromatous neoplasm"
,,"CAN_COD","Codes for relevant malignancies","369568004",,"Malignant tumor involving right ovary by separate metastasis from endometrium"
,,"CAN_COD","Codes for relevant malignancies","433067002",,"Adamantinoma of femur"
,,"CAN_COD","Codes for relevant malignancies","443675005",,"Seminoma"
,,"CAN_COD","Codes for relevant malignancies","443648003",,"Malignant neoplasm of ear"
,,"CAN_COD","Codes for relevant malignancies","443520009",,"Chondrosarcoma"
,,"CAN_COD","Codes for relevant malignancies","443493003",,"Metastatic malignant melanoma"
,,"CAN_COD","Codes for relevant malignancies","443488001",,"Malignant neoplasm of anorectum"
,,"CAN_COD","Codes for relevant malignancies","443439001",,"Malignant fibrous histiocytoma"
,,"CAN_COD","Codes for relevant malignancies","443719001",,"Leiomyosarcoma"
,,"CAN_COD","Codes for relevant malignancies","426964009",,"Non-small cell lung cancer, positive for epidermal growth factor receptor expression"
,,"CAN_COD","Codes for relevant malignancies","439478008",,"Siewert type III adenocarcinoma of esophagogastric junction"
,,"CAN_COD","Codes for relevant malignancies","427642009",,"T-cell acute lymphoblastic leukemia in remission"
,,"CAN_COD","Codes for relevant malignancies","427492003",,"Hormone refractory prostate cancer"
,,"CAN_COD","Codes for relevant malignancies","427374007",,"Immunoproliferative neoplasm in remission"
,,"CAN_COD","Codes for relevant malignancies","427141003",,"Malignant lymphoma in remission"
,,"CAN_COD","Codes for relevant malignancies","427685000",,"Human epidermal growth factor 2 positive carcinoma of breast"
,,"CAN_COD","Codes for relevant malignancies","427038005",,"Non-small cell lung cancer, negative for epidermal growth factor receptor expression"
,,"CAN_COD","Codes for relevant malignancies","369579009",,"Malignant tumor involving uterine corpus by direct extension from fallopian tube"
,,"CAN_COD","Codes for relevant malignancies","426885008",,"Hodgkin's disease, lymphocytic depletion of lymph nodes of head"
,,"CAN_COD","Codes for relevant malignancies","426642002",,"Erythroleukemia, FAB M6 in remission"
,,"CAN_COD","Codes for relevant malignancies","426370008",,"Subacute lymphoid leukemia in remission"
,,"CAN_COD","Codes for relevant malignancies","426336007",,"Solitary osseous myeloma"
,,"CAN_COD","Codes for relevant malignancies","426248008",,"Aleukemic lymphoid leukemia in remission"
,,"CAN_COD","Codes for relevant malignancies","426217000",,"Aleukemic leukemia in remission"
,,"CAN_COD","Codes for relevant malignancies","427056005",,"Subacute leukemia in remission"
,,"CAN_COD","Codes for relevant malignancies","369573005",,"Malignant tumor involving right ovary by separate metastasis from vagina"
,,"CAN_COD","Codes for relevant malignancies","432328008",,"Neuroblastoma"
,,"CAN_COD","Codes for relevant malignancies","431396003",,"Human epidermal growth factor 2 negative carcinoma of breast"
,,"CAN_COD","Codes for relevant malignancies","369571007",,"Malignant tumor involving right ovary by separate metastasis from uterine cervix"
,,"CAN_COD","Codes for relevant malignancies","369572000",,"Malignant tumor involving right ovary by separate metastasis from uterus"
,,"CAN_COD","Codes for relevant malignancies","430556008",,"Malignant neoplasm of genital structure"
,,"CAN_COD","Codes for relevant malignancies","427658007",,"Acute myelomonocytic leukemia, FAB M4, in remission"
,,"CAN_COD","Codes for relevant malignancies","429033009",,"Malignant neoplasm of cerebrum"
,,"CAN_COD","Codes for relevant malignancies","423158009",,"Hurthle cell carcinoma of thyroid"
,,"CAN_COD","Codes for relevant malignancies","428281000",,"Malignant neoplasm of bone"
,,"CAN_COD","Codes for relevant malignancies","369574004",,"Malignant tumor involving uterine cervix by separate metastasis from vagina"
,,"CAN_COD","Codes for relevant malignancies","369575003",,"Malignant tumor involving uterine corpus by separate metastasis from fallopian tube"
,,"CAN_COD","Codes for relevant malignancies","369576002",,"Malignant tumor involving uterine corpus by separate metastasis from ovary"
,,"CAN_COD","Codes for relevant malignancies","369577006",,"Malignant tumor involving uterine corpus by separate metastasis from uterine cervix"
,,"CAN_COD","Codes for relevant malignancies","369578001",,"Malignant tumor involving uterine corpus by separate metastasis from vagina"
,,"CAN_COD","Codes for relevant malignancies","430338009",,"Smoldering chronic lymphocytic leukemia"
,,"CAN_COD","Codes for relevant malignancies","408647009",,"Adenocarcinoma of stomach"
,,"CAN_COD","Codes for relevant malignancies","369609004",,"Malignant tumor involving an organ by separate metastasis from vagina"
,,"CAN_COD","Codes for relevant malignancies","413389003",,"Accelerated phase chronic myeloid leukemia"
,,"CAN_COD","Codes for relevant malignancies","409231000000104",,"[X]Malignant neoplasm of mesothelial and soft tissue"
,,"CAN_COD","Codes for relevant malignancies","409171000000109",,"[X]Malignant neoplasm of urinary tract"
,,"CAN_COD","Codes for relevant malignancies","408911000000106",,"[X]Malignant neoplasm of thyroid and other endocrine glands"
,,"CAN_COD","Codes for relevant malignancies","369607002",,"Malignant tumor involving an organ by separate metastasis from uterine cervix"
,,"CAN_COD","Codes for relevant malignancies","408648004",,"Squamous cell carcinoma of epiglottis"
,,"CAN_COD","Codes for relevant malignancies","369606006",,"Malignant tumor involving an organ by separate metastasis from prostate"
,,"CAN_COD","Codes for relevant malignancies","408646000",,"Adenocarcinoma of liver"
,,"CAN_COD","Codes for relevant malignancies","408645001",,"Adenocarcinoma of large intestine"
,,"CAN_COD","Codes for relevant malignancies","408644002",,"Adenocarcinoma of duodenum"
,,"CAN_COD","Codes for relevant malignancies","408643008",,"Infiltrating duct carcinoma of breast"
,,"CAN_COD","Codes for relevant malignancies","408642003",,"Transitional cell carcinoma of kidney"
,,"CAN_COD","Codes for relevant malignancies","369600000",,"Malignant tumor involving an organ by direct extension from uterus"
,,"CAN_COD","Codes for relevant malignancies","408649007",,"Squamous cell carcinoma of pharynx"
,,"CAN_COD","Codes for relevant malignancies","413537009",,"Angioimmunoblastic T-cell lymphoma"
,,"CAN_COD","Codes for relevant malignancies","423195009",,"Primary malignant neoplasm of lacrimal drainage system"
,,"CAN_COD","Codes for relevant malignancies","369602008",,"Malignant tumor involving an organ by separate metastasis from bladder"
,,"CAN_COD","Codes for relevant malignancies","413847001",,"Chronic phase chronic myeloid leukemia"
,,"CAN_COD","Codes for relevant malignancies","413843002",,"Chronic myeloid leukemia in myeloid blast crisis"
,,"CAN_COD","Codes for relevant malignancies","413842007",,"Chronic myeloid leukemia in lymphoid blast crisis"
,,"CAN_COD","Codes for relevant malignancies","369608007",,"Malignant tumor involving an organ by separate metastasis from uterus"
,,"CAN_COD","Codes for relevant malignancies","413587002",,"Smoldering myeloma"
,,"CAN_COD","Codes for relevant malignancies","369610009",,"Malignant tumor involving left fallopian tube by separate metastasis from uterine cervix"
,,"CAN_COD","Codes for relevant malignancies","413446001",,"Adenocarcinoma of cecum"
,,"CAN_COD","Codes for relevant malignancies","413445002",,"Adenocarcinoma of appendix"
,,"CAN_COD","Codes for relevant malignancies","413442004",,"Acute monocytic/monoblastic leukemia"
,,"CAN_COD","Codes for relevant malignancies","369603003",,"Malignant tumor involving an organ by separate metastasis from endometrium"
,,"CAN_COD","Codes for relevant malignancies","369604009",,"Malignant tumor involving an organ by separate metastasis from fallopian tube"
,,"CAN_COD","Codes for relevant malignancies","369605005",,"Malignant tumor involving an organ by separate metastasis from ovary"
,,"CAN_COD","Codes for relevant malignancies","413656006",,"Blastic phase chronic myeloid leukemia"
,,"CAN_COD","Codes for relevant malignancies","404146005",,"Primary cutaneous diffuse large cell B-cell lymphoma of the leg"
,,"CAN_COD","Codes for relevant malignancies","405945003",,"Malignant neoplasm of metatarsal bone of foot"
,,"CAN_COD","Codes for relevant malignancies","404152006",,"Leukemic infiltration of skin in acute myeloid leukemia"
,,"CAN_COD","Codes for relevant malignancies","404151004",,"Leukemic infiltration of skin in myeloid leukemia"
,,"CAN_COD","Codes for relevant malignancies","404150003",,"Mantle cell B-cell lymphoma (nodal/systemic with skin involvement)"
,,"CAN_COD","Codes for relevant malignancies","404149003",,"Lymphoplasmacytic B-cell lymphoma, nodal/systemic with skin involvement"
,,"CAN_COD","Codes for relevant malignancies","404154007",,"Leukemic infiltration of skin in monocytic leukemia"
,,"CAN_COD","Codes for relevant malignancies","404147001",,"Follicular center B-cell lymphoma (nodal/systemic with skin involvement)"
,,"CAN_COD","Codes for relevant malignancies","404155008",,"Granulocytic sarcoma affecting skin"
,,"CAN_COD","Codes for relevant malignancies","404145009",,"Primary cutaneous anaplastic large cell B-cell lymphoma"
,,"CAN_COD","Codes for relevant malignancies","404144008",,"Primary cutaneous diffuse large cell B-cell lymphoma"
,,"CAN_COD","Codes for relevant malignancies","404143002",,"Primary cutaneous follicular center B-cell lymphoma"
,,"CAN_COD","Codes for relevant malignancies","404142007",,"Primary cutaneous plasmacytoma"
,,"CAN_COD","Codes for relevant malignancies","404141000",,"Primary cutaneous immunocytoma"
,,"CAN_COD","Codes for relevant malignancies","709830006",,"Malignant carcinoid tumor of stomach"
,,"CAN_COD","Codes for relevant malignancies","404148006",,"Diffuse large B-cell lymphoma (nodal/systemic with skin involvement)"
,,"CAN_COD","Codes for relevant malignancies","405822008",,"Squamous cell carcinoma of larynx"
,,"CAN_COD","Codes for relevant malignancies","370511006",,"Vaccine-induced fibrosarcoma"
,,"CAN_COD","Codes for relevant malignancies","370967009",,"Retinoblastoma"
,,"CAN_COD","Codes for relevant malignancies","370987005",,"Anaplastic astrocytoma of spinal cord"
,,"CAN_COD","Codes for relevant malignancies","371012000",,"Acute lymphoblastic leukemia, transitional pre-B-cell"
,,"CAN_COD","Codes for relevant malignancies","371134001",,"Malignant lymphoma, large cell, polymorphous, immunoblastic"
,,"CAN_COD","Codes for relevant malignancies","404153001",,"Leukemic infiltration of skin in chronic myeloid leukemia"
,,"CAN_COD","Codes for relevant malignancies","371963002",,"Primary malignant neoplasm of adrenal cortex"
,,"CAN_COD","Codes for relevant malignancies","414553000",,"Kappa light chain myeloma"
,,"CAN_COD","Codes for relevant malignancies","405546008",,"Pericardial effusion co-occurrent and due to malignant neoplasm of pericardium"
,,"CAN_COD","Codes for relevant malignancies","404664002",,"Malignant optic glioma"
,,"CAN_COD","Codes for relevant malignancies","404172001",,"Mast cell leukemia affecting skin"
,,"CAN_COD","Codes for relevant malignancies","404169008",,"Malignant histiocytosis involving skin"
,,"CAN_COD","Codes for relevant malignancies","404157000",,"Specific skin infiltration in Hodgkin's disease"
,,"CAN_COD","Codes for relevant malignancies","404156009",,"Leukemic infiltration of skin"
,,"CAN_COD","Codes for relevant malignancies","371962007",,"Primary malignant neoplasm of abdominal esophagus"
,,"CAN_COD","Codes for relevant malignancies","369583009",,"Malignant tumor involving vagina by separate metastasis from fallopian tube"
,,"CAN_COD","Codes for relevant malignancies","369586001",,"Malignant tumor involving vagina by separate metastasis from uterus"
,,"CAN_COD","Codes for relevant malignancies","421283008",,"Primary lymphoma of brain associated with acquired immunodeficiency syndrome"
,,"CAN_COD","Codes for relevant malignancies","369581006",,"Malignant tumor involving vagina by separate metastasis from bladder"
,,"CAN_COD","Codes for relevant malignancies","369582004",,"Malignant tumor involving vagina by separate metastasis from endometrium"
,,"CAN_COD","Codes for relevant malignancies","421246008",,"Precursor T-cell lymphoblastic lymphoma"
,,"CAN_COD","Codes for relevant malignancies","422541001",,"Undifferentiated carcinoma of nasopharynx"
,,"CAN_COD","Codes for relevant malignancies","420788006",,"Intraocular non-Hodgkin malignant lymphoma"
,,"CAN_COD","Codes for relevant malignancies","422599000",,"Squamous cell carcinoma of back"
,,"CAN_COD","Codes for relevant malignancies","369584003",,"Malignant tumor involving vagina by separate metastasis from ovary"
,,"CAN_COD","Codes for relevant malignancies","369585002",,"Malignant tumor involving vagina by separate metastasis from uterine cervix"
,,"CAN_COD","Codes for relevant malignancies","420519005",,"Malignant lymphoma of the eye region"
,,"CAN_COD","Codes for relevant malignancies","420302007",,"Reticulosarcoma associated with acquired immunodeficiency syndrome"
,,"CAN_COD","Codes for relevant malignancies","419842002",,"Squamous cell carcinoma of oral mucous membrane"
,,"CAN_COD","Codes for relevant malignancies","369601001",,"Malignant tumor involving an organ by direct extension from vagina"
,,"CAN_COD","Codes for relevant malignancies","420890002",,"Precursor T cell lymphoblastic leukemia/lymphoblastic lymphoma"
,,"CAN_COD","Codes for relevant malignancies","422886007",,"Olfactory neuroblastoma"
,,"CAN_COD","Codes for relevant malignancies","423121009",,"Non-small cell carcinoma of lung, TNM stage 4"
,,"CAN_COD","Codes for relevant malignancies","423106003",,"Adenocarcinoma of nasopharynx"
,,"CAN_COD","Codes for relevant malignancies","423050000",,"Large cell carcinoma of lung, TNM stage 2"
,,"CAN_COD","Codes for relevant malignancies","423038006",,"Polymorphous low grade adenocarcinoma of salivary gland"
,,"CAN_COD","Codes for relevant malignancies","423032007",,"Leukemic infiltration of orbit"
,,"CAN_COD","Codes for relevant malignancies","422282000",,"Malignant neoplasm associated with acquired immunodeficiency syndrome"
,,"CAN_COD","Codes for relevant malignancies","422968005",,"Non-small cell carcinoma of lung, TNM stage 3"
,,"CAN_COD","Codes for relevant malignancies","369587005",,"Malignant tumor involving vulva by direct extension from vagina"
,,"CAN_COD","Codes for relevant malignancies","422853008",,"Lymphoma of retroperitoneal space"
,,"CAN_COD","Codes for relevant malignancies","422833009",,"Adenoid cystic carcinoma of salivary gland"
,,"CAN_COD","Codes for relevant malignancies","422782004",,"Primary malignant neoplasm of ovary, with widespread metastatic disease"
,,"CAN_COD","Codes for relevant malignancies","422758009",,"Carcinoma of nasal meatus"
,,"CAN_COD","Codes for relevant malignancies","422736007",,"Primary malignant neoplasm of peripheral nerve"
,,"CAN_COD","Codes for relevant malignancies","422691006",,"Squamous cell carcinoma of nasopharynx"
,,"CAN_COD","Codes for relevant malignancies","423005002",,"Primary malignant neoplasm of lacrimal gland duct"
,,"CAN_COD","Codes for relevant malignancies","369598006",,"Malignant tumor involving an organ by direct extension from prostate"
,,"CAN_COD","Codes for relevant malignancies","419240004",,"Squamous cell carcinoma of mucous membrane of upper lip"
,,"CAN_COD","Codes for relevant malignancies","415287001",,"Relapsing chronic myeloid leukemia"
,,"CAN_COD","Codes for relevant malignancies","415286005",,"Refractory cytopenia with multilineage dysplasia and ringed sideroblasts"
,,"CAN_COD","Codes for relevant malignancies","415285009",,"Refractory cytopenia with multilineage dysplasia"
,,"CAN_COD","Codes for relevant malignancies","415284008",,"Refractory anemia with excess blasts-2"
,,"CAN_COD","Codes for relevant malignancies","369597001",,"Malignant tumor involving an organ by direct extension from ovary"
,,"CAN_COD","Codes for relevant malignancies","415177008",,"Primary malignant neoplasm of ear, nose AND/OR throat"
,,"CAN_COD","Codes for relevant malignancies","369596005",,"Malignant tumor involving an organ by direct extension from fallopian tube"
,,"CAN_COD","Codes for relevant malignancies","369599003",,"Malignant tumor involving an organ by direct extension from uterine cervix"
,,"CAN_COD","Codes for relevant malignancies","415110002",,"Plasma cell myeloma/plasmacytoma"
,,"CAN_COD","Codes for relevant malignancies","414791003",,"Myelodysplastic syndrome, unclassified by World Health Organization classification"
,,"CAN_COD","Codes for relevant malignancies","414785000",,"Multiple solitary plasmacytomas"
,,"CAN_COD","Codes for relevant malignancies","414780005",,"Mucosa-associated lymphoid tissue lymphoma of orbit"
,,"CAN_COD","Codes for relevant malignancies","414676007",,"Metastatic neuroblastoma of orbit proper"
,,"CAN_COD","Codes for relevant malignancies","415283002",,"Refractory anemia with excess blasts-1"
,,"CAN_COD","Codes for relevant malignancies","416712009",,"Clear cell (mesonephric) neoplasm of ovary"
,,"CAN_COD","Codes for relevant malignancies","418529003",,"Secondary malignant neoplasm of lacrimal drainage structure"
,,"CAN_COD","Codes for relevant malignancies","418372008",,"Squamous cell carcinoma of mucous membrane of lower lip"
,,"CAN_COD","Codes for relevant malignancies","417570003",,"Gestational choriocarcinoma"
,,"CAN_COD","Codes for relevant malignancies","369588000",,"Malignant tumor involving vulva by separate metastasis from endometrium"
,,"CAN_COD","Codes for relevant malignancies","369589008",,"Malignant tumor involving vulva by separate metastasis from fallopian tube"
,,"CAN_COD","Codes for relevant malignancies","416274001",,"Primary malignant clear cell tumor of ovary"
,,"CAN_COD","Codes for relevant malignancies","416901002",,"Malignant medulloepithelioma of ciliary body"
,,"CAN_COD","Codes for relevant malignancies","404139001",,"Leukemic infiltration of skin in hairy-cell leukemia"
,,"CAN_COD","Codes for relevant malignancies","369590004",,"Malignant tumor involving vulva by separate metastasis from ovary"
,,"CAN_COD","Codes for relevant malignancies","369591000",,"Malignant tumor involving vulva by separate metastasis from uterine cervix"
,,"CAN_COD","Codes for relevant malignancies","369592007",,"Malignant tumor involving vulva by separate metastasis from uterus"
,,"CAN_COD","Codes for relevant malignancies","369593002",,"Malignant tumor involving vulva by separate metastasis from vagina"
,,"CAN_COD","Codes for relevant malignancies","369594008",,"Malignant tumor involving an organ by direct extension from bladder"
,,"CAN_COD","Codes for relevant malignancies","369595009",,"Malignant tumor involving an organ by direct extension from endometrium"
,,"CAN_COD","Codes for relevant malignancies","417181009",,"Hormone receptor positive malignant neoplasm of breast"
,,"CAN_COD","Codes for relevant malignancies","93653006",,"Malignant melanoma of skin of upper limb"
,,"CAN_COD","Codes for relevant malignancies","93501005",,"Hodgkin's disease, lymphocytic-histiocytic predominance of extranodal AND/OR solid organ site"
,,"CAN_COD","Codes for relevant malignancies","93640008",,"Malignant melanoma of skin of lip"
,,"CAN_COD","Codes for relevant malignancies","93641007",,"Malignant melanoma of skin of lower limb"
,,"CAN_COD","Codes for relevant malignancies","93642000",,"Malignant melanoma of skin of neck"
,,"CAN_COD","Codes for relevant malignancies","93644004",,"Malignant melanoma of skin of perineum"
,,"CAN_COD","Codes for relevant malignancies","93645003",,"Malignant melanoma of skin of popliteal area"
,,"CAN_COD","Codes for relevant malignancies","93646002",,"Malignant melanoma of skin of scalp"
,,"CAN_COD","Codes for relevant malignancies","93647006",,"Malignant melanoma of skin of shoulder"
,,"CAN_COD","Codes for relevant malignancies","93648001",,"Malignant melanoma of skin of temporal region"
,,"CAN_COD","Codes for relevant malignancies","93649009",,"Malignant melanoma of skin of thigh"
,,"CAN_COD","Codes for relevant malignancies","93637008",,"Malignant melanoma of skin of hip"
,,"CAN_COD","Codes for relevant malignancies","93652001",,"Malignant melanoma of skin of umbilicus"
,,"CAN_COD","Codes for relevant malignancies","93636004",,"Malignant melanoma of skin of hand"
,,"CAN_COD","Codes for relevant malignancies","93654000",,"Malignant melanoma of skin of wrist"
,,"CAN_COD","Codes for relevant malignancies","93657007",,"Primary malignant neoplasm of abducens nerve"
,,"CAN_COD","Codes for relevant malignancies","93658002",,"Primary malignant neoplasm of accessory nerve"
,,"CAN_COD","Codes for relevant malignancies","93659005",,"Primary malignant neoplasm of accessory sinus"
,,"CAN_COD","Codes for relevant malignancies","93660000",,"Primary malignant neoplasm of acoustic nerve"
,,"CAN_COD","Codes for relevant malignancies","93662008",,"Primary malignant neoplasm of adenoid"
,,"CAN_COD","Codes for relevant malignancies","93665005",,"Primary malignant neoplasm of adrenal gland"
,,"CAN_COD","Codes for relevant malignancies","93667002",,"Primary malignant neoplasm of alveolar ridge mucosa"
,,"CAN_COD","Codes for relevant malignancies","93669004",,"Primary malignant neoplasm of anal canal"
,,"CAN_COD","Codes for relevant malignancies","93670003",,"Primary malignant neoplasm of anterior aspect of epiglottis"
,,"CAN_COD","Codes for relevant malignancies","93650009",,"Malignant melanoma of skin of toe"
,,"CAN_COD","Codes for relevant malignancies","363485006",,"Malignant tumor of minor salivary gland"
,,"CAN_COD","Codes for relevant malignancies","93737003",,"Primary malignant neoplasm of calcaneus"
,,"CAN_COD","Codes for relevant malignancies","93506000",,"Hodgkin's disease, mixed cellularity of lymph nodes of head, face AND/OR neck"
,,"CAN_COD","Codes for relevant malignancies","93507009",,"Hodgkin's disease, mixed cellularity of lymph nodes of inguinal region AND/OR lower limb"
,,"CAN_COD","Codes for relevant malignancies","363493006",,"Malignant tumor of bronchus"
,,"CAN_COD","Codes for relevant malignancies","93510002",,"Hodgkin's disease, mixed cellularity of extranodal AND/OR solid organ site"
,,"CAN_COD","Codes for relevant malignancies","93514006",,"Hodgkin's disease, nodular sclerosis of lymph nodes of axilla AND/OR upper limb"
,,"CAN_COD","Codes for relevant malignancies","93515007",,"Hodgkin's disease, nodular sclerosis of lymph nodes of head, face AND/OR neck"
,,"CAN_COD","Codes for relevant malignancies","93516008",,"Hodgkin's disease, nodular sclerosis of lymph nodes of inguinal region AND/OR lower limb"
,,"CAN_COD","Codes for relevant malignancies","93519001",,"Hodgkin's disease, nodular sclerosis of extranodal AND/OR solid organ site"
,,"CAN_COD","Codes for relevant malignancies","363488008",,"Malignant tumor of false cord"
,,"CAN_COD","Codes for relevant malignancies","93638003",,"Malignant melanoma of skin of knee"
,,"CAN_COD","Codes for relevant malignancies","363486007",,"Malignant tumor of vocal cord"
,,"CAN_COD","Codes for relevant malignancies","93674007",,"Primary malignant neoplasm of anterior wall of nasopharynx"
,,"CAN_COD","Codes for relevant malignancies","93528000",,"Hodgkin's disease of extranodal AND/OR solid organ site"
,,"CAN_COD","Codes for relevant malignancies","93532006",,"Hodgkin's granuloma of lymph nodes of axilla AND/OR upper limb"
,,"CAN_COD","Codes for relevant malignancies","93533001",,"Hodgkin's granuloma of lymph nodes of head, face AND/OR neck"
,,"CAN_COD","Codes for relevant malignancies","93534007",,"Hodgkin's granuloma of lymph nodes of inguinal region AND/OR lower limb"
,,"CAN_COD","Codes for relevant malignancies","93537000",,"Hodgkin's granuloma of extranodal AND/OR solid organ site"
,,"CAN_COD","Codes for relevant malignancies","93546006",,"Hodgkin's paragranuloma of extranodal AND/OR solid organ site"
,,"CAN_COD","Codes for relevant malignancies","93550004",,"Hodgkin's sarcoma of lymph nodes of axilla AND/OR upper limb"
,,"CAN_COD","Codes for relevant malignancies","93551000",,"Hodgkin's sarcoma of lymph nodes of head, face AND/OR neck"
,,"CAN_COD","Codes for relevant malignancies","93552007",,"Hodgkin's sarcoma of lymph nodes of inguinal region AND/OR lower limb"
,,"CAN_COD","Codes for relevant malignancies","93555009",,"Hodgkin's sarcoma of extranodal AND/OR solid organ site"
,,"CAN_COD","Codes for relevant malignancies","363487003",,"Malignant tumor of aryepiglottic fold - laryngeal aspect"
,,"CAN_COD","Codes for relevant malignancies","93723007",,"Primary malignant neoplasm of bone of skull"
,,"CAN_COD","Codes for relevant malignancies","93709005",,"Primary malignant neoplasm of blood vessel of thigh"
,,"CAN_COD","Codes for relevant malignancies","93710000",,"Primary malignant neoplasm of blood vessel of thorax"
,,"CAN_COD","Codes for relevant malignancies","93711001",,"Primary malignant neoplasm of blood vessel of toe"
,,"CAN_COD","Codes for relevant malignancies","93712008",,"Primary malignant neoplasm of blood vessel of trunk"
,,"CAN_COD","Codes for relevant malignancies","93713003",,"Primary malignant neoplasm of blood vessel of upper limb"
,,"CAN_COD","Codes for relevant malignancies","93714009",,"Primary malignant neoplasm of blood vessel"
,,"CAN_COD","Codes for relevant malignancies","93715005",,"Primary malignant neoplasm of body of pancreas"
,,"CAN_COD","Codes for relevant malignancies","93716006",,"Primary malignant neoplasm of body of penis"
,,"CAN_COD","Codes for relevant malignancies","93717002",,"Primary malignant neoplasm of body of stomach"
,,"CAN_COD","Codes for relevant malignancies","93720005",,"Primary malignant neoplasm of bone marrow"
,,"CAN_COD","Codes for relevant malignancies","93671004",,"Primary malignant neoplasm of anterior mediastinum"
,,"CAN_COD","Codes for relevant malignancies","93722002",,"Primary malignant neoplasm of bone of lower limb"
,,"CAN_COD","Codes for relevant malignancies","93706003",,"Primary malignant neoplasm of blood vessel of perineum"
,,"CAN_COD","Codes for relevant malignancies","93724001",,"Primary malignant neoplasm of bone of upper limb"
,,"CAN_COD","Codes for relevant malignancies","93725000",,"Primary malignant neoplasm of bone"
,,"CAN_COD","Codes for relevant malignancies","93726004",,"Primary malignant neoplasm of brain stem"
,,"CAN_COD","Codes for relevant malignancies","93727008",,"Primary malignant neoplasm of brain"
,,"CAN_COD","Codes for relevant malignancies","93729006",,"Primary malignant neoplasm of bronchus of left lower lobe"
,,"CAN_COD","Codes for relevant malignancies","93730001",,"Primary malignant neoplasm of bronchus of left upper lobe"
,,"CAN_COD","Codes for relevant malignancies","93731002",,"Primary malignant neoplasm of bronchus of right lower lobe"
,,"CAN_COD","Codes for relevant malignancies","93732009",,"Primary malignant neoplasm of bronchus of right middle lobe"
,,"CAN_COD","Codes for relevant malignancies","93733004",,"Primary malignant neoplasm of bronchus of right upper lobe"
,,"CAN_COD","Codes for relevant malignancies","369483006",,"Malignant tumor involving vasa deferentia by direct extension from prostate"
,,"CAN_COD","Codes for relevant malignancies","93721009",,"Primary malignant neoplasm of bone of face"
,,"CAN_COD","Codes for relevant malignancies","93694003",,"Primary malignant neoplasm of blood vessel of face"
,,"CAN_COD","Codes for relevant malignancies","93498005",,"Hodgkin's disease, lymphocytic-histiocytic predominance of lymph nodes of inguinal region AND/OR lower limb"
,,"CAN_COD","Codes for relevant malignancies","93676009",,"Primary malignant neoplasm of anus"
,,"CAN_COD","Codes for relevant malignancies","93679002",,"Primary malignant neoplasm of appendix"
,,"CAN_COD","Codes for relevant malignancies","93682007",,"Primary malignant neoplasm of upper arm"
,,"CAN_COD","Codes for relevant malignancies","93683002",,"Primary malignant neoplasm of ascending colon"
,,"CAN_COD","Codes for relevant malignancies","93684008",,"Primary malignant neoplasm of axilla"
,,"CAN_COD","Codes for relevant malignancies","93686005",,"Primary malignant neoplasm of back"
,,"CAN_COD","Codes for relevant malignancies","93687001",,"Primary malignant neoplasm of base of tongue"
,,"CAN_COD","Codes for relevant malignancies","93689003",,"Primary malignant neoplasm of bladder"
,,"CAN_COD","Codes for relevant malignancies","93690007",,"Primary malignant neoplasm of blood vessel of abdomen"
,,"CAN_COD","Codes for relevant malignancies","93708002",,"Primary malignant neoplasm of blood vessel of shoulder"
,,"CAN_COD","Codes for relevant malignancies","93693009",,"Primary malignant neoplasm of blood vessel of buttock"
,,"CAN_COD","Codes for relevant malignancies","93707007",,"Primary malignant neoplasm of blood vessel of popliteal space"
,,"CAN_COD","Codes for relevant malignancies","93695002",,"Primary malignant neoplasm of blood vessel of finger"
,,"CAN_COD","Codes for relevant malignancies","93696001",,"Primary malignant neoplasm of blood vessel of foot"
,,"CAN_COD","Codes for relevant malignancies","93697005",,"Primary malignant neoplasm of blood vessel of forearm"
,,"CAN_COD","Codes for relevant malignancies","93698000",,"Primary malignant neoplasm of blood vessel of hand"
,,"CAN_COD","Codes for relevant malignancies","93699008",,"Primary malignant neoplasm of blood vessel of head"
,,"CAN_COD","Codes for relevant malignancies","93700009",,"Primary malignant neoplasm of blood vessel of hip"
,,"CAN_COD","Codes for relevant malignancies","93701008",,"Primary malignant neoplasm of blood vessel of inguinal region"
,,"CAN_COD","Codes for relevant malignancies","93703006",,"Primary malignant neoplasm of blood vessel of lower limb"
,,"CAN_COD","Codes for relevant malignancies","93704000",,"Primary malignant neoplasm of blood vessel of neck"
,,"CAN_COD","Codes for relevant malignancies","93705004",,"Primary malignant neoplasm of blood vessel of pelvis"
,,"CAN_COD","Codes for relevant malignancies","93672006",,"Primary malignant neoplasm of anterior portion of floor of mouth"
,,"CAN_COD","Codes for relevant malignancies","93692004",,"Primary malignant neoplasm of blood vessel of axilla"
,,"CAN_COD","Codes for relevant malignancies","369456005",,"Malignant tumor involving rectum by separate metastasis from fallopian tube"
,,"CAN_COD","Codes for relevant malignancies","93505001",,"Hodgkin's disease, mixed cellularity of lymph nodes of axilla AND/OR upper limb"
,,"CAN_COD","Codes for relevant malignancies","369468001",,"Malignant tumor involving urethra by separate metastasis from prostate"
,,"CAN_COD","Codes for relevant malignancies","369467006",,"Malignant tumor involving urethra by separate metastasis from bladder"
,,"CAN_COD","Codes for relevant malignancies","369466002",,"Malignant tumor involving urethra by direct extension from prostate"
,,"CAN_COD","Codes for relevant malignancies","369465003",,"Malignant tumor involving urethra by direct extension from bladder"
,,"CAN_COD","Codes for relevant malignancies","369464004",,"Malignant tumor involving ureter by separate metastasis from bladder"
,,"CAN_COD","Codes for relevant malignancies","369463005",,"Malignant tumor involving ureter by direct extension from bladder"
,,"CAN_COD","Codes for relevant malignancies","369461007",,"Malignant tumor involving rectum by separate metastasis from vagina"
,,"CAN_COD","Codes for relevant malignancies","369460008",,"Malignant tumor involving rectum by separate metastasis from uterus"
,,"CAN_COD","Codes for relevant malignancies","369459003",,"Malignant tumor involving rectum by separate metastasis from uterine cervix"
,,"CAN_COD","Codes for relevant malignancies","92817004",,"Chronic myeloid leukemia in remission"
,,"CAN_COD","Codes for relevant malignancies","369457001",,"Malignant tumor involving rectum by separate metastasis from ovary"
,,"CAN_COD","Codes for relevant malignancies","369470005",,"Malignant tumor involving bladder by direct extension from fallopian tube"
,,"CAN_COD","Codes for relevant malignancies","369455009",,"Malignant tumor involving rectum by separate metastasis from endometrium"
,,"CAN_COD","Codes for relevant malignancies","369454008",,"Malignant tumor involving rectum by direct extension from vagina"
,,"CAN_COD","Codes for relevant malignancies","369453002",,"Malignant tumor involving rectum by direct extension from uterus"
,,"CAN_COD","Codes for relevant malignancies","369452007",,"Malignant tumor involving rectum by direct extension from uterine cervix"
,,"CAN_COD","Codes for relevant malignancies","93141006",,"Letterer-Siwe disease of extranodal AND/OR solid organ site"
,,"CAN_COD","Codes for relevant malignancies","93142004",,"Leukemia in remission"
,,"CAN_COD","Codes for relevant malignancies","369451000",,"Malignant tumor involving rectum by direct extension from prostate"
,,"CAN_COD","Codes for relevant malignancies","369450004",,"Malignant tumor involving rectum by direct extension from ovary"
,,"CAN_COD","Codes for relevant malignancies","369449004",,"Malignant tumor involving rectum by direct extension from fallopian tube"
,,"CAN_COD","Codes for relevant malignancies","369448007",,"Malignant tumor involving rectum by direct extension from endometrium"
,,"CAN_COD","Codes for relevant malignancies","369458006",,"Malignant tumor involving rectum by separate metastasis from prostate"
,,"CAN_COD","Codes for relevant malignancies","369479006",,"Malignant tumor involving bladder by separate metastasis from prostate"
,,"CAN_COD","Codes for relevant malignancies","369482001",,"Malignant tumor involving bladder by separate metastasis from vagina"
,,"CAN_COD","Codes for relevant malignancies","369481008",,"Malignant tumor involving bladder by separate metastasis from uterus"
,,"CAN_COD","Codes for relevant malignancies","92508006",,"Burkitt's tumor of intra-abdominal lymph nodes"
,,"CAN_COD","Codes for relevant malignancies","92509003",,"Burkitt's tumor of intrapelvic lymph nodes"
,,"CAN_COD","Codes for relevant malignancies","92510008",,"Burkitt's tumor of intrathoracic lymph nodes"
,,"CAN_COD","Codes for relevant malignancies","92511007",,"Burkitt's tumor of lymph nodes of axilla AND/OR upper limb"
,,"CAN_COD","Codes for relevant malignancies","92512000",,"Burkitt's tumor of lymph nodes of head, face AND/OR neck"
,,"CAN_COD","Codes for relevant malignancies","92513005",,"Burkitt's tumor of lymph nodes of inguinal region AND/OR lower limb"
,,"CAN_COD","Codes for relevant malignancies","92514004",,"Burkitt's tumor of lymph nodes of multiple sites"
,,"CAN_COD","Codes for relevant malignancies","92515003",,"Burkitt's tumor of spleen"
,,"CAN_COD","Codes for relevant malignancies","369469009",,"Malignant tumor involving bladder by direct extension from endometrium"
,,"CAN_COD","Codes for relevant malignancies","369480009",,"Malignant tumor involving bladder by separate metastasis from uterine cervix"
,,"CAN_COD","Codes for relevant malignancies","93147005",,"Leukemic reticuloendotheliosis of lymph nodes of axilla AND/OR upper limb"
,,"CAN_COD","Codes for relevant malignancies","92811003",,"Chronic leukemia in remission"
,,"CAN_COD","Codes for relevant malignancies","369478003",,"Malignant tumor involving bladder by separate metastasis from ovary"
,,"CAN_COD","Codes for relevant malignancies","369477008",,"Malignant tumor involving bladder by separate metastasis from fallopian tube"
,,"CAN_COD","Codes for relevant malignancies","369476004",,"Malignant tumor involving bladder by separate metastasis from endometrium"
,,"CAN_COD","Codes for relevant malignancies","92813000",,"Chronic lymphoid leukemia in remission"
,,"CAN_COD","Codes for relevant malignancies","369475000",,"Malignant tumor involving bladder by direct extension from vagina"
,,"CAN_COD","Codes for relevant malignancies","369474001",,"Malignant tumor involving bladder by direct extension from uterus"
,,"CAN_COD","Codes for relevant malignancies","369473007",,"Malignant tumor involving bladder by direct extension from uterine cervix"
,,"CAN_COD","Codes for relevant malignancies","369472002",,"Malignant tumor involving bladder by direct extension from prostate"
,,"CAN_COD","Codes for relevant malignancies","369471009",,"Malignant tumor involving bladder by direct extension from ovary"
,,"CAN_COD","Codes for relevant malignancies","92516002",,"Burkitt's tumor of extranodal AND/OR solid organ site"
,,"CAN_COD","Codes for relevant malignancies","709471005",,"Periodontitis co-occurrent with leukemia"
,,"CAN_COD","Codes for relevant malignancies","93218008",,"Malignant melanoma of skin of chest"
,,"CAN_COD","Codes for relevant malignancies","93219000",,"Malignant melanoma of skin of chin"
,,"CAN_COD","Codes for relevant malignancies","93220006",,"Malignant melanoma of skin of ear"
,,"CAN_COD","Codes for relevant malignancies","93221005",,"Malignant melanoma of skin of elbow"
,,"CAN_COD","Codes for relevant malignancies","93222003",,"Malignant melanoma of skin of external auditory canal"
,,"CAN_COD","Codes for relevant malignancies","93224002",,"Malignant melanoma of skin of eyelid"
,,"CAN_COD","Codes for relevant malignancies","93226000",,"Malignant melanoma of skin of finger"
,,"CAN_COD","Codes for relevant malignancies","93227009",,"Malignant melanoma of skin of foot"
,,"CAN_COD","Codes for relevant malignancies","93228004",,"Malignant melanoma of skin of forearm"
,,"CAN_COD","Codes for relevant malignancies","93229007",,"Malignant melanoma of skin of forehead"
,,"CAN_COD","Codes for relevant malignancies","363745004",,"Primary malignant neoplasm of gastrointestinal tract"
,,"CAN_COD","Codes for relevant malignancies","93450001",,"Erythroleukemia in remission"
,,"CAN_COD","Codes for relevant malignancies","93214005",,"Malignant melanoma of skin of back"
,,"CAN_COD","Codes for relevant malignancies","363501002",,"Malignant tumor of face"
,,"CAN_COD","Codes for relevant malignancies","363500001",,"Multiple malignancy"
,,"CAN_COD","Codes for relevant malignancies","93487009",,"Hodgkin's disease, lymphocytic depletion of lymph nodes of axilla AND/OR upper limb"
,,"CAN_COD","Codes for relevant malignancies","93488004",,"Hodgkin's disease, lymphocytic depletion of lymph nodes of head, face AND/OR neck"
,,"CAN_COD","Codes for relevant malignancies","93489007",,"Hodgkin's disease, lymphocytic depletion of lymph nodes of inguinal region AND/OR lower limb"
,,"CAN_COD","Codes for relevant malignancies","93492006",,"Hodgkin's disease, lymphocytic depletion of extranodal AND/OR solid organ site"
,,"CAN_COD","Codes for relevant malignancies","363496003",,"Malignant tumor of soft tissue of abdomen"
,,"CAN_COD","Codes for relevant malignancies","363495004",,"Malignant tumor of muscle"
,,"CAN_COD","Codes for relevant malignancies","93496009",,"Hodgkin's disease, lymphocytic-histiocytic predominance of lymph nodes of axilla AND/OR upper limb"
,,"CAN_COD","Codes for relevant malignancies","93497000",,"Hodgkin's disease, lymphocytic-histiocytic predominance of lymph nodes of head, face AND/OR neck"
,,"CAN_COD","Codes for relevant malignancies","717736007",,"Familial renal cell carcinoma"
,,"CAN_COD","Codes for relevant malignancies","93201009",,"Malignant mast cell tumor of intrapelvic lymph nodes"
,,"CAN_COD","Codes for relevant malignancies","93738008",,"Primary malignant neoplasm of cardia of stomach"
,,"CAN_COD","Codes for relevant malignancies","93148000",,"Leukemic reticuloendotheliosis of lymph nodes of head, face AND/OR neck"
,,"CAN_COD","Codes for relevant malignancies","93149008",,"Leukemic reticuloendotheliosis of lymph nodes of inguinal region AND/OR lower limb"
,,"CAN_COD","Codes for relevant malignancies","93152000",,"Leukemic reticuloendotheliosis of extranodal AND/OR solid organ site"
,,"CAN_COD","Codes for relevant malignancies","93169003",,"Lymphoid leukemia in remission"
,,"CAN_COD","Codes for relevant malignancies","93185008",,"Malignant histiocytosis of lymph nodes of axilla AND/OR upper limb"
,,"CAN_COD","Codes for relevant malignancies","93186009",,"Malignant histiocytosis of lymph nodes of head, face AND/OR neck"
,,"CAN_COD","Codes for relevant malignancies","93187000",,"Malignant histiocytosis of lymph nodes of inguinal region AND/OR lower limb"
,,"CAN_COD","Codes for relevant malignancies","93190006",,"Malignant histiocytosis of extranodal AND/OR solid organ site"
,,"CAN_COD","Codes for relevant malignancies","363510005",,"Malignant tumor of large intestine"
,,"CAN_COD","Codes for relevant malignancies","93216007",,"Malignant melanoma of skin of buttock"
,,"CAN_COD","Codes for relevant malignancies","93200005",,"Malignant mast cell tumor of intra-abdominal lymph nodes"
,,"CAN_COD","Codes for relevant malignancies","93215006",,"Malignant melanoma of skin of breast"
,,"CAN_COD","Codes for relevant malignancies","93202002",,"Malignant mast cell tumor of intrathoracic lymph nodes"
,,"CAN_COD","Codes for relevant malignancies","93203007",,"Malignant mast cell tumor of lymph nodes of axilla AND/OR upper limb"
,,"CAN_COD","Codes for relevant malignancies","93204001",,"Malignant mast cell tumor of lymph nodes of head, face AND/OR neck"
,,"CAN_COD","Codes for relevant malignancies","93205000",,"Malignant mast cell tumor of lymph nodes of inguinal region AND/OR lower limb"
,,"CAN_COD","Codes for relevant malignancies","93206004",,"Malignant mast cell tumor of lymph nodes of multiple sites"
,,"CAN_COD","Codes for relevant malignancies","93207008",,"Malignant mast cell tumor of spleen"
,,"CAN_COD","Codes for relevant malignancies","93208003",,"Malignant mast cell tumor of extranodal AND/OR solid organ site"
,,"CAN_COD","Codes for relevant malignancies","93210001",,"Malignant melanoma of skin of abdomen"
,,"CAN_COD","Codes for relevant malignancies","93211002",,"Malignant melanoma of skin of ankle"
,,"CAN_COD","Codes for relevant malignancies","93213004",,"Malignant melanoma of skin of axilla"
,,"CAN_COD","Codes for relevant malignancies","363517008",,"Malignant tumor of urinary tract proper"
,,"CAN_COD","Codes for relevant malignancies","93199007",,"Malignant lymphoma of extranodal AND/OR solid organ site"
,,"CAN_COD","Codes for relevant malignancies","93951006",,"Primary malignant neoplasm of pelvic bone"
,,"CAN_COD","Codes for relevant malignancies","93899005",,"Primary malignant neoplasm of muscle of abdomen"
,,"CAN_COD","Codes for relevant malignancies","93932000",,"Primary malignant neoplasm of orbit"
,,"CAN_COD","Codes for relevant malignancies","93933005",,"Primary malignant neoplasm of oropharynx"
,,"CAN_COD","Codes for relevant malignancies","93934004",,"Primary malignant neoplasm of ovary"
,,"CAN_COD","Codes for relevant malignancies","93936002",,"Primary malignant neoplasm of palatine bone"
,,"CAN_COD","Codes for relevant malignancies","93939009",,"Primary malignant neoplasm of pancreatic duct"
,,"CAN_COD","Codes for relevant malignancies","93940006",,"Primary malignant neoplasm of para-aortic body"
,,"CAN_COD","Codes for relevant malignancies","93942003",,"Primary malignant neoplasm of parametrium"
,,"CAN_COD","Codes for relevant malignancies","93943008",,"Primary malignant neoplasm of parathyroid gland"
,,"CAN_COD","Codes for relevant malignancies","93944002",,"Primary malignant neoplasm of paraurethral glands"
,,"CAN_COD","Codes for relevant malignancies","93930008",,"Primary malignant neoplasm of olfactory nerve"
,,"CAN_COD","Codes for relevant malignancies","93948004",,"Primary malignant neoplasm of parietal pleura"
,,"CAN_COD","Codes for relevant malignancies","93929003",,"Primary malignant neoplasm of oculomotor nerve"
,,"CAN_COD","Codes for relevant malignancies","93952004",,"Primary malignant neoplasm of pelvic peritoneum"
,,"CAN_COD","Codes for relevant malignancies","93953009",,"Primary malignant neoplasm of pelvis"
,,"CAN_COD","Codes for relevant malignancies","93958000",,"Primary malignant neoplasm of perirenal tissue"
,,"CAN_COD","Codes for relevant malignancies","93959008",,"Primary malignant neoplasm of phalanx of foot"
,,"CAN_COD","Codes for relevant malignancies","93960003",,"Primary malignant neoplasm of phalanx of hand"
,,"CAN_COD","Codes for relevant malignancies","93961004",,"Primary malignant neoplasm of pharynx"
,,"CAN_COD","Codes for relevant malignancies","93962006",,"Primary malignant neoplasm of pineal gland"
,,"CAN_COD","Codes for relevant malignancies","93963001",,"Primary malignant neoplasm of pisiform bone of hand"
,,"CAN_COD","Codes for relevant malignancies","93964007",,"Primary malignant neoplasm of pituitary gland"
,,"CAN_COD","Codes for relevant malignancies","93966009",,"Primary malignant neoplasm of pleura"
,,"CAN_COD","Codes for relevant malignancies","93946000",,"Primary malignant neoplasm of parietal lobe"
,,"CAN_COD","Codes for relevant malignancies","93912001",,"Primary malignant neoplasm of muscle of upper limb"
,,"CAN_COD","Codes for relevant malignancies","93734005",,"Primary malignant neoplasm of bronchus"
,,"CAN_COD","Codes for relevant malignancies","93901001",,"Primary malignant neoplasm of muscle of face"
,,"CAN_COD","Codes for relevant malignancies","93902008",,"Primary malignant neoplasm of muscle of head"
,,"CAN_COD","Codes for relevant malignancies","93903003",,"Primary malignant neoplasm of muscle of hip"
,,"CAN_COD","Codes for relevant malignancies","93904009",,"Primary malignant neoplasm of muscle of inguinal region"
,,"CAN_COD","Codes for relevant malignancies","93905005",,"Primary malignant neoplasm of muscle of lower limb"
,,"CAN_COD","Codes for relevant malignancies","93906006",,"Primary malignant neoplasm of muscle of neck"
,,"CAN_COD","Codes for relevant malignancies","93907002",,"Primary malignant neoplasm of muscle of pelvis"
,,"CAN_COD","Codes for relevant malignancies","93908007",,"Primary malignant neoplasm of muscle of perineum"
,,"CAN_COD","Codes for relevant malignancies","93909004",,"Primary malignant neoplasm of muscle of shoulder"
,,"CAN_COD","Codes for relevant malignancies","93931007",,"Primary malignant neoplasm of optic nerve"
,,"CAN_COD","Codes for relevant malignancies","93911008",,"Primary malignant neoplasm of muscle of trunk"
,,"CAN_COD","Codes for relevant malignancies","93969002",,"Primary malignant neoplasm of posterior mediastinum"
,,"CAN_COD","Codes for relevant malignancies","93913006",,"Primary malignant neoplasm of muscle"
,,"CAN_COD","Codes for relevant malignancies","93914000",,"Primary malignant neoplasm of myocardium"
,,"CAN_COD","Codes for relevant malignancies","93915004",,"Primary malignant neoplasm of myometrium"
,,"CAN_COD","Codes for relevant malignancies","93917007",,"Primary malignant neoplasm of nasal cavity"
,,"CAN_COD","Codes for relevant malignancies","93918002",,"Primary malignant neoplasm of nasal concha"
,,"CAN_COD","Codes for relevant malignancies","93920004",,"Primary malignant neoplasm of navicular bone of foot"
,,"CAN_COD","Codes for relevant malignancies","93922007",,"Primary malignant neoplasm of neck"
,,"CAN_COD","Codes for relevant malignancies","93923002",,"Primary malignant neoplasm of nervous system"
,,"CAN_COD","Codes for relevant malignancies","93926005",,"Primary malignant neoplasm of nose"
,,"CAN_COD","Codes for relevant malignancies","93928006",,"Primary malignant neoplasm of occipital lobe"
,,"CAN_COD","Codes for relevant malignancies","93910009",,"Primary malignant neoplasm of muscle of thorax"
,,"CAN_COD","Codes for relevant malignancies","94059000",,"Primary malignant neoplasm of soft tissues of pelvis"
,,"CAN_COD","Codes for relevant malignancies","94006002",,"Primary malignant neoplasm of sigmoid colon"
,,"CAN_COD","Codes for relevant malignancies","94048009",,"Primary malignant neoplasm of small intestine"
,,"CAN_COD","Codes for relevant malignancies","94049001",,"Primary malignant neoplasm of soft palate"
,,"CAN_COD","Codes for relevant malignancies","94050001",,"Primary malignant neoplasm of soft tissues of abdomen"
,,"CAN_COD","Codes for relevant malignancies","94051002",,"Primary malignant neoplasm of soft tissues of axilla"
,,"CAN_COD","Codes for relevant malignancies","94052009",,"Primary malignant neoplasm of soft tissues of buttock"
,,"CAN_COD","Codes for relevant malignancies","94053004",,"Primary malignant neoplasm of soft tissues of face"
,,"CAN_COD","Codes for relevant malignancies","94054005",,"Primary malignant neoplasm of soft tissues of head"
,,"CAN_COD","Codes for relevant malignancies","94055006",,"Primary malignant neoplasm of soft tissues of hip"
,,"CAN_COD","Codes for relevant malignancies","94056007",,"Primary malignant neoplasm of soft tissues of inguinal region"
,,"CAN_COD","Codes for relevant malignancies","93967000",,"Primary malignant neoplasm of postcricoid region"
,,"CAN_COD","Codes for relevant malignancies","94058008",,"Primary malignant neoplasm of soft tissues of neck"
,,"CAN_COD","Codes for relevant malignancies","94003005",,"Primary malignant neoplasm of short bone of lower limb"
,,"CAN_COD","Codes for relevant malignancies","94060005",,"Primary malignant neoplasm of soft tissues of perineum"
,,"CAN_COD","Codes for relevant malignancies","94061009",,"Primary malignant neoplasm of soft tissues of shoulder"
,,"CAN_COD","Codes for relevant malignancies","94062002",,"Primary malignant neoplasm of soft tissues of thorax"
,,"CAN_COD","Codes for relevant malignancies","94063007",,"Primary malignant neoplasm of soft tissues of trunk"
,,"CAN_COD","Codes for relevant malignancies","363368005",,"Carcinoma of body of pancreas"
,,"CAN_COD","Codes for relevant malignancies","94067008",,"Primary malignant neoplasm of sphenoidal sinus"
,,"CAN_COD","Codes for relevant malignancies","94068003",,"Primary malignant neoplasm of spinal cord"
,,"CAN_COD","Codes for relevant malignancies","94069006",,"Primary malignant neoplasm of spinal meninges"
,,"CAN_COD","Codes for relevant malignancies","94071006",,"Primary malignant neoplasm of spleen"
,,"CAN_COD","Codes for relevant malignancies","94072004",,"Primary malignant neoplasm of splenic flexure of colon"
,,"CAN_COD","Codes for relevant malignancies","94057003",,"Primary malignant neoplasm of soft tissues of lower limb"
,,"CAN_COD","Codes for relevant malignancies","93987004",,"Primary malignant neoplasm of retina, primary"
,,"CAN_COD","Codes for relevant malignancies","93898002",,"Primary malignant neoplasm of multiple endocrine glands"
,,"CAN_COD","Codes for relevant malignancies","93970001",,"Primary malignant neoplasm of posterior wall of nasopharynx"
,,"CAN_COD","Codes for relevant malignancies","93971002",,"Primary malignant neoplasm of posterior wall of oropharynx"
,,"CAN_COD","Codes for relevant malignancies","93974005",,"Primary malignant neoplasm of prostate"
,,"CAN_COD","Codes for relevant malignancies","93976007",,"Primary malignant neoplasm of pyloric antrum"
,,"CAN_COD","Codes for relevant malignancies","93977003",,"Primary malignant neoplasm of pylorus"
,,"CAN_COD","Codes for relevant malignancies","93978008",,"Primary malignant neoplasm of pyriform sinus"
,,"CAN_COD","Codes for relevant malignancies","93980002",,"Primary malignant neoplasm of rectosigmoid junction"
,,"CAN_COD","Codes for relevant malignancies","93981003",,"Primary malignant neoplasm of rectouterine pouch"
,,"CAN_COD","Codes for relevant malignancies","93982005",,"Primary malignant neoplasm of rectovaginal septum"
,,"CAN_COD","Codes for relevant malignancies","94005003",,"Primary malignant neoplasm of shoulder"
,,"CAN_COD","Codes for relevant malignancies","93985007",,"Primary malignant neoplasm of renal pelvis"
,,"CAN_COD","Codes for relevant malignancies","94004004",,"Primary malignant neoplasm of short bone of upper limb"
,,"CAN_COD","Codes for relevant malignancies","93989001",,"Primary malignant neoplasm of retromolar area"
,,"CAN_COD","Codes for relevant malignancies","93991009",,"Primary malignant neoplasm of right lower lobe of lung"
,,"CAN_COD","Codes for relevant malignancies","93992002",,"Primary malignant neoplasm of right middle lobe of lung"
,,"CAN_COD","Codes for relevant malignancies","93993007",,"Primary malignant neoplasm of upper lobe of right lung"
,,"CAN_COD","Codes for relevant malignancies","93994001",,"Primary malignant neoplasm of round ligament of uterus"
,,"CAN_COD","Codes for relevant malignancies","93996004",,"Primary malignant neoplasm of sacrum"
,,"CAN_COD","Codes for relevant malignancies","93998003",,"Primary malignant neoplasm of sclera, primary"
,,"CAN_COD","Codes for relevant malignancies","363369002",,"Carcinoma of tail of pancreas"
,,"CAN_COD","Codes for relevant malignancies","94001007",,"Primary malignant neoplasm of second cuneiform bone of foot"
,,"CAN_COD","Codes for relevant malignancies","94002000",,"Primary malignant neoplasm of septum of nose"
,,"CAN_COD","Codes for relevant malignancies","93968005",,"Primary malignant neoplasm of posterior hypopharyngeal wall"
,,"CAN_COD","Codes for relevant malignancies","93983000",,"Primary malignant neoplasm of rectovesical septum"
,,"CAN_COD","Codes for relevant malignancies","93800004",,"Primary malignant neoplasm of first cuneiform bone of foot"
,,"CAN_COD","Codes for relevant malignancies","93900000",,"Primary malignant neoplasm of muscle of buttock"
,,"CAN_COD","Codes for relevant malignancies","93777006",,"Primary malignant neoplasm of ectopic male breast tissue"
,,"CAN_COD","Codes for relevant malignancies","93778001",,"Primary malignant neoplasm of endocardium"
,,"CAN_COD","Codes for relevant malignancies","93781006",,"Primary malignant neoplasm of endometrium"
,,"CAN_COD","Codes for relevant malignancies","93783009",,"Primary malignant neoplasm of epididymis"
,,"CAN_COD","Codes for relevant malignancies","93784003",,"Primary malignant neoplasm of epiglottis"
,,"CAN_COD","Codes for relevant malignancies","93787005",,"Primary malignant neoplasm of ethmoidal sinus"
,,"CAN_COD","Codes for relevant malignancies","93788000",,"Primary malignant neoplasm of eustachian tube"
,,"CAN_COD","Codes for relevant malignancies","93792007",,"Primary malignant neoplasm of face"
,,"CAN_COD","Codes for relevant malignancies","93793002",,"Primary malignant neoplasm of facial nerve"
,,"CAN_COD","Codes for relevant malignancies","93775003",,"Primary malignant neoplasm of duodenum"
,,"CAN_COD","Codes for relevant malignancies","93797001",,"Primary malignant neoplasm of female genital organ"
,,"CAN_COD","Codes for relevant malignancies","93773005",,"Primary malignant neoplasm of dorsal surface of tongue"
,,"CAN_COD","Codes for relevant malignancies","93801000",,"Primary malignant neoplasm of flank"
,,"CAN_COD","Codes for relevant malignancies","93802007",,"Primary malignant neoplasm of floor of mouth"
,,"CAN_COD","Codes for relevant malignancies","93803002",,"Primary malignant neoplasm of foot"
,,"CAN_COD","Codes for relevant malignancies","93804008",,"Primary malignant neoplasm of forearm"
,,"CAN_COD","Codes for relevant malignancies","93807001",,"Primary malignant neoplasm of frontal lobe"
,,"CAN_COD","Codes for relevant malignancies","93808006",,"Primary malignant neoplasm of frontal sinus"
,,"CAN_COD","Codes for relevant malignancies","93809003",,"Primary malignant neoplasm of fundus of stomach"
,,"CAN_COD","Codes for relevant malignancies","93812000",,"Primary malignant neoplasm of gingival mucosa"
,,"CAN_COD","Codes for relevant malignancies","93815003",,"Primary malignant neoplasm of glossopharyngeal nerve"
,,"CAN_COD","Codes for relevant malignancies","93816002",,"Primary malignant neoplasm of glottis"
,,"CAN_COD","Codes for relevant malignancies","93796005",,"Primary malignant neoplasm of female breast"
,,"CAN_COD","Codes for relevant malignancies","93753000",,"Primary malignant neoplasm of cheek"
,,"CAN_COD","Codes for relevant malignancies","93739000",,"Primary malignant neoplasm of carina"
,,"CAN_COD","Codes for relevant malignancies","93740003",,"Primary malignant neoplasm of carotid body"
,,"CAN_COD","Codes for relevant malignancies","93741004",,"Primary malignant neoplasm of carpal bone"
,,"CAN_COD","Codes for relevant malignancies","93742006",,"Primary malignant neoplasm of cartilage of nose"
,,"CAN_COD","Codes for relevant malignancies","93743001",,"Primary malignant neoplasm of cauda equina"
,,"CAN_COD","Codes for relevant malignancies","93744007",,"Primary malignant neoplasm of central nervous system"
,,"CAN_COD","Codes for relevant malignancies","93745008",,"Primary malignant neoplasm of central portion of female breast"
,,"CAN_COD","Codes for relevant malignancies","93746009",,"Primary malignant neoplasm of cerebellum"
,,"CAN_COD","Codes for relevant malignancies","93747000",,"Primary malignant neoplasm of cerebral meninges"
,,"CAN_COD","Codes for relevant malignancies","93748005",,"Primary malignant neoplasm of cerebral ventricle"
,,"CAN_COD","Codes for relevant malignancies","93776002",,"Primary malignant neoplasm of ectopic female breast tissue"
,,"CAN_COD","Codes for relevant malignancies","93751003",,"Primary malignant neoplasm of cervical vertebral column"
,,"CAN_COD","Codes for relevant malignancies","93821004",,"Primary malignant neoplasm of hand"
,,"CAN_COD","Codes for relevant malignancies","93754006",,"Primary malignant neoplasm of chest wall"
,,"CAN_COD","Codes for relevant malignancies","93755007",,"Primary malignant neoplasm of choroid, primary"
,,"CAN_COD","Codes for relevant malignancies","93756008",,"Primary malignant neoplasm of ciliary body, primary"
,,"CAN_COD","Codes for relevant malignancies","93760006",,"Primary malignant neoplasm of coccyx"
,,"CAN_COD","Codes for relevant malignancies","93761005",,"Primary malignant neoplasm of colon"
,,"CAN_COD","Codes for relevant malignancies","93764002",,"Primary malignant neoplasm of conjunctiva, primary"
,,"CAN_COD","Codes for relevant malignancies","93766000",,"Primary malignant neoplasm of cornea, primary"
,,"CAN_COD","Codes for relevant malignancies","93767009",,"Primary malignant neoplasm of cranial nerve"
,,"CAN_COD","Codes for relevant malignancies","93768004",,"Primary malignant neoplasm of craniopharyngeal duct"
,,"CAN_COD","Codes for relevant malignancies","93771007",,"Primary malignant neoplasm of descending colon"
,,"CAN_COD","Codes for relevant malignancies","93749002",,"Primary malignant neoplasm of cerebrum"
,,"CAN_COD","Codes for relevant malignancies","93882009",,"Primary malignant neoplasm of main bronchus"
,,"CAN_COD","Codes for relevant malignancies","93862005",,"Primary malignant neoplasm of lateral wall of oropharynx"
,,"CAN_COD","Codes for relevant malignancies","93864006",,"Primary malignant neoplasm of lower lobe of left lung"
,,"CAN_COD","Codes for relevant malignancies","93865007",,"Primary malignant neoplasm of upper lobe of left lung"
,,"CAN_COD","Codes for relevant malignancies","93867004",,"Primary malignant neoplasm of lesser curvature of stomach"
,,"CAN_COD","Codes for relevant malignancies","93868009",,"Primary malignant neoplasm of lingual tonsil"
,,"CAN_COD","Codes for relevant malignancies","93871001",,"Primary malignant neoplasm of long bone of lower limb"
,,"CAN_COD","Codes for relevant malignancies","93872008",,"Primary malignant neoplasm of long bone of upper limb"
,,"CAN_COD","Codes for relevant malignancies","93874009",,"Primary malignant neoplasm of lower inner quadrant of female breast"
,,"CAN_COD","Codes for relevant malignancies","93875005",,"Primary malignant neoplasm of lower limb"
,,"CAN_COD","Codes for relevant malignancies","93876006",,"Primary malignant neoplasm of lower outer quadrant of female breast"
,,"CAN_COD","Codes for relevant malignancies","93818001",,"Primary malignant neoplasm of greater curvature of stomach"
,,"CAN_COD","Codes for relevant malignancies","93879004",,"Primary malignant neoplasm of lunate bone"
,,"CAN_COD","Codes for relevant malignancies","93858004",,"Primary malignant neoplasm of laryngeal surface of epiglottis"
,,"CAN_COD","Codes for relevant malignancies","93883004",,"Primary malignant neoplasm of major salivary gland"
,,"CAN_COD","Codes for relevant malignancies","93885006",,"Primary malignant neoplasm of male genital organ"
,,"CAN_COD","Codes for relevant malignancies","93886007",,"Primary malignant neoplasm of mandible"
,,"CAN_COD","Codes for relevant malignancies","93887003",,"Primary malignant neoplasm of mastoid air cells"
,,"CAN_COD","Codes for relevant malignancies","93889000",,"Primary malignant neoplasm of maxillary sinus"
,,"CAN_COD","Codes for relevant malignancies","93890009",,"Primary malignant neoplasm of Meckel's diverticulum"
,,"CAN_COD","Codes for relevant malignancies","93891008",,"Primary malignant neoplasm of mediastinum"
,,"CAN_COD","Codes for relevant malignancies","93892001",,"Primary malignant neoplasm of metacarpal bone"
,,"CAN_COD","Codes for relevant malignancies","93893006",,"Primary malignant neoplasm of metatarsal bone"
,,"CAN_COD","Codes for relevant malignancies","93894000",,"Primary malignant neoplasm of middle ear"
,,"CAN_COD","Codes for relevant malignancies","93878007",,"Primary malignant neoplasm of lumbar vertebral column"
,,"CAN_COD","Codes for relevant malignancies","93837005",,"Primary malignant neoplasm of inner aspect of upper lip"
,,"CAN_COD","Codes for relevant malignancies","93230002",,"Malignant melanoma of skin of groin"
,,"CAN_COD","Codes for relevant malignancies","93824007",,"Primary malignant neoplasm of head"
,,"CAN_COD","Codes for relevant malignancies","93825008",,"Primary malignant neoplasm of heart"
,,"CAN_COD","Codes for relevant malignancies","93826009",,"Primary malignant neoplasm of hepatic flexure of colon"
,,"CAN_COD","Codes for relevant malignancies","93828005",,"Primary malignant neoplasm of hypoglossal nerve"
,,"CAN_COD","Codes for relevant malignancies","93829002",,"Primary malignant neoplasm of hypopharyngeal aspect of aryepiglottic fold"
,,"CAN_COD","Codes for relevant malignancies","93830007",,"Primary malignant neoplasm of hypopharyngeal aspect of interarytenoid fold"
,,"CAN_COD","Codes for relevant malignancies","93831006",,"Primary malignant neoplasm of hypopharynx"
,,"CAN_COD","Codes for relevant malignancies","93832004",,"Primary malignant neoplasm of ileum"
,,"CAN_COD","Codes for relevant malignancies","93834003",,"Primary malignant neoplasm of inguinal region"
,,"CAN_COD","Codes for relevant malignancies","93861003",,"Primary malignant neoplasm of lateral wall of nasopharynx"
,,"CAN_COD","Codes for relevant malignancies","93836001",,"Primary malignant neoplasm of inner aspect of lower lip"
,,"CAN_COD","Codes for relevant malignancies","93860002",,"Primary malignant neoplasm of lateral portion of floor of mouth"
,,"CAN_COD","Codes for relevant malignancies","93839008",,"Primary malignant neoplasm of intra-abdominal organs"
,,"CAN_COD","Codes for relevant malignancies","93843007",,"Primary malignant neoplasm of islets of Langerhans"
,,"CAN_COD","Codes for relevant malignancies","93844001",,"Primary malignant neoplasm of isthmus of uterus"
,,"CAN_COD","Codes for relevant malignancies","93845000",,"Primary malignant neoplasm of jaw"
,,"CAN_COD","Codes for relevant malignancies","93846004",,"Primary malignant neoplasm of jejunum"
,,"CAN_COD","Codes for relevant malignancies","93848003",,"Primary malignant neoplasm of junctional zone of tongue"
,,"CAN_COD","Codes for relevant malignancies","93850006",,"Primary malignant neoplasm of labia majora"
,,"CAN_COD","Codes for relevant malignancies","93851005",,"Primary malignant neoplasm of labia minora"
,,"CAN_COD","Codes for relevant malignancies","93854002",,"Primary malignant neoplasm of large intestine"
,,"CAN_COD","Codes for relevant malignancies","93857009",,"Primary malignant neoplasm of laryngeal commissure"
,,"CAN_COD","Codes for relevant malignancies","93820003",,"Primary malignant neoplasm of hamate bone"
,,"CAN_COD","Codes for relevant malignancies","93835002",,"Primary malignant neoplasm of inner aspect of lip"
,,"CAN_COD","Codes for relevant malignancies","762458004",,"Primary endometrioid carcinoma of endometrium of body of uterus"
,,"CAN_COD","Codes for relevant malignancies","721762007",,"Adult T-cell leukemia/lymphoma of skin"
,,"CAN_COD","Codes for relevant malignancies","722685004",,"Primary high grade serous adenocarcinoma of ovary"
,,"CAN_COD","Codes for relevant malignancies","7391000119103",,"Primary adenoid cystic carcinoma of nasopharynx"
,,"CAN_COD","Codes for relevant malignancies","369501008",,"Malignant tumor involving uterine cervix by separate metastasis from ovary"
,,"CAN_COD","Codes for relevant malignancies","369500009",,"Malignant tumor involving uterine cervix by separate metastasis from fallopian tube"
,,"CAN_COD","Codes for relevant malignancies","761958009",,"Malignant peripheral nerve sheath neoplasm with perineurial differentiation"
,,"CAN_COD","Codes for relevant malignancies","762315004",,"Therapy related acute myeloid leukemia due to and following administration of antineoplastic agent"
,,"CAN_COD","Codes for relevant malignancies","762316003",,"Polymorphic lymphoproliferative disorder following transplant"
,,"CAN_COD","Codes for relevant malignancies","722684000",,"Primary low grade serous adenocarcinoma of ovary"
,,"CAN_COD","Codes for relevant malignancies","738527001",,"Myeloid and/or lymphoid neoplasm associated with platelet derived growth factor receptor alpha rearrangement"
,,"CAN_COD","Codes for relevant malignancies","762457009",,"Astroblastoma of brain"
,,"CAN_COD","Codes for relevant malignancies","737313007",,"Primary malignant neuroendocrine neoplasm of ileum"
,,"CAN_COD","Codes for relevant malignancies","722682001",,"Primary small cell carcinoma of endometrium"
,,"CAN_COD","Codes for relevant malignancies","722681008",,"Primary mixed adenocarcinoma of endometrium"
,,"CAN_COD","Codes for relevant malignancies","722680009",,"Primary serous adenocarcinoma of endometrium"
,,"CAN_COD","Codes for relevant malignancies","722679006",,"Primary mucinous adenocarcinoma of endometrium"
,,"CAN_COD","Codes for relevant malignancies","722678003",,"Primary squamous cell carcinoma of vagina"
,,"CAN_COD","Codes for relevant malignancies","722677008",,"Primary mesothelioma overlapping lesion of retroperitoneum peritoneum and omentum"
,,"CAN_COD","Codes for relevant malignancies","762665002",,"Primary malignant neuroendocrine neoplasm of perihilar bile duct"
,,"CAN_COD","Codes for relevant malignancies","722676004",,"Primary squamous cell carcinoma of middle ear"
,,"CAN_COD","Codes for relevant malignancies","722674001",,"Primary squamous cell carcinoma of parotid gland"
,,"CAN_COD","Codes for relevant malignancies","722673007",,"Primary squamous cell carcinoma of lingual tonsil"
,,"CAN_COD","Codes for relevant malignancies","722683006",,"Primary neuroendocrine carcinoma of cervix uteri"
,,"CAN_COD","Codes for relevant malignancies","722718001",,"Primary malignant meningioma"
,,"CAN_COD","Codes for relevant malignancies","735757008",,"Primary ganglioneuroblastoma of brain"
,,"CAN_COD","Codes for relevant malignancies","735916009",,"Primary malignant neuroepithelial neoplasm of retina"
,,"CAN_COD","Codes for relevant malignancies","722953004",,"B-cell lymphoma unclassifiable with features intermediate between Burkitt lymphoma and diffuse large B-cell lymphoma"
,,"CAN_COD","Codes for relevant malignancies","735918005",,"Primary malignant neoplasm of lacrimal caruncle"
,,"CAN_COD","Codes for relevant malignancies","735919002",,"Primary malignant neuroepithelial neoplasm of iris"
,,"CAN_COD","Codes for relevant malignancies","722832009",,"Primary solid papillary carcinoma with invasion of breast"
,,"CAN_COD","Codes for relevant malignancies","735920008",,"Primary malignant neuroepithelial neoplasm of ciliary body"
,,"CAN_COD","Codes for relevant malignancies","735921007",,"Primary malignant neuroepithelial neoplasm of orbit"
,,"CAN_COD","Codes for relevant malignancies","722828003",,"Primary synovial sarcoma of intrathoracic organ"
,,"CAN_COD","Codes for relevant malignancies","722686003",,"Primary serous carcinoma of uterine adnexa"
,,"CAN_COD","Codes for relevant malignancies","722795004",,"Meningeal leukemia"
,,"CAN_COD","Codes for relevant malignancies","722671009",,"Metastatic malignant neoplasm of meninges"
,,"CAN_COD","Codes for relevant malignancies","722714004",,"Primary mucoepidermoid carcinoma of lacrimal apparatus"
,,"CAN_COD","Codes for relevant malignancies","722707001",,"Metastatic malignant neoplasm of peripheral nervous system"
,,"CAN_COD","Codes for relevant malignancies","736322001",,"Pediatric follicular lymphoma"
,,"CAN_COD","Codes for relevant malignancies","737058005",,"Microsatellite instability-high colorectal cancer"
,,"CAN_COD","Codes for relevant malignancies","722687007",,"Primary mucinous carcinoma of uterine adnexa"
,,"CAN_COD","Codes for relevant malignancies","737308008",,"Primary adenocarcinoma of sublingual gland"
,,"CAN_COD","Codes for relevant malignancies","737309000",,"Primary adenocarcinoma of submandibular gland"
,,"CAN_COD","Codes for relevant malignancies","737310005",,"Primary squamous cell carcinoma of submandibular gland"
,,"CAN_COD","Codes for relevant malignancies","737311009",,"Primary squamous cell carcinoma of sublingual gland"
,,"CAN_COD","Codes for relevant malignancies","737312002",,"Primary malignant neuroendocrine neoplasm of jejunum"
,,"CAN_COD","Codes for relevant malignancies","722827008",,"Primary synovial sarcoma of respiratory organ"
,,"CAN_COD","Codes for relevant malignancies","722445001",,"Primary giant cell sarcoma of peritoneum"
,,"CAN_COD","Codes for relevant malignancies","763477007",,"Primary lymphoma of conjunctiva"
,,"CAN_COD","Codes for relevant malignancies","733355004",,"Primary adenocarcinoma of digestive organ"
,,"CAN_COD","Codes for relevant malignancies","722511005",,"Primary rhabdomyosarcoma of respiratory organ"
,,"CAN_COD","Codes for relevant malignancies","763479005",,"Metaplastic carcinoma of breast"
,,"CAN_COD","Codes for relevant malignancies","763666008",,"Splenic marginal zone B-cell lymphoma"
,,"CAN_COD","Codes for relevant malignancies","763719001",,"Hydroa vacciniforme-like lymphoma"
,,"CAN_COD","Codes for relevant malignancies","763771009",,"Leiomyosarcoma of cervix uteri"
,,"CAN_COD","Codes for relevant malignancies","722510006",,"Primary rhabdomyosarcoma of pharynx"
,,"CAN_COD","Codes for relevant malignancies","763796007",,"Megakaryoblastic acute myeloid leukemia with t(1;22)(p13;q13)"
,,"CAN_COD","Codes for relevant malignancies","722672002",,"Primary squamous cell carcinoma of base of tongue"
,,"CAN_COD","Codes for relevant malignancies","722509001",,"Primary rhabdomyosarcoma of oral cavity"
,,"CAN_COD","Codes for relevant malignancies","722515001",,"Primary liposarcoma of retroperitoneum"
,,"CAN_COD","Codes for relevant malignancies","722444002",,"Primary giant cell sarcoma of retroperitoneum"
,,"CAN_COD","Codes for relevant malignancies","764694005",,"MiT family translocation renal cell carcinoma"
,,"CAN_COD","Codes for relevant malignancies","764735002",,"Squamous cell carcinoma of small intestine"
,,"CAN_COD","Codes for relevant malignancies","764737005",,"Squamous cell carcinoma of corpus uteri"
,,"CAN_COD","Codes for relevant malignancies","722425009",,"Reactive oxygen species 1 positive non-small cell lung cancer"
,,"CAN_COD","Codes for relevant malignancies","722229001",,"Primary sarcoma of retroperitoneum"
,,"CAN_COD","Codes for relevant malignancies","722112006",,"Primary squamous cell carcinoma of ear"
,,"CAN_COD","Codes for relevant malignancies","764845008",,"Adenocarcinoma of anal canal"
,,"CAN_COD","Codes for relevant malignancies","764846009",,"Adenocarcinoma of penis"
,,"CAN_COD","Codes for relevant malignancies","722103009",,"Hormone sensitive prostate cancer"
,,"CAN_COD","Codes for relevant malignancies","763884007",,"Splenic diffuse red pulp small B-cell lymphoma"
,,"CAN_COD","Codes for relevant malignancies","722529000",,"Primary malignant epithelial neoplasm of nasopharynx"
,,"CAN_COD","Codes for relevant malignancies","722954005",,"B-cell lymphoma unclassifiable with features intermediate between classical Hodgkin lymphoma and diffuse large B-cell lymphoma"
,,"CAN_COD","Codes for relevant malignancies","722670005",,"Primary thymic carcinoma"
,,"CAN_COD","Codes for relevant malignancies","763063001",,"Adenoid basal carcinoma of cervix uteri"
,,"CAN_COD","Codes for relevant malignancies","763064007",,"Adenoid cystic carcinoma of cervix uteri"
,,"CAN_COD","Codes for relevant malignancies","763131005",,"Clear cell adenocarcinoma of ovary"
,,"CAN_COD","Codes for relevant malignancies","763309005",,"Acute myeloid leukemia with nucleophosmin 1 somatic mutation"
,,"CAN_COD","Codes for relevant malignancies","722666002",,"Primary squamous cell carcinoma of lacrimal apparatus"
,,"CAN_COD","Codes for relevant malignancies","722665003",,"Primary malignant melanoma of cornea"
,,"CAN_COD","Codes for relevant malignancies","722543005",,"Primary malignant melanoma of anal canal"
,,"CAN_COD","Codes for relevant malignancies","722542000",,"Primary squamous cell carcinoma of anal canal"
,,"CAN_COD","Codes for relevant malignancies","723851008",,"Primary osteosarcoma of articular cartilage of limb"
,,"CAN_COD","Codes for relevant malignancies","722530005",,"Primary squamous cell carcinoma of pharyngeal tonsil"
,,"CAN_COD","Codes for relevant malignancies","722514002",,"Primary leiomyosarcoma of peritoneum"
,,"CAN_COD","Codes for relevant malignancies","722528008",,"Primary malignant neuroendocrine neoplasm of lung"
,,"CAN_COD","Codes for relevant malignancies","722527003",,"Primary malignant neuroendocrine neoplasm of bronchus"
,,"CAN_COD","Codes for relevant malignancies","722524005",,"Primary invasive pleomorphic lobular carcinoma of breast"
,,"CAN_COD","Codes for relevant malignancies","722519007",,"Primary sarcoma of peritoneum"
,,"CAN_COD","Codes for relevant malignancies","722518004",,"Primary malignant nerve sheath neoplasm of autonomic nerve"
,,"CAN_COD","Codes for relevant malignancies","763408003",,"Rhabdomyosarcoma of cervix uteri"
,,"CAN_COD","Codes for relevant malignancies","763409006",,"Rhabdomyosarcoma of corpus uteri"
,,"CAN_COD","Codes for relevant malignancies","722517009",,"Primary malignant nerve sheath neoplasm of peripheral nervous system structure"
,,"CAN_COD","Codes for relevant malignancies","722516000",,"Primary liposarcoma of peritoneum"
,,"CAN_COD","Codes for relevant malignancies","762690000",,"Classical Hodgkin lymphoma"
,,"CAN_COD","Codes for relevant malignancies","722533007",,"Primary malignant neoplasm of esophagogastric junction"
,,"CAN_COD","Codes for relevant malignancies","72891000119103",,"Kaposi sarcoma of viscus"
,,"CAN_COD","Codes for relevant malignancies","724649000",,"Langerhans cell sarcoma"
,,"CAN_COD","Codes for relevant malignancies","724650000",,"Primary follicular dendritic cell sarcoma"
,,"CAN_COD","Codes for relevant malignancies","724805000",,"Primary malignant neuroepitheliomatous neoplasm of peripheral nerve"
,,"CAN_COD","Codes for relevant malignancies","724806004",,"Primary malignant neuroepitheliomatous neoplasm of autonomic nervous system"
,,"CAN_COD","Codes for relevant malignancies","725390002",,"Acute myeloid leukemia with t(8;16)(p11;p13) translocation"
,,"CAN_COD","Codes for relevant malignancies","725437002",,"Chronic lymphocytic leukemia genetic mutation variant"
,,"CAN_COD","Codes for relevant malignancies","726019003",,"Familial malignant melanoma of skin"
,,"CAN_COD","Codes for relevant malignancies","726652005",,"Malignant carcinoid tumor of thymus"
,,"CAN_COD","Codes for relevant malignancies","726653000",,"Malignant carcinoid tumor of bronchus"
,,"CAN_COD","Codes for relevant malignancies","733343005",,"Primary squamous cell carcinoma of oral cavity"
,,"CAN_COD","Codes for relevant malignancies","726721002",,"Nodal marginal zone B-cell lymphoma"
,,"CAN_COD","Codes for relevant malignancies","724645006",,"T-cell hystiocyte rich large B-cell lymphoma"
,,"CAN_COD","Codes for relevant malignancies","723848001",,"Primary osteosarcoma of bone of jaw"
,,"CAN_COD","Codes for relevant malignancies","723847006",,"Primary chondrosarcoma of articular cartilage of rib"
,,"CAN_COD","Codes for relevant malignancies","732201008",,"Carcinosarcoma of endometrium"
,,"CAN_COD","Codes for relevant malignancies","733064004",,"Osteosarcoma, limb anomalies, erythroid macrocytosis syndrome"
,,"CAN_COD","Codes for relevant malignancies","733134009",,"Primary squamous cell carcinoma of paraurethral gland"
,,"CAN_COD","Codes for relevant malignancies","733135005",,"Primary urothelial carcinoma of paraurethral gland"
,,"CAN_COD","Codes for relevant malignancies","733136006",,"Primary adenocarcinoma of urethra"
,,"CAN_COD","Codes for relevant malignancies","733144006",,"Malignant epithelial neoplasm of bronchus"
,,"CAN_COD","Codes for relevant malignancies","733162002",,"Primary malignant neuroendocrine neoplasm of anus"
,,"CAN_COD","Codes for relevant malignancies","735735001",,"Primary malignant neuroendocrine neoplasm of pancreas"
,,"CAN_COD","Codes for relevant malignancies","726654006",,"Malignant carcinoid tumor of colon"
,,"CAN_COD","Codes for relevant malignancies","723849009",,"Primary osteosarcoma of articular cartilage of jaw"
,,"CAN_COD","Codes for relevant malignancies","723852001",,"Primary osteosarcoma of articular cartilage of pelvis"
,,"CAN_COD","Codes for relevant malignancies","723853006",,"Primary Ewing sarcoma of bone of limb"
,,"CAN_COD","Codes for relevant malignancies","723854000",,"Primary Ewing sarcoma of articular cartilage of limb"
,,"CAN_COD","Codes for relevant malignancies","723855004",,"Primary Ewing sarcoma of articular cartilage of pelvis"
,,"CAN_COD","Codes for relevant malignancies","723856003",,"Primary Ewing sarcoma of articular cartilage of rib"
,,"CAN_COD","Codes for relevant malignancies","723879002",,"Primary adenocarcinoma of overlapping lesion of urinary organ"
,,"CAN_COD","Codes for relevant malignancies","723887001",,"Primary Ewing sarcoma of bone of rib"
,,"CAN_COD","Codes for relevant malignancies","723889003",,"B lymphoblastic leukemia lymphoma with t(9:22) (q34;q11.2); BCR-ABL 1"
,,"CAN_COD","Codes for relevant malignancies","724056005",,"Malignant neoplasm of lower lobe of right lung"
,,"CAN_COD","Codes for relevant malignancies","724058006",,"Malignant neoplasm of upper lobe of left lung"
,,"CAN_COD","Codes for relevant malignancies","724648008",,"Plasmablastic lymphoma"
,,"CAN_COD","Codes for relevant malignancies","723850009",,"Primary osteosarcoma of bone of limb"
,,"CAN_COD","Codes for relevant malignancies","724647003",,"Diffuse large B-cell lymphoma co-occurrent with chronic inflammation caused by Epstein-Barr virus"
,,"CAN_COD","Codes for relevant malignancies","724060008",,"Malignant neoplasm of right upper lobe of lung"
,,"CAN_COD","Codes for relevant malignancies","724467001",,"Primary squamous cell carcinoma of overlapping lesion of urinary organs"
,,"CAN_COD","Codes for relevant malignancies","724468006",,"Primary urothelial carcinoma of overlapping lesion of urinary organ"
,,"CAN_COD","Codes for relevant malignancies","724536000",,"Primary adenocarcinoma of ileum"
,,"CAN_COD","Codes for relevant malignancies","724537009",,"Primary adenocarcinoma of jejunum"
,,"CAN_COD","Codes for relevant malignancies","724552002",,"Primary poorly differentiated carcinoma of thyroid gland"
,,"CAN_COD","Codes for relevant malignancies","724553007",,"Primary undifferentiated carcinoma of thyroid gland"
,,"CAN_COD","Codes for relevant malignancies","724554001",,"Primary malignant epithelial neoplasm of endocrine gland"
,,"CAN_COD","Codes for relevant malignancies","724644005",,"Myeloid leukemia co-occurrent with Down syndrome"
,,"CAN_COD","Codes for relevant malignancies","733344004",,"Primary squamous cell carcinoma of lip"
,,"CAN_COD","Codes for relevant malignancies","724059003",,"Malignant neoplasm of lower lobe of left lung"
,,"CAN_COD","Codes for relevant malignancies","723182009",,"Primary squamous cell carcinoma of nasal cavity"
,,"CAN_COD","Codes for relevant malignancies","723301009",,"Squamous non-small cell lung cancer"
,,"CAN_COD","Codes for relevant malignancies","733603009",,"Tubulocystic renal cell carcinoma"
,,"CAN_COD","Codes for relevant malignancies","733608000",,"Papillary renal cell carcinoma"
,,"CAN_COD","Codes for relevant malignancies","733627006",,"Primary cutaneous gamma-delta-positive T-cell lymphoma"
,,"CAN_COD","Codes for relevant malignancies","733834006",,"Invasive carcinoma of uterine cervix co-occurrent with human immunodeficiency virus infection"
,,"CAN_COD","Codes for relevant malignancies","733926004",,"Ganglioneuroblastoma of central nervous system"
,,"CAN_COD","Codes for relevant malignancies","734015000",,"Clear cell papillary renal cell carcinoma"
,,"CAN_COD","Codes for relevant malignancies","734066005",,"Diffuse large B-cell lymphoma of central nervous system"
,,"CAN_COD","Codes for relevant malignancies","734099007",,"Neuroblastoma of central nervous system"
,,"CAN_COD","Codes for relevant malignancies","733163007",,"Primary malignant neuroendocrine neoplasm of anal canal"
,,"CAN_COD","Codes for relevant malignancies","723265000",,"Primary squamous cell carcinoma of anus"
,,"CAN_COD","Codes for relevant malignancies","723843005",,"Primary chondrosarcoma of bone of limb"
,,"CAN_COD","Codes for relevant malignancies","734522002",,"Acute myeloid leukemia with FMS-like tyrosine kinase-3 mutation"
,,"CAN_COD","Codes for relevant malignancies","723173003",,"Carcinosarcoma of uterine adnexa"
,,"CAN_COD","Codes for relevant malignancies","723077004",,"Primary myosarcoma of uterus"
,,"CAN_COD","Codes for relevant malignancies","735332000",,"Primary cutaneous diffuse large cell B-cell lymphoma of lower extremity"
,,"CAN_COD","Codes for relevant malignancies","723076008",,"Primary myxofibrosarcoma"
,,"CAN_COD","Codes for relevant malignancies","735385007",,"Microsatellite instability-high solid malignant tumor"
,,"CAN_COD","Codes for relevant malignancies","735450006",,"Primary malignant neuroepitheliomatous neoplasm of nasal cavity"
,,"CAN_COD","Codes for relevant malignancies","735678002",,"Primary chondrosarcoma of articular cartilage"
,,"CAN_COD","Codes for relevant malignancies","735679005",,"Primary chondrosarcoma of bone"
,,"CAN_COD","Codes for relevant malignancies","722512003",,"Primary rhabdomyosarcoma of intrathoracic organ"
,,"CAN_COD","Codes for relevant malignancies","723281005",,"Primary malignant melanoma of anus"
,,"CAN_COD","Codes for relevant malignancies","369484000",,"Malignant tumor involving vasa deferentia by separate metastasis from prostate"
,,"CAN_COD","Codes for relevant malignancies","733345003",,"Primary squamous cell carcinoma of pharynx"
,,"CAN_COD","Codes for relevant malignancies","723846002",,"Primary chondrosarcoma of bone of rib"
,,"CAN_COD","Codes for relevant malignancies","733346002",,"Primary mucinous cystic neoplasm with associated invasive carcinoma of perihilar bile duct"
,,"CAN_COD","Codes for relevant malignancies","733347006",,"Primary mucinous cystic neoplasm with associated invasive carcinoma of cystic duct"
,,"CAN_COD","Codes for relevant malignancies","733348001",,"Primary malignant neuroendocrine neoplasm of cystic duct"
,,"CAN_COD","Codes for relevant malignancies","733349009",,"Primary mucinous cystic neoplasm with associated invasive carcinoma of distal bile duct"
,,"CAN_COD","Codes for relevant malignancies","733350009",,"Primary malignant neuroendocrine of distal bile duct"
,,"CAN_COD","Codes for relevant malignancies","733351008",,"Primary malignant neuroendocrine neoplasm of ampulla of Vater"
,,"CAN_COD","Codes for relevant malignancies","733352001",,"Primary mucinous cystic neoplasm with associated invasive carcinoma of biliary tract"
,,"CAN_COD","Codes for relevant malignancies","733353006",,"Primary malignant neuroendocrine neoplasm of biliary tract"
,,"CAN_COD","Codes for relevant malignancies","733598001",,"Acute myeloid leukemia with t(6;9)(p23;q34) translocation"
,,"CAN_COD","Codes for relevant malignancies","723845003",,"Primary chondrosarcoma of articular cartilage of pelvis"
,,"CAN_COD","Codes for relevant malignancies","733471003",,"Chromophobe renal cell carcinoma"
,,"CAN_COD","Codes for relevant malignancies","733356003",,"Primary mucinous carcinoma of digestive organ"
,,"CAN_COD","Codes for relevant malignancies","723844004",,"Primary chondrosarcoma of articular cartilage of limb"
,,"CAN_COD","Codes for relevant malignancies","733357007",,"Primary squamous cell carcinoma of intrathoracic organ"
,,"CAN_COD","Codes for relevant malignancies","733358002",,"Primary squamous cell carcinoma of respiratory system"
,,"CAN_COD","Codes for relevant malignancies","733359005",,"Primary squamous cell carcinoma of endometrium"
,,"CAN_COD","Codes for relevant malignancies","733360000",,"Primary undifferentiated carcinoma of endometrium"
,,"CAN_COD","Codes for relevant malignancies","733361001",,"Primary mucinous adenocarcinoma of ovary"
,,"CAN_COD","Codes for relevant malignancies","733362008",,"Primary adenocarcinoma of paraurethral gland"
,,"CAN_COD","Codes for relevant malignancies","733470002",,"Collecting duct carcinoma of kidney"
,,"CAN_COD","Codes for relevant malignancies","735680008",,"Primary osteosarcoma"
,,"CAN_COD","Codes for relevant malignancies","733354000",,"Primary adenocarcinoma of biliary tract"
,,"CAN_COD","Codes for relevant malignancies","721559007",,"Primary adenocarcinoma of common bile duct"
,,"CAN_COD","Codes for relevant malignancies","369488002",,"Secondary malignant neoplasm of seminal vesicle"
,,"CAN_COD","Codes for relevant malignancies","721574009",,"Primary rhabdomyosarcoma of male genital organ"
,,"CAN_COD","Codes for relevant malignancies","721569001",,"Primary adenocarcinoma of uterine ligament"
,,"CAN_COD","Codes for relevant malignancies","721568009",,"Primary adenocarcinoma of parametrium"
,,"CAN_COD","Codes for relevant malignancies","82501000119102",,"Anaplastic astrocytoma of central nervous system"
,,"CAN_COD","Codes for relevant malignancies","82546001",,"Reactive immunoproliferative disease"
,,"CAN_COD","Codes for relevant malignancies","369502001",,"Malignant tumor involving uterine corpus by separate metastasis from bladder"
,,"CAN_COD","Codes for relevant malignancies","721563000",,"Primary malignant melanoma of vagina"
,,"CAN_COD","Codes for relevant malignancies","721562005",,"Primary adenocarcinoma overlapping lesion of retroperitoneum peritoneum and omentum"
,,"CAN_COD","Codes for relevant malignancies","721314003",,"Fibroblastic reticular cell neoplasm"
,,"CAN_COD","Codes for relevant malignancies","721560002",,"Primary adenocarcinoma of nasal cavity"
,,"CAN_COD","Codes for relevant malignancies","721577002",,"Primary liposarcoma of soft tissue of limb"
,,"CAN_COD","Codes for relevant malignancies","721558004",,"Primary adenocarcinoma of cystic duct"
,,"CAN_COD","Codes for relevant malignancies","721557009",,"Primary adenocarcinoma of parotid gland"
,,"CAN_COD","Codes for relevant malignancies","721556000",,"Primary adenocarcinoma of palate"
,,"CAN_COD","Codes for relevant malignancies","721555001",,"Follicular lymphoma of small intestine"
,,"CAN_COD","Codes for relevant malignancies","721549006",,"Primary adenocarcinoma of lacrimal apparatus"
,,"CAN_COD","Codes for relevant malignancies","721548003",,"Primary malignant neoplasm of lacrimal apparatus"
,,"CAN_COD","Codes for relevant malignancies","721547008",,"Primary adenocarcinoma of epithelium of iris"
,,"CAN_COD","Codes for relevant malignancies","721546004",,"Primary adenocarcinoma of ciliary epithelium"
,,"CAN_COD","Codes for relevant malignancies","721541009",,"Primary malignant sarcoma of skin"
,,"CAN_COD","Codes for relevant malignancies","767544007",,"Intraepithelial squamous cell carcinoma of anogenital region"
,,"CAN_COD","Codes for relevant malignancies","721561003",,"Primary adenocarcinoma of middle ear"
,,"CAN_COD","Codes for relevant malignancies","721607006",,"Primary undifferentiated carcinoma of oropharynx"
,,"CAN_COD","Codes for relevant malignancies","78411000119107",,"Ewing sarcoma of bone of pelvis"
,,"CAN_COD","Codes for relevant malignancies","721625004",,"Primary neuroendocrine carcinoma of esophagus"
,,"CAN_COD","Codes for relevant malignancies","721624000",,"Primary adenocarcinoma of overlapping lesion of esophagus"
,,"CAN_COD","Codes for relevant malignancies","721623006",,"Primary adenocarcinoma of middle third of esophagus"
,,"CAN_COD","Codes for relevant malignancies","79281000119106",,"Primary adenocarcinoma of skin"
,,"CAN_COD","Codes for relevant malignancies","721622001",,"Primary adenocarcinoma of upper third of esophagus"
,,"CAN_COD","Codes for relevant malignancies","721621008",,"Primary squamous cell carcinoma of overlapping lesion of esophagus"
,,"CAN_COD","Codes for relevant malignancies","721620009",,"Primary squamous cell carcinoma of lower third of esophagus"
,,"CAN_COD","Codes for relevant malignancies","721618006",,"Primary squamous cell carcinoma of upper third of esophagus"
,,"CAN_COD","Codes for relevant malignancies","721725005",,"Primary adenocarcinoma of peritoneum"
,,"CAN_COD","Codes for relevant malignancies","721575005",,"Primary angiosarcoma of heart"
,,"CAN_COD","Codes for relevant malignancies","722513008",,"Primary leiomyosarcoma of retroperitoneum"
,,"CAN_COD","Codes for relevant malignancies","721576006",,"Primary angiosarcoma of breast"
,,"CAN_COD","Codes for relevant malignancies","721606002",,"Primary adenocarcinoma of overlapping lesion of accessory sinuses"
,,"CAN_COD","Codes for relevant malignancies","815011000000107",,"Anaplastic lymphoma kinase positive anaplastic large cell lymphoma"
,,"CAN_COD","Codes for relevant malignancies","721605003",,"Primary squamous cell carcinoma of overlapping lesion of accessory sinuses"
,,"CAN_COD","Codes for relevant malignancies","721604004",,"Primary squamous cell carcinoma of overlapping lesion of male genital organ"
,,"CAN_COD","Codes for relevant malignancies","721603005",,"Primary choriocarcinoma of testis"
,,"CAN_COD","Codes for relevant malignancies","721602000",,"Primary embryonal carcinoma of testis"
,,"CAN_COD","Codes for relevant malignancies","721580001",,"Primary myosarcoma of omentum"
,,"CAN_COD","Codes for relevant malignancies","721579004",,"Primary synovial sarcoma of soft tissue of limb"
,,"CAN_COD","Codes for relevant malignancies","721578007",,"Primary liposarcoma of male genital organ"
,,"CAN_COD","Codes for relevant malignancies","721313009",,"Indeterminate dendritic cell neoplasm"
,,"CAN_COD","Codes for relevant malignancies","369487007",,"Primary malignant neoplasm of seminal vesicle"
,,"CAN_COD","Codes for relevant malignancies","718195003",,"Inherited predisposition to essential thrombocythemia"
,,"CAN_COD","Codes for relevant malignancies","369499000",,"Malignant tumor involving uterine cervix by direct extension from vagina"
,,"CAN_COD","Codes for relevant malignancies","369498008",,"Malignant tumor involving uterine cervix by direct extension from ovary"
,,"CAN_COD","Codes for relevant malignancies","718604008",,"Small cell neuroendocrine carcinoma of bladder"
,,"CAN_COD","Codes for relevant malignancies","369497003",,"Malignant tumor involving uterine cervix by direct extension from fallopian tube"
,,"CAN_COD","Codes for relevant malignancies","91856007",,"Acute lymphoid leukemia in remission"
,,"CAN_COD","Codes for relevant malignancies","369496007",,"Malignant tumor involving uterine corpus by direct extension from vagina"
,,"CAN_COD","Codes for relevant malignancies","369495006",,"Malignant tumor involving uterine corpus by direct extension from uterine cervix"
,,"CAN_COD","Codes for relevant malignancies","369494005",,"Malignant tumor involving uterine corpus by direct extension from ovary"
,,"CAN_COD","Codes for relevant malignancies","718220008",,"Hereditary breast and ovarian cancer syndrome"
,,"CAN_COD","Codes for relevant malignancies","721540005",,"Primary adnexal carcinoma of skin"
,,"CAN_COD","Codes for relevant malignancies","369493004",,"Malignant tumor involving uterine corpus by direct extension from bladder"
,,"CAN_COD","Codes for relevant malignancies","91281000119103",,"Secondary adenocarcinoma of bone"
,,"CAN_COD","Codes for relevant malignancies","717968005",,"Melanoma and neural system tumor syndrome"
,,"CAN_COD","Codes for relevant malignancies","369492009",,"Malignant tumor involving seminal vesicle by separate metastasis from prostate"
,,"CAN_COD","Codes for relevant malignancies","369491002",,"Malignant tumor involving seminal vesicle by separate metastasis from bladder"
,,"CAN_COD","Codes for relevant malignancies","717922007",,"Well-differentiated neuroendocrine carcinoma of thymus"
,,"CAN_COD","Codes for relevant malignancies","369490001",,"Malignant tumor involving seminal vesicle by direct extension from prostate"
,,"CAN_COD","Codes for relevant malignancies","91858008",,"Acute monocytic leukemia in remission"
,,"CAN_COD","Codes for relevant malignancies","91860005",,"Acute myeloid leukemia in remission"
,,"CAN_COD","Codes for relevant malignancies","369489005",,"Malignant tumor involving seminal vesicle by direct extension from bladder"
,,"CAN_COD","Codes for relevant malignancies","717921000",,"Poorly-differentiated neuroendocrine carcinoma of thymus"
,,"CAN_COD","Codes for relevant malignancies","717916003",,"Neuroendocrine carcinoma of appendix"
,,"CAN_COD","Codes for relevant malignancies","718200007",,"Primary pulmonary lymphoma"
,,"CAN_COD","Codes for relevant malignancies","91041000119104",,"Ewing sarcoma of bone structure of upper limb"
,,"CAN_COD","Codes for relevant malignancies","87091000119101",,"Malignant glioma of cerebrum"
,,"CAN_COD","Codes for relevant malignancies","87111000119109",,"Malignant glioma of hypothalamus"
,,"CAN_COD","Codes for relevant malignancies","87121000119102",,"Malignant glioma of cerebellum"
,,"CAN_COD","Codes for relevant malignancies","87151000119105",,"Malignant glioma of central nervous system"
,,"CAN_COD","Codes for relevant malignancies","721311006",,"Systemic Epstein-Barr virus positive T-cell lymphoproliferative disease of childhood"
,,"CAN_COD","Codes for relevant malignancies","721310007",,"Aggressive natural killer-cell leukemia"
,,"CAN_COD","Codes for relevant malignancies","721308005",,"Acute leukemia of ambiguous lineage"
,,"CAN_COD","Codes for relevant malignancies","721306009",,"Therapy related acute myeloid leukemia and myelodysplastic syndrome"
,,"CAN_COD","Codes for relevant malignancies","882791000000109",,"Malignant neoplasm of foot and ankle"
,,"CAN_COD","Codes for relevant malignancies","721305008",,"Acute myeloid leukemia due to recurrent genetic abnormality"
,,"CAN_COD","Codes for relevant malignancies","719052006",,"Recurrent squamous cell carcinoma"
,,"CAN_COD","Codes for relevant malignancies","721304007",,"Refractory thrombocytopenia"
,,"CAN_COD","Codes for relevant malignancies","91854005",,"Acute leukemia in remission"
,,"CAN_COD","Codes for relevant malignancies","91061000119100",,"Primary chondrosarcoma of bone of pelvis"
,,"CAN_COD","Codes for relevant malignancies","91081000119109",,"Primary chondrosarcoma of bone of lower limb"
,,"CAN_COD","Codes for relevant malignancies","91131000119109",,"Primary adenocarcinoma of vulva"
,,"CAN_COD","Codes for relevant malignancies","91151000119103",,"Primary squamous cell carcinoma of chest wall"
,,"CAN_COD","Codes for relevant malignancies","91161000119101",,"Primary adenocarcinoma of chest wall"
,,"CAN_COD","Codes for relevant malignancies","721303001",,"Refractory neutropenia"
,,"CAN_COD","Codes for relevant malignancies","721302006",,"Refractory anemia with ringed sideroblasts associated with marked thrombocytosis"
,,"CAN_COD","Codes for relevant malignancies","720587009",,"Donor derived melanoma"
,,"CAN_COD","Codes for relevant malignancies","91171000119107",,"Primary undifferentiated large cell malignant neoplasm of chest wall"
,,"CAN_COD","Codes for relevant malignancies","721619003",,"Primary squamous cell carcinoma of middle third of esophagus"
,,"CAN_COD","Codes for relevant malignancies","91031000119108",,"Primary chondrosarcoma of bone of upper limb"
,,"CAN_COD","Codes for relevant malignancies","721639004",,"Primary neuroendocrine carcinoma of cardia of stomach"
,,"CAN_COD","Codes for relevant malignancies","721643000",,"Primary malignant mesenchymal neoplasm of stomach"
,,"CAN_COD","Codes for relevant malignancies","369485004",,"Malignant tumor involving prostate by direct extension from bladder"
,,"CAN_COD","Codes for relevant malignancies","721642005",,"Primary neuroendocrine carcinoma of overlapping lesion of stomach"
,,"CAN_COD","Codes for relevant malignancies","721641003",,"Primary neuroendocrine carcinoma of pyloric antrum of stomach"
,,"CAN_COD","Codes for relevant malignancies","764961009",,"Hereditary clear cell renal cell carcinoma"
,,"CAN_COD","Codes for relevant malignancies","764990003",,"Renal mucinous tubular and spindle cell carcinoma"
,,"CAN_COD","Codes for relevant malignancies","765095002",,"Renal medullary carcinoma"
,,"CAN_COD","Codes for relevant malignancies","765136002",,"Primary cutaneous CD8 positive aggressive epidermotropic cytotoxic T-cell lymphoma"
,,"CAN_COD","Codes for relevant malignancies","765328000",,"Classic mycosis fungoides"
,,"CAN_COD","Codes for relevant malignancies","766247009",,"Primitive neuroectodermal tumor of corpus uteri"
,,"CAN_COD","Codes for relevant malignancies","765740002",,"Adenosarcoma of corpus uteri"
,,"CAN_COD","Codes for relevant malignancies","721669006",,"Primary adenocarcinoma of overlapping lesion of small intestine"
,,"CAN_COD","Codes for relevant malignancies","369486003",,"Malignant tumor involving prostate by separate metastasis from bladder"
,,"CAN_COD","Codes for relevant malignancies","721638007",,"Primary neuroendocrine carcinoma of stomach"
,,"CAN_COD","Codes for relevant malignancies","721637002",,"Primary malignant neuroendocrine neoplasm of pyloric antrum of stomach"
,,"CAN_COD","Codes for relevant malignancies","721617001",,"Primary adenocarcinoma of lower third of esophagus due to Barrett esophagus"
,,"CAN_COD","Codes for relevant malignancies","765741003",,"Adenocarcinoma of gallbladder and extrahepatic biliary tract"
,,"CAN_COD","Codes for relevant malignancies","767448007",,"Pineoblastoma"
,,"CAN_COD","Codes for relevant malignancies","766045006",,"Acute myeloid leukemia and myelodysplastic syndrome related to alkylating agent"
,,"CAN_COD","Codes for relevant malignancies","766046007",,"Acute myeloid leukemia and myelodysplastic syndrome related to topoisomerase type 2 inhibitor"
,,"CAN_COD","Codes for relevant malignancies","766048008",,"Acute myeloid leukemia and myelodysplastic syndrome related to radiation"
,,"CAN_COD","Codes for relevant malignancies","721640002",,"Primary neuroendocrine carcinoma of body of stomach"
,,"CAN_COD","Codes for relevant malignancies","764951002",,"Carcinosarcoma of cervix uteri"
,,"CAN_COD","Codes for relevant malignancies","721718003",,"Primary adenocarcinoma of ampulla of Vater"
,,"CAN_COD","Codes for relevant malignancies","764847000",,"Adenosarcoma of cervix uteri"
,,"CAN_COD","Codes for relevant malignancies","764855007",,"Acute myeloid leukemia with CCAAT/enhancer binding protein alpha somatic mutation"
,,"CAN_COD","Codes for relevant malignancies","764856008",,"Acquired cystic disease associated renal cell carcinoma"
,,"CAN_COD","Codes for relevant malignancies","721716004",,"Primary cholangiocarcinoma of intrahepatic biliary tract"
,,"CAN_COD","Codes for relevant malignancies","721709000",,"Primary cloacogenic carcinoma of anal canal"
,,"CAN_COD","Codes for relevant malignancies","721701002",,"Primary neuroendocrine carcinoma of rectum"
,,"CAN_COD","Codes for relevant malignancies","721700001",,"Primary malignant neuroendocrine neoplasm of rectum"
,,"CAN_COD","Codes for relevant malignancies","721699002",,"Primary adenocarcinoma of descending colon and splenic flexure"
,,"CAN_COD","Codes for relevant malignancies","721644006",,"Primary malignant neuroendocrine neoplasm of duodenum"
,,"CAN_COD","Codes for relevant malignancies","764940002",,"Inherited acute myeloid leukemia"
,,"CAN_COD","Codes for relevant malignancies","721645007",,"Primary neuroendocrine carcinoma of duodenum"
,,"CAN_COD","Codes for relevant malignancies","764952009",,"Carcinosarcoma of corpus uteri"
,,"CAN_COD","Codes for relevant malignancies","721698005",,"Primary malignant neuroendocrine neoplasm of colon"
,,"CAN_COD","Codes for relevant malignancies","721697000",,"Primary neuroendocrine carcinoma of colon"
,,"CAN_COD","Codes for relevant malignancies","721696009",,"Primary adenocarcinoma of transverse colon"
,,"CAN_COD","Codes for relevant malignancies","721695008",,"Primary adenocarcinoma of ascending colon and right flexure"
,,"CAN_COD","Codes for relevant malignancies","721673009",,"Primary malignant neuroendocrine neoplasm of appendix"
,,"CAN_COD","Codes for relevant malignancies","721672004",,"Primary mucinous adenocarcinoma of appendix"
,,"CAN_COD","Codes for relevant malignancies","721671006",,"Primary neuroendocrine carcinoma of small intestine"
,,"CAN_COD","Codes for relevant malignancies","721670007",,"Primary malignant neuroendocrine neoplasm of small intestine"
,,"CAN_COD","Codes for relevant malignancies","721636006",,"Primary malignant neuroendocrine neoplasm of body of stomach"
,,"CAN_COD","Codes for relevant malignancies","764938007",,"Lymphoepithelial carcinoma"
,,"CAN_COD","Codes for relevant malignancies","721626003",,"Primary malignant neuroendocrine neoplasm of esophagus"
,,"CAN_COD","Codes for relevant malignancies","721632008",,"Primary adenocarcinoma of pyloric antrum of stomach"
,,"CAN_COD","Codes for relevant malignancies","721630000",,"Primary adenocarcinoma of cardia of stomach"
,,"CAN_COD","Codes for relevant malignancies","766248004",,"Primitive neuroectodermal tumor of cervix uteri"
,,"CAN_COD","Codes for relevant malignancies","721629005",,"Linitis plastica of stomach"
,,"CAN_COD","Codes for relevant malignancies","766757006",,"Undifferentiated carcinoma of stomach"
,,"CAN_COD","Codes for relevant malignancies","721628002",,"Primary adenocarcinoma of esophagogastric junction"
,,"CAN_COD","Codes for relevant malignancies","766758001",,"Undifferentiated carcinoma of corpus uteri"
,,"CAN_COD","Codes for relevant malignancies","721633003",,"Primary adenocarcinoma of overlapping lesion of stomach"
,,"CAN_COD","Codes for relevant malignancies","766759009",,"Rhabdomyosarcoma of vulva and vagina"
,,"CAN_COD","Codes for relevant malignancies","766752000",,"Neurolymphomatosis"
,,"CAN_COD","Codes for relevant malignancies","766930002",,"Glassy cell carcinoma of cervix uteri"
,,"CAN_COD","Codes for relevant malignancies","766935007",,"Primary bone lymphoma"
,,"CAN_COD","Codes for relevant malignancies","766978002",,"Squamous cell carcinoma of gallbladder and extrahepatic biliary tract"
,,"CAN_COD","Codes for relevant malignancies","766979005",,"Squamous cell carcinoma of rectum"
,,"CAN_COD","Codes for relevant malignancies","766980008",,"Squamous cell carcinoma of stomach"
,,"CAN_COD","Codes for relevant malignancies","766981007",,"Squamous cell carcinoma of colon"
,,"CAN_COD","Codes for relevant malignancies","767444009",,"Germline BRCA-mutated human epidermal growth factor receptor 2 negative metastatic carcinoma of breast"
,,"CAN_COD","Codes for relevant malignancies","721627007",,"Malignant melanoma of esophagus"
,,"CAN_COD","Codes for relevant malignancies","721634009",,"Primary malignant neuroendocrine neoplasm of stomach"
,,"CAN_COD","Codes for relevant malignancies","721635005",,"Primary malignant neuroendocrine neoplasm of cardia of stomach"
"103875012","Stewart-Treves syndrome","CAN_COD","Codes for relevant malignancies","62497000","1891031000006114",
"109371000006115","Teratoma of descended testis","CAN_COD","Codes for relevant malignancies","417554000","2548606013",
"109381000006117","Teratoma of testis","CAN_COD","Codes for relevant malignancies","416769008","2549298016",
"109391000006119","Teratoma of undescended testis","CAN_COD","Codes for relevant malignancies","417417007","2548377014",
"114573012","Heavy chain disease","CAN_COD","Codes for relevant malignancies","68979007","114573012",
"11902611000006112","T-cell lymphoma (clinical)","CAN_COD","Codes for relevant malignancies","109978004","202868019",
"11903941000006110","Secondary malignant neoplasm of other digestive organ","CAN_COD","Codes for relevant malignancies","128462008","151371000006112",
"11903951000006112","Secondary malignant neoplasm of other respiratory organs","CAN_COD","Codes for relevant malignancies","128462008","151391000006113",
"11903991000006118","Secondary and unspec malig neop anterior cervical LN","CAN_COD","Codes for relevant malignancies","303194003","157491000006114",
"11904011000006113","Secondary and unspec malig neop circumflex iliac LN","CAN_COD","Codes for relevant malignancies","94350006","157541000006116",
"11904021000006117","Secondary and unspec malig neop coeliac lymph nodes","CAN_COD","Codes for relevant malignancies","94347008","157551000006119",
"11904031000006119","Secondary and unspec malig neop common iliac lymph nodes","CAN_COD","Codes for relevant malignancies","94350006","157561000006117",
"11904041000006112","Secondary and unspec malig neop deep cervical LN","CAN_COD","Codes for relevant malignancies","303194003","157571000006112",
"11904051000006114","Secondary and unspec malig neop deep inguinal lymph nodes","CAN_COD","Codes for relevant malignancies","94395004","157581000006110",
"11904061000006111","Secondary and unspec malig neop deep parotid lymph nodes","CAN_COD","Codes for relevant malignancies","303194003","11904061000006111",
"11904071000006116","Secondary and unspec malig neop diaphragmatic lymph nodes","CAN_COD","Codes for relevant malignancies","94392001","157601000006117",
"11904091000006115","Secondary and unspec malig neop inferior epigastric LN","CAN_COD","Codes for relevant malignancies","94350006","157621000006110",
"11904101000006114","Secondary and unspec malig neop inferior mesenteric LN","CAN_COD","Codes for relevant malignancies","94347008","157631000006113",
"11904111000006112","Secondary and unspec malig neop inferior tracheobronchial LN","CAN_COD","Codes for relevant malignancies","94351005","11904111000006112",
"11904121000006116","Secondary and unspec malig neop infraclavicular lymph nodes","CAN_COD","Codes for relevant malignancies","94392001","157651000006118",
"11904131000006118","Secondary and unspec malig neop intercostal lymph nodes","CAN_COD","Codes for relevant malignancies","94351005","157671000006111",
"11904141000006111","Secondary and unspec malig neop internal iliac lymph nodes","CAN_COD","Codes for relevant malignancies","94350006","157681000006114",
"11904151000006113","Secondary and unspec malig neop internal mammary lymph nodes","CAN_COD","Codes for relevant malignancies","94351005","157691000006112",
"11904161000006110","Secondary and unspec malig neop obturator lymph nodes","CAN_COD","Codes for relevant malignancies","94350006","157791000006117",
"11904171000006115","Secondary and unspec malig neop of facial lymph nodes","CAN_COD","Codes for relevant malignancies","303194003","157801000006116",
"11904201000006116","Secondary and unspec malig neop pectoral lymph nodes","CAN_COD","Codes for relevant malignancies","94392001","157841000006119",
"11904211000006118","Secondary and unspec malig neop popliteal lymph nodes","CAN_COD","Codes for relevant malignancies","94395004","157851000006117",
"11904231000006112","Secondary and unspec malig neop pulmonary lymph nodes","CAN_COD","Codes for relevant malignancies","94392001","157871000006110",
"11904241000006119","Secondary and unspec malig neop sacral lymph nodes","CAN_COD","Codes for relevant malignancies","94350006","157881000006113",
"11904251000006117","Secondary and unspec malig neop submandibular lymph nodes","CAN_COD","Codes for relevant malignancies","303194003","157891000006111",
"11904261000006115","Secondary and unspec malig neop submental lymph nodes","CAN_COD","Codes for relevant malignancies","303194003","157901000006110",
"11904281000006113","Secondary and unspec malig neop superficial cervical LN","CAN_COD","Codes for relevant malignancies","303194003","157921000006117",
"11904291000006111","Secondary and unspec malig neop superficial inguinal LN","CAN_COD","Codes for relevant malignancies","94395004","157931000006119",
"11904301000006112","Secondary and unspec malig neop supratrochlear lymph nodes","CAN_COD","Codes for relevant malignancies","94398002","157951000006114",
"11904311000006110","Secondary and unspec malignant neoplasm mastoid lymph nodes","CAN_COD","Codes for relevant malignancies","303194003","157961000006111",
"11904531000006110","Rectal carcinoma","CAN_COD","Codes for relevant malignancies","254582000","379089019",
"11904891000006112","Overlapping lesion of other and unspecified parts of mouth","CAN_COD","Codes for relevant malignancies","363505006","247081000006116",
"11906781000006110","[M]Erythroleukaemia","CAN_COD","Codes for relevant malignancies","93451002","308321000006115",
"11907251000006112","[M]Idiopathic thrombocythaemia","CAN_COD","Codes for relevant malignancies","109994006","310251000006117",
"11907871000006118","Mesothelioma (malignant, clinical disorder)","CAN_COD","Codes for relevant malignancies","109378008","11907871000006118",
"11918081000006110","[X]Mal neoplasm/overlap les/periph nerv+autonomic nerv systm","CAN_COD","Codes for relevant malignancies","372063002","396111000006110",
"11918121000006112","[X]Malignant neoplasm of breast","CAN_COD","Codes for relevant malignancies","254837009","396211000006116",
"11918131000006110","[X]Malignant neoplasm of bronchus or lung, unspecified","CAN_COD","Codes for relevant malignancies","363358000","396221000006112",
"11918191000006114","Malignant tumor of male genital organ","CAN_COD","Codes for relevant malignancies","363515000","482817018",
"11918201000006112","Malignant tumor of mediastinum","CAN_COD","Codes for relevant malignancies","363494000","482775014",
"11918251000006111","[X]Malignant neoplasm-pluriglandular involvement,unspecified","CAN_COD","Codes for relevant malignancies","371982006","396461000006117",
"11918261000006113","[X]Malignant neoplasm/bones+articular cartilage/limb,unspfd","CAN_COD","Codes for relevant malignancies","443679004","396481000006110",
"11918281000006115","[X]Malignant neoplasm/overlap lesion/bone+articulr cartilage","CAN_COD","Codes for relevant malignancies","443679004","396551000006118",
"11918311000006118","[X]Malignant neoplasm/overlapping lesion/male genital organs","CAN_COD","Codes for relevant malignancies","363515000","396591000006112",
"11919601000006115","[X]Other malignant immunoproliferative diseases","CAN_COD","Codes for relevant malignancies","269475001","411571000006113",
"11919851000006115","Liver cell carcinoma","CAN_COD","Codes for relevant malignancies","109841003","342811017",
"11923481000006115","Carcinoma of rectum","CAN_COD","Codes for relevant malignancies","254582000","379088010",
"11923621000006116","Polycythemia vera (clinical)","CAN_COD","Codes for relevant malignancies","109992005","174697013",
"11925531000006118","Malignant neoplasm of ventral tongue surface NOS","CAN_COD","Codes for relevant malignancies","363375006","720321000006110",
"11925551000006113","Malignant tumor of vulva","CAN_COD","Codes for relevant malignancies","363367000","482533011",
"11925571000006115","Malignant neoplasm of trunk NOS","CAN_COD","Codes for relevant malignancies","363346000","721441000006117",
"11925581000006117","Malignant tumor of small intestine","CAN_COD","Codes for relevant malignancies","363509000","482804016",
"11925591000006119","Malignant neoplasm of stomach NOS","CAN_COD","Codes for relevant malignancies","363349007","11925591000006119",
"11925601000006110","Malignant neoplasm of supraclavicular fossa NOS","CAN_COD","Codes for relevant malignancies","255056009","722311000006118",
"11925611000006113","Malignant neoplasm of prepylorus of stomach","CAN_COD","Codes for relevant malignancies","187738005","722341000006119",
"11925631000006119","Malignant neoplasm of posterior wall of stomach NEC","CAN_COD","Codes for relevant malignancies","363349007","723101000006112",
"11925691000006115","Malignant neoplasm of lip unspecified, inner aspect","CAN_COD","Codes for relevant malignancies","363348004","724921000006119",
"11925701000006115","Malignant neoplasm of lip, unspecified, lipstick area","CAN_COD","Codes for relevant malignancies","363348004","725001000006112",
"11925731000006111","Malignant tumor of head and neck","CAN_COD","Codes for relevant malignancies","255056009","380071019",
"11925741000006118","Malignant neoplasm of inguinal region NOS","CAN_COD","Codes for relevant malignancies","363484005","725291000006113",
"11925761000006119","Malignant neoplasm of jaw NOS","CAN_COD","Codes for relevant malignancies","255056009","725441000006115",
"11925781000006112","Malignant neoplasm of flank NOS","CAN_COD","Codes for relevant malignancies","363346000","725591000006111",
"11925821000006118","Malignant neoplasm of chest wall NOS","CAN_COD","Codes for relevant malignancies","188361007","727171000006110",
"11925861000006112","Malignant neoplasm of back NOS","CAN_COD","Codes for relevant malignancies","363346000","727361000006117",
"11925871000006117","Malignant neoplasm of bone and articular cartilage NOS","CAN_COD","Codes for relevant malignancies","443679004","727461000006111",
"11925881000006119","Malignant tumor of lung","CAN_COD","Codes for relevant malignancies","363358000","482515017",
"11925901000006117","Malignant neoplasm of anterior wall of stomach NEC","CAN_COD","Codes for relevant malignancies","363349007","728021000006114",
"11925921000006110","Malignant lymphoma NOS of intra-abdominal lymph nodes","CAN_COD","Codes for relevant malignancies","118600007","728741000006116",
"11925931000006113","Malignant lymphoma NOS of intrapelvic lymph nodes","CAN_COD","Codes for relevant malignancies","118600007","728751000006119",
"11925941000006115","Malignant lymphoma NOS of intrathoracic lymph nodes","CAN_COD","Codes for relevant malignancies","118600007","728761000006117",
"11925951000006118","Malignant lymphoma NOS of lymph node inguinal region and leg","CAN_COD","Codes for relevant malignancies","118600007","728771000006112",
"11925961000006116","Malignant lymphoma NOS of lymph nodes of axilla and arm","CAN_COD","Codes for relevant malignancies","118600007","728781000006110",
"11925971000006111","Malignant lymphoma NOS of lymph nodes of head, face and neck","CAN_COD","Codes for relevant malignancies","118600007","728791000006113",
"11925981000006114","Malignant lymphoma NOS of lymph nodes of multiple sites","CAN_COD","Codes for relevant malignancies","118600007","728801000006114",
"11926001000006113","Malignant lymphoma NOS of spleen","CAN_COD","Codes for relevant malignancies","118600007","729261000006115",
"11926011000006111","Malig neop of connective and soft tissue trunk unspecified","CAN_COD","Codes for relevant malignancies","269469005","729461000006119",
"11926201000006119","Leukaemic reticuloendotheliosis of unspecified sites","CAN_COD","Codes for relevant malignancies","118613001","745061000006110",
"11926831000006111","Hodgkin's disease NOS of intra-abdominal lymph nodes","CAN_COD","Codes for relevant malignancies","118599009","826141000006119",
"11926841000006118","Hodgkin's disease NOS of intrapelvic lymph nodes","CAN_COD","Codes for relevant malignancies","118599009","826151000006117",
"11926851000006116","Hodgkin's disease NOS of intrathoracic lymph nodes","CAN_COD","Codes for relevant malignancies","118599009","826161000006115",
"11926861000006119","Hodgkin's disease NOS of lymph nodes inguinal region and leg","CAN_COD","Codes for relevant malignancies","118599009","826171000006110",
"11926871000006114","Hodgkin's disease NOS of lymph nodes of axilla and arm","CAN_COD","Codes for relevant malignancies","118599009","826181000006113",
"11926881000006112","Hodgkin's disease NOS of lymph nodes of head, face and neck","CAN_COD","Codes for relevant malignancies","118599009","826191000006111",
"11926891000006110","Hodgkin's disease NOS of lymph nodes of multiple sites","CAN_COD","Codes for relevant malignancies","118599009","826201000006114",
"11926901000006114","Hodgkin's disease NOS of spleen","CAN_COD","Codes for relevant malignancies","118599009","826211000006112",
"11926921000006116","Hodgkin's, lymphocytic-histiocytic predominance unspec site","CAN_COD","Codes for relevant malignancies","118607005","826991000006114",
"11928591000006113","Primary malignant neoplasm of descended testis","CAN_COD","Codes for relevant malignancies","109876001","343320010",
"11930251000006115","Erythroleukemia, FAB M6","CAN_COD","Codes for relevant malignancies","93451002","201659015",
"11989701000006113","Human immunodeficiency virus with secondary cancers","CAN_COD","Codes for relevant malignancies","363346000","829211000006116",
"1208876015","Malignant neoplasm of eye","CAN_COD","Codes for relevant malignancies","363461003","1208876015",
"1210553016","Malignant neoplasm of adrenal cortex","CAN_COD","Codes for relevant malignancies","371964008","1210553016",
"1210554010","Malignant neoplasm of adrenal medulla","CAN_COD","Codes for relevant malignancies","371965009","1210554010",
"1210561014","Malignant neoplasm of body of uterus","CAN_COD","Codes for relevant malignancies","371972005","1210561014",
"1210566016","Malignant neoplasm of clitoris","CAN_COD","Codes for relevant malignancies","371979001","1210566016",
"1210642019","Malignant neoplasm of female breast","CAN_COD","Codes for relevant malignancies","372064008","1210642019",
"1211679013","Reticulosarcoma","CAN_COD","Codes for relevant malignancies","373168002","1211679013",
"1215809015","Secondary malignant neoplasm of retroperitoneum","CAN_COD","Codes for relevant malignancies","94628003","1215809015",
"1215862010","Malignant neoplasm, overlapping lesion of oesophagus","CAN_COD","Codes for relevant malignancies","109835005","1215862010",
"1215905010","Burkitt's tumour","CAN_COD","Codes for relevant malignancies","118617000","1215905010",
"1216029010","[M]Erythroleukaemia","CAN_COD","Codes for relevant malignancies","93451002","154686014",
"1216076018","Ca upper third oesophagus","CAN_COD","Codes for relevant malignancies","187725002","1216076018",
"1216077010","Ca middle third oesophagus","CAN_COD","Codes for relevant malignancies","187726001","1216077010",
"1216078017","Ca lower third oesophagus","CAN_COD","Codes for relevant malignancies","187727005","1216078017",
"1216464010","Malignant neoplasm of caecum","CAN_COD","Codes for relevant malignancies","363350007","1216464010",
"1216486011","Oesophageal cancer","CAN_COD","Codes for relevant malignancies","363402007","1216486011",
"1216488012","Malignant neoplasm of oesophagus","CAN_COD","Codes for relevant malignancies","363402007","1216488012",
"1217360013","Malignant neoplasm, overlapping lesion of hypopharynx","CAN_COD","Codes for relevant malignancies","109368005","1217360013",
"1217367011","Malignant neoplasm, overlapping lesion of eye and adnexa","CAN_COD","Codes for relevant malignancies","109948008","1217367011",
"1219467016","Malignant neoplasm, overlapping lesion of nasopharynx","CAN_COD","Codes for relevant malignancies","109367000","1219467016",
"1219468014","Malignant neoplasm, overlapping lesion of larynx","CAN_COD","Codes for relevant malignancies","109369002","1219468014",
"1219531013","Malignant overlapping lesion of tongue","CAN_COD","Codes for relevant malignancies","109823006","1219531013",
"1219533011","Malignant neoplasm, overlapping lesion of floor of mouth","CAN_COD","Codes for relevant malignancies","109830000","1219533011",
"1219534017","Malignant neoplasm, overlapping lesion of stomach","CAN_COD","Codes for relevant malignancies","109836006","1219534017",
"1219535016","Malignant neoplasm, overlapping lesion of small intestine","CAN_COD","Codes for relevant malignancies","109837002","1219535016",
"1219537012","Malignant neoplasm, overlapping lesion of biliary tract","CAN_COD","Codes for relevant malignancies","109847004","1219537012",
"1219538019","Malignant neoplasm, overlapping lesion of pancreas","CAN_COD","Codes for relevant malignancies","109848009","1219538019",
"1219540012","Malignant neoplasm, overlapping lesion of penis","CAN_COD","Codes for relevant malignancies","109875002","1219540012",
"1219545019","Diffuse non-Hodgkin's immunoblastic (diffuse) lymphoma","CAN_COD","Codes for relevant malignancies","109966003","1219545019",
"1220414014","Hodgkin's disease, nodular sclerosis","CAN_COD","Codes for relevant malignancies","118608000","1220414014",
"12204961000006112","Metastatic colorectal cancer","CAN_COD","Codes for relevant malignancies","94365007","3688532010",
"1222167011","Ca cardia - stomach","CAN_COD","Codes for relevant malignancies","187732006","1222167011",
"1222168018","Ca pylorus - stomach","CAN_COD","Codes for relevant malignancies","187736009","1222168018",
"1222169014","Ca fundus - stomach","CAN_COD","Codes for relevant malignancies","187741001","1222169014",
"1222170010","Ca Body - stomach","CAN_COD","Codes for relevant malignancies","187742008","1222170010",
"1222176016","Ca larynx - supraglottis","CAN_COD","Codes for relevant malignancies","187842004","1222176016",
"1222177013","Ca ribs/sternum/clavicle","CAN_COD","Codes for relevant malignancies","187920001","1222177013",
"12222311000006112","Malignant pleural mesothelioma","CAN_COD","Codes for relevant malignancies","254645002","3672704017",
"1227295013","Multiple endocrine neoplasia syndrome type 1","CAN_COD","Codes for relevant malignancies","30664006","1227295013",
"1228493018","Malignant neoplasm of cervix uteri","CAN_COD","Codes for relevant malignancies","363354003","1228493018",
"1228504019","Malignant neoplasm of upper lip, vermilion border","CAN_COD","Codes for relevant malignancies","363372009","1228504019",
"1228506017","Malignant neoplasm of lower lip, lipstick area","CAN_COD","Codes for relevant malignancies","363373004","1228506017",
"1228509012","Malignant neoplasm of posterior third of tongue","CAN_COD","Codes for relevant malignancies","363376007","1228509012",
"1228510019","Malignant neoplasm of major salivary glands","CAN_COD","Codes for relevant malignancies","363378008","1228510019",
"1228513017","Malignant neoplasm of submandibular gland","CAN_COD","Codes for relevant malignancies","363380002","1228513017",
"1228523014","Malignant neoplasm of roof of mouth","CAN_COD","Codes for relevant malignancies","363390005","1228523014",
"1228529013","Malignant neoplasm of palatine tonsil","CAN_COD","Codes for relevant malignancies","363393007","1228529013",
"1228530015","Malignant neoplasm of faucial tonsil","CAN_COD","Codes for relevant malignancies","363393007","1228530015",
"1228532011","Malignant neoplasm of roof of nasopharynx","CAN_COD","Codes for relevant malignancies","363397008","1228532011",
"1228537017","Ca hepatic flexure - colon","CAN_COD","Codes for relevant malignancies","363407001","1228537017",
"1228538010","Ca transverse colon","CAN_COD","Codes for relevant malignancies","363408006","1228538010",
"1228539019","Ca descending colon","CAN_COD","Codes for relevant malignancies","363409003","879851000006117",
"1228540017","Ca sigmoid colon","CAN_COD","Codes for relevant malignancies","363410008","879861000006115",
"1228541018","Ca ascending colon","CAN_COD","Codes for relevant malignancies","363412000","879871000006110",
"1228542013","Ca splenic flexure - colon","CAN_COD","Codes for relevant malignancies","363413005","1228542013",
"1228543015","Ca rectosigmoid junction","CAN_COD","Codes for relevant malignancies","363414004","879901000006110",
"1228549016","Malignant neoplasm of retroperitoneum","CAN_COD","Codes for relevant malignancies","363420003","1228549016",
"1228552012","Malignant neoplasm of nasal cavities","CAN_COD","Codes for relevant malignancies","363422006","1228552012",
"1228553019","Malignant neoplasm of ethmoid sinus","CAN_COD","Codes for relevant malignancies","363426009","1228553019",
"1228557018","Ca larynx - subglottis","CAN_COD","Codes for relevant malignancies","363430007","1228557018",
"1228565015","Malignant neoplasm of soft tissue of head","CAN_COD","Codes for relevant malignancies","363439008","1228565015",
"1228566019","Malignant neoplasm of soft tissue of face","CAN_COD","Codes for relevant malignancies","363440005","1228566019",
"1228567011","Malignant neoplasm of soft tissue of neck","CAN_COD","Codes for relevant malignancies","363441009","1228567011",
"1228570010","Cancer of ovary","CAN_COD","Codes for relevant malignancies","363443007","1228570010",
"1235785014","Malignant melanoma of external surface of cheek","CAN_COD","Codes for relevant malignancies","93217003","1235785014",
"1235786010","Malignant melanoma of eyebrow","CAN_COD","Codes for relevant malignancies","93223008","1235786010",
"1235798017","Malignant melanoma of external surface of nose","CAN_COD","Codes for relevant malignancies","93643005","1235798017",
"1235814012","Secondary malignant neoplasm of bone and bone marrow","CAN_COD","Codes for relevant malignancies","94222008","1235814012",
"1235875018","Secondary malignant neoplasm of peritoneum","CAN_COD","Codes for relevant malignancies","94627008","1235875018",
"1235891015","Ca liver - primary","CAN_COD","Codes for relevant malignancies","95214007","1235891015",
"123978016","Mantle cell lymphoma","CAN_COD","Codes for relevant malignancies","443487006","2839720017",
"12450991000006117","Teratoma of descended testis","CAN_COD","Codes for relevant malignancies","417554000","109371000006115",
"12473091000006110","Malignant tumor of female genital organ","CAN_COD","Codes for relevant malignancies","363514001","482816010",
"12702541000006115","Secondary and unspec malig neop of superficial parotid LN","CAN_COD","Codes for relevant malignancies","94475009","157821000006114",
"12702551000006118","Secondary and unspec malig neop superfic tracheobronchial LN","CAN_COD","Codes for relevant malignancies","94642006","157911000006113",
"12702841000006118","[M]Wilms' tumour","CAN_COD","Codes for relevant malignancies","302849000","318211000006116",
"12704581000006119","Malignant tumour of posterior margin of nasal septum and choanae","CAN_COD","Codes for relevant malignancies","254484001","378897019",
"12704591000006116","Malignant neoplasm skin of other and unspecified parts face","CAN_COD","Codes for relevant malignancies","363346000","720521000006117",
"12704601000006112","Malignant tumour of upper labial mucosa","CAN_COD","Codes for relevant malignancies","187606005","288360011",
"12704881000006116","Hodgkin's paragranuloma","CAN_COD","Codes for relevant malignancies","118605002","826681000006115",
"12762111000006111","Malignant tumor of ureter","CAN_COD","Codes for relevant malignancies","363458004","482712016",
"12762121000006115","Malignant tumor of thyroid gland","CAN_COD","Codes for relevant malignancies","363478007","482742018",
"12762131000006117","Malignant tumor of tonsil","CAN_COD","Codes for relevant malignancies","363393007","482585013",
"12762141000006110","Malignant tumor of stomach","CAN_COD","Codes for relevant malignancies","363349007","482497012",
"12762151000006112","Malignant tumor of rectum","CAN_COD","Codes for relevant malignancies","363351006","482501019",
"12762161000006114","Malignant tumor of head of pancreas","CAN_COD","Codes for relevant malignancies","363419009","482637016",
"12762171000006119","Malignant tumor of hepatic flexure","CAN_COD","Codes for relevant malignancies","363407001","482613016",
"12762181000006116","Neoplasm of urinary system","CAN_COD","Codes for relevant malignancies","419052002","725481000006114",
"12762191000006118","Malignant tumor of gallbladder","CAN_COD","Codes for relevant malignancies","363353009","482505011",
"12762201000006115","Malignant tumor of descending colon","CAN_COD","Codes for relevant malignancies","363409003","482617015",
"12762211000006117","Malignant tumor of duodenum","CAN_COD","Codes for relevant malignancies","363403002","482605017",
"12762221000006113","Malignant tumor of base of tongue","CAN_COD","Codes for relevant malignancies","363376007","482548017",
"13031441000006113","Malignant tumor of ureter","CAN_COD","Codes for relevant malignancies","363458004","720961000006117",
"13031451000006110","Malignant tumor of thyroid gland","CAN_COD","Codes for relevant malignancies","363478007","721291000006110",
"13031461000006112","Malignant tumor of tonsil","CAN_COD","Codes for relevant malignancies","363393007","721351000006110",
"13031471000006117","Malignant tumor of stomach","CAN_COD","Codes for relevant malignancies","363349007","721851000006117",
"13031481000006119","Malignant tumor of rectum","CAN_COD","Codes for relevant malignancies","363351006","722451000006112",
"13031491000006116","Malignant tumor of head of pancreas","CAN_COD","Codes for relevant malignancies","363419009","725121000006118",
"13031501000006112","Malignant tumor of hepatic flexure","CAN_COD","Codes for relevant malignancies","363407001","725191000006116",
"13031511000006110","Malignant tumor of gallbladder","CAN_COD","Codes for relevant malignancies","363353009","725711000006113",
"13031521000006119","Malignant tumor of descending colon","CAN_COD","Codes for relevant malignancies","363409003","725951000006112",
"13031531000006116","Malignant tumor of duodenum","CAN_COD","Codes for relevant malignancies","363403002","726021000006110",
"13031541000006114","Malignant tumor of base of tongue","CAN_COD","Codes for relevant malignancies","363376007","727381000006110",
"133678011","Acute panmyelosis","CAN_COD","Codes for relevant malignancies","109991003","2532080014",
"134219012","Anaplasia of cervix","CAN_COD","Codes for relevant malignancies","80914001","134219012",
"139571000006117","Solitary myeloma","CAN_COD","Codes for relevant malignancies","415112005","2534490012",
"146651000006118","Sezary's disease","CAN_COD","Codes for relevant malignancies","118611004","2821061019",
"146721000006119","Sezary's disease of lymph nodes of inguinal region and leg","CAN_COD","Codes for relevant malignancies","188634000","289745017",
"146741000006114","Sezary's disease of spleen","CAN_COD","Codes for relevant malignancies","95263006","2817094011",
"1490770018","Ca extrahepatic bile ducts","CAN_COD","Codes for relevant malignancies","363416002","1490770018",
"1494921019","Ca larynx - glottis","CAN_COD","Codes for relevant malignancies","187841006","1494921019",
"1494922014","Ca pelvic bones/sacrum/coccyx","CAN_COD","Codes for relevant malignancies","187952001","1494922014",
"151101000006116","Secondary malig neop of large intestine or rectum NOS","CAN_COD","Codes for relevant malignancies","94365007","156249017",
"151111000006118","Secondary malig neop of respiratory and digestive systems","CAN_COD","Codes for relevant malignancies","269473008","403703010",
"151121000006114","Secondary malig neop of respiratory or digestive system NOS","CAN_COD","Codes for relevant malignancies","269473008","403703010",
"151131000006112","Secondary malig neop of retroperitoneum and peritoneum","CAN_COD","Codes for relevant malignancies","188445006","289527015",
"151141000006119","Secondary malig neop of retroperitoneum or peritoneum NOS","CAN_COD","Codes for relevant malignancies","188445006","289527015",
"151151000006117","Secondary malig neop of small intestine or duodenum NOS","CAN_COD","Codes for relevant malignancies","94580002","156781013",
"151321000006111","Secondary malignant neoplasm of large intestine and rectum","CAN_COD","Codes for relevant malignancies","94365007","156249017",
"151331000006114","Secondary malignant neoplasm of liver","CAN_COD","Codes for relevant malignancies","94381002","156291015",
"151401000006110","Secondary malignant neoplasm of other specified site NOS","CAN_COD","Codes for relevant malignancies","128462008","206784011",
"151421000006117","Secondary malignant neoplasm of other specified sites","CAN_COD","Codes for relevant malignancies","128462008","206784011",
"151621000006119","Secondary malignant neoplasm of small intestine and duodenum","CAN_COD","Codes for relevant malignancies","94580002","156781013",
"152611000006116","Secondary unspec malig neop lymph nodes head/face/neck NOS","CAN_COD","Codes for relevant malignancies","303194003","445248014",
"153380017","Carcinoma in situ of thyroid gland","CAN_COD","Codes for relevant malignancies","92767001","1235765010",
"154080016","Letterer-Siwe disease of intra-abdominal lymph nodes","CAN_COD","Codes for relevant malignancies","93133006","154080016",
"154081017","Letterer-Siwe disease of intrapelvic lymph nodes","CAN_COD","Codes for relevant malignancies","93134000","154081017",
"154082012","Letterer-Siwe disease of intrathoracic lymph nodes","CAN_COD","Codes for relevant malignancies","93135004","154082012",
"154089015","Letterer-Siwe disease of lymph nodes of multiple sites","CAN_COD","Codes for relevant malignancies","93139005","154089015",
"154090012","Letterer-Siwe disease of spleen","CAN_COD","Codes for relevant malignancies","93140007","154090012",
"154183017","Malignant histiocytosis of intra-abdominal lymph nodes","CAN_COD","Codes for relevant malignancies","93182006","154183017",
"154184011","Malignant histiocytosis of intrapelvic lymph nodes","CAN_COD","Codes for relevant malignancies","93183001","154184011",
"154185012","Malignant histiocytosis of intrathoracic lymph nodes","CAN_COD","Codes for relevant malignancies","93184007","154185012",
"154192019","Malignant histiocytosis of lymph nodes of multiple sites","CAN_COD","Codes for relevant malignancies","93188005","154192019",
"154193012","Malignant histiocytosis of spleen","CAN_COD","Codes for relevant malignancies","93189002","154193012",
"154231019","Malignant melanoma of perianal skin","CAN_COD","Codes for relevant malignancies","93209006","154231019",
"154798010","Hodgkin's disease, mixed cellularity of spleen","CAN_COD","Codes for relevant malignancies","93509007","154798010",
"154811011","Hodgkin's disease, nodular sclerosis of spleen","CAN_COD","Codes for relevant malignancies","93518009","154811011",
"154837014","Hodgkin's granuloma of intrapelvic lymph nodes","CAN_COD","Codes for relevant malignancies","93530003","154837014",
"154838016","Hodgkin's granuloma of intrathoracic lymph nodes","CAN_COD","Codes for relevant malignancies","93531004","154838016",
"154846015","Hodgkin's granuloma of spleen","CAN_COD","Codes for relevant malignancies","93536009","154846015",
"154859011","Hodgkin's paragranuloma of spleen","CAN_COD","Codes for relevant malignancies","93545005","154859011",
"154862014","Hodgkin's sarcoma of intra-abdominal lymph nodes","CAN_COD","Codes for relevant malignancies","93547002","154862014",
"154863016","Hodgkin's sarcoma of intrapelvic lymph nodes","CAN_COD","Codes for relevant malignancies","93548007","154863016",
"154864010","Hodgkin's sarcoma of intrathoracic lymph nodes","CAN_COD","Codes for relevant malignancies","93549004","154864010",
"154872012","Hodgkin's sarcoma of spleen","CAN_COD","Codes for relevant malignancies","93554008","154872012",
"155060012","Malignant melanoma of skin","CAN_COD","Codes for relevant malignancies","93655004","155060012",
"155068017","Malignant neoplasm of acromion","CAN_COD","Codes for relevant malignancies","93661001","155068017",
"155072018","Malignant neoplasm of adrenal gland","CAN_COD","Codes for relevant malignancies","363355002","482509017",
"155076015","Malignant neoplasm of anal canal","CAN_COD","Codes for relevant malignancies","363352004","482503016",
"155078019","Malignant neoplasm of anterior mediastinum","CAN_COD","Codes for relevant malignancies","449224009","2901920014",
"155085015","Malignant neoplasm of aortic body","CAN_COD","Codes for relevant malignancies","93677000","155085015",
"155089014","Malignant neoplasm of areola of female breast","CAN_COD","Codes for relevant malignancies","93680004","155089014",
"155090017","Malignant neoplasm of areola of male breast","CAN_COD","Codes for relevant malignancies","93681000","155090017",
"155155010","Malignant neoplasm of broad ligament","CAN_COD","Codes for relevant malignancies","93728003","155155010",
"155168019","Malignant neoplasm of carotid body","CAN_COD","Codes for relevant malignancies","447883002","2900052019",
"155175018","Malignant neoplasm of cerebellum","CAN_COD","Codes for relevant malignancies","449420002","2899889012",
"155191015","Malignant neoplasm of clavicle","CAN_COD","Codes for relevant malignancies","93757004","155191015",
"155193017","Malignant neoplasm of coccygeal body","CAN_COD","Codes for relevant malignancies","93759001","155193017",
"155206014","Malignant neoplasm of cuboid","CAN_COD","Codes for relevant malignancies","93769007","155206014",
"155207017","Malignant neoplasm of cystic duct","CAN_COD","Codes for relevant malignancies","93770008","155207017",
"155209019","Malignant neoplasm of diaphragm","CAN_COD","Codes for relevant malignancies","93772000","155209019",
"155211011","Malignant neoplasm of dorsal surface of tongue","CAN_COD","Codes for relevant malignancies","187633009","288413016",
"155218017","Malignant neoplasm of endocervix","CAN_COD","Codes for relevant malignancies","372097009","1210675010",
"155222010","Malignant neoplasm of epicardium","CAN_COD","Codes for relevant malignancies","93782004","155222010",
"155228014","Malignant neoplasm of ethmoid bone","CAN_COD","Codes for relevant malignancies","93786001","155228014",
"155231010","Malignant neoplasm of exocervix","CAN_COD","Codes for relevant malignancies","372099007","1210677019",
"155246015","Malignant neoplasm of femur","CAN_COD","Codes for relevant malignancies","93798006","155246015",
"155247012","Malignant neoplasm of fibula","CAN_COD","Codes for relevant malignancies","93799003","155247012",
"155259011","Malignant neoplasm of frontal bone","CAN_COD","Codes for relevant malignancies","93806005","155259011",
"155269017","Malignant neoplasm of glomus jugulare","CAN_COD","Codes for relevant malignancies","93814004","155269017",
"155272012","Malignant neoplasm of great vessels","CAN_COD","Codes for relevant malignancies","93817006","155272012",
"155287019","Malignant neoplasm of hilus of lung","CAN_COD","Codes for relevant malignancies","93827000","155287019",
"155294016","Malignant neoplasm of ilium","CAN_COD","Codes for relevant malignancies","93833009","155294016",
"155305011","Malignant neoplasm of intrahepatic bile ducts","CAN_COD","Codes for relevant malignancies","187777008","288698019",
"155308013","Malignant neoplasm of ischium","CAN_COD","Codes for relevant malignancies","93842002","155308013",
"155332018","Malignant neoplasm of lateral wall of oropharynx","CAN_COD","Codes for relevant malignancies","448868009","2901613017",
"155361017","Malignant neoplasm of main bronchus","CAN_COD","Codes for relevant malignancies","372065009","1210643012",
"155364013","Malignant neoplasm of male breast","CAN_COD","Codes for relevant malignancies","372095001","1210673015",
"155368011","Malignant neoplasm of mandible","CAN_COD","Codes for relevant malignancies","448668007","2901472014",
"155370019","Malignant neoplasm of maxilla","CAN_COD","Codes for relevant malignancies","93888008","155370019",
"155402013","Malignant neoplasm of nasal bone","CAN_COD","Codes for relevant malignancies","93916003","155402013",
"155417012","Malignant neoplasm of nipple of female breast","CAN_COD","Codes for relevant malignancies","93924008","155417012",
"155418019","Malignant neoplasm of nipple of male breast","CAN_COD","Codes for relevant malignancies","93925009","155418019",
"155421017","Malignant neoplasm of occipital bone","CAN_COD","Codes for relevant malignancies","93927001","155421017",
"155425014","Malignant neoplasm of optic nerve","CAN_COD","Codes for relevant malignancies","363498002","482783015",
"155441010","Malignant neoplasm of parametrium","CAN_COD","Codes for relevant malignancies","448674007","2901968015",
"155444019","Malignant neoplasm of parietal bone","CAN_COD","Codes for relevant malignancies","93945001","155444019",
"155446017","Malignant neoplasm of parietal peritoneum","CAN_COD","Codes for relevant malignancies","93947009","155446017",
"155447014","Malignant neoplasm of parietal pleura","CAN_COD","Codes for relevant malignancies","449067008","2901158012",
"155449012","Malignant neoplasm of patella","CAN_COD","Codes for relevant malignancies","93950007","155449012",
"155452016","Malignant neoplasm of pelvic peritoneum","CAN_COD","Codes for relevant malignancies","449377002","2901085015",
"155457010","Malignant neoplasm of periadrenal tissue","CAN_COD","Codes for relevant malignancies","93955002","155457010",
"155459013","Malignant neoplasm of pericardium","CAN_COD","Codes for relevant malignancies","93957005","155459013",
"155468010","Malignant neoplasm of placenta","CAN_COD","Codes for relevant malignancies","721567004","3325477011",
"155473016","Malignant neoplasm of posterior mediastinum","CAN_COD","Codes for relevant malignancies","448670003","2901476012",
"155477015","Malignant neoplasm of presacral region","CAN_COD","Codes for relevant malignancies","93973004","155477015",
"155479017","Malignant neoplasm of pubis","CAN_COD","Codes for relevant malignancies","93975006","155479017",
"155483017","Malignant neoplasm of radius","CAN_COD","Codes for relevant malignancies","93979000","155483017",
"155488014","Malignant neoplasm of rectum","CAN_COD","Codes for relevant malignancies","363351006","482502014",
"155495017","Malignant neoplasm of rib","CAN_COD","Codes for relevant malignancies","93990005","155495017",
"155501015","Malignant neoplasm of sacrococcygeal region","CAN_COD","Codes for relevant malignancies","93995000","155501015",
"155503017","Malignant neoplasm of scapula","CAN_COD","Codes for relevant malignancies","93997008","155503017",
"155582012","Malignant neoplasm of sphenoid bone","CAN_COD","Codes for relevant malignancies","94066004","155582012",
"155592016","Malignant neoplasm of sternum","CAN_COD","Codes for relevant malignancies","94073009","155592016",
"155604019","Malignant neoplasm of talus","CAN_COD","Codes for relevant malignancies","94083008","155604019",
"155607014","Malignant neoplasm of temporal bone","CAN_COD","Codes for relevant malignancies","94085001","155607014",
"155624015","Malignant neoplasm of tibia","CAN_COD","Codes for relevant malignancies","94099002","155624015",
"155641018","Malignant neoplasm of ulna","CAN_COD","Codes for relevant malignancies","94112009","155641018",
"155669014","Malignant neoplasm of ventral surface of tongue","CAN_COD","Codes for relevant malignancies","94134006","155669014",
"155675017","Malignant neoplasm of visceral pleura","CAN_COD","Codes for relevant malignancies","449308006","2901116014",
"155677013","Malignant neoplasm of vomer","CAN_COD","Codes for relevant malignancies","94142007","155677013",
"155681013","Malignant neoplasm of zygomatic bone","CAN_COD","Codes for relevant malignancies","94145009","155681013",
"155711012","Secondary malignant neoplasm of adrenal gland","CAN_COD","Codes for relevant malignancies","94161006","155711012",
"155773015","Secondary malignant neoplasm of bladder","CAN_COD","Codes for relevant malignancies","94186002","155773015",
"155879014","Secondary malignant neoplasm of brain","CAN_COD","Codes for relevant malignancies","94225005","155879014",
"155967013","Secondary malignant neoplasm of colon","CAN_COD","Codes for relevant malignancies","94260004","155967013",
"156007019","Secondary malignant neoplasm of duodenum","CAN_COD","Codes for relevant malignancies","94275007","156007019",
"156169017","Secondary malignant neoplasm of ileum","CAN_COD","Codes for relevant malignancies","94335002","156169017",
"156231017","Secondary malignant neoplasm of jejunum","CAN_COD","Codes for relevant malignancies","94357009","156231017",
"156237018","Secondary malignant neoplasm of kidney","CAN_COD","Codes for relevant malignancies","94360002","156237018",
"156291015","Secondary malignant neoplasm of liver","CAN_COD","Codes for relevant malignancies","94381002","156291015",
"156319016","Secondary malignant neoplasm of lung","CAN_COD","Codes for relevant malignancies","94391008","156319016",
"156375015","Secondary malignant neoplasm of mediastinum","CAN_COD","Codes for relevant malignancies","94409002","156375015",
"156493015","Secondary malignant neoplasm of ovary","CAN_COD","Codes for relevant malignancies","94455000","156493015",
"156557015","Secondary malignant neoplasm of penis","CAN_COD","Codes for relevant malignancies","94481001","156557015",
"156585018","Secondary malignant neoplasm of pleura","CAN_COD","Codes for relevant malignancies","94493005","156585018",
"156607018","Secondary malignant neoplasm of prostate","CAN_COD","Codes for relevant malignancies","94503003","156607018",
"156627017","Secondary malignant neoplasm of rectum","CAN_COD","Codes for relevant malignancies","94513006","156627017",
"156699010","Secondary malignant neoplasm of skin of breast","CAN_COD","Codes for relevant malignancies","94544002","156699010",
"156719018","Secondary malignant neoplasm of skin of face","CAN_COD","Codes for relevant malignancies","94554003","156719018",
"156747019","Secondary malignant neoplasm of skin of neck","CAN_COD","Codes for relevant malignancies","94566009","156747019",
"156765015","Secondary malignant neoplasm of skin of trunk","CAN_COD","Codes for relevant malignancies","94575006","156765015",
"156777013","Secondary malignant neoplasm of skin","CAN_COD","Codes for relevant malignancies","94579000","156777013",
"156825010","Secondary malignant neoplasm of spinal cord","CAN_COD","Codes for relevant malignancies","94600009","1235865016",
"156883018","Secondary malignant neoplasm of testis","CAN_COD","Codes for relevant malignancies","94623007","156883018",
"156919012","Secondary malignant neoplasm of tongue","CAN_COD","Codes for relevant malignancies","94638008","156919012",
"156973018","Secondary malignant neoplasm of ureter","CAN_COD","Codes for relevant malignancies","94659001","156973018",
"156977017","Secondary malignant neoplasm of urethra","CAN_COD","Codes for relevant malignancies","94661005","156977017",
"156989015","Secondary malignant neoplasm of uterus","CAN_COD","Codes for relevant malignancies","94665001","156989015",
"156997010","Secondary malignant neoplasm of vagina","CAN_COD","Codes for relevant malignancies","94668004","156997010",
"157025019","Secondary malignant neoplasm of vulva","CAN_COD","Codes for relevant malignancies","94681006","157025019",
"157071014","Mycosis fungoides of intra-abdominal lymph nodes","CAN_COD","Codes for relevant malignancies","94707004","157071014",
"157072019","Mycosis fungoides of intrapelvic lymph nodes","CAN_COD","Codes for relevant malignancies","94708009","157072019",
"157073012","Mycosis fungoides of intrathoracic lymph nodes","CAN_COD","Codes for relevant malignancies","94709001","157073012",
"157075017","Mycosis fungoides of lymph nodes of axilla and upper limb","CAN_COD","Codes for relevant malignancies","94710006","157075017",
"157081013","Mycosis fungoides of spleen","CAN_COD","Codes for relevant malignancies","94714002","157081013",
"157091019","Myeloid sarcoma","CAN_COD","Codes for relevant malignancies","94719007","157091019",
"157481000006111","Secondary and unspec malig neop ant mediastinal lymph nodes","CAN_COD","Codes for relevant malignancies","94408005","156373010",
"157491000006114","Secondary and unspec malig neop anterior cervical LN","CAN_COD","Codes for relevant malignancies","1090131000000106","2731121000000114",
"157501000006118","Secondary and unspec malig neop axilla and upper limb LN","CAN_COD","Codes for relevant malignancies","94398002","156345013",
"157511000006115","Secondary and unspec malig neop axilla and upper limb LN NOS","CAN_COD","Codes for relevant malignancies","94398002","156345013",
"157521000006111","Secondary and unspec malig neop axillary lymph nodes","CAN_COD","Codes for relevant malignancies","94181007","155759012",
"157531000006114","Secondary and unspec malig neop bronchopulmonary lymph nodes","CAN_COD","Codes for relevant malignancies","94227002","155885019",
"157541000006116","Secondary and unspec malig neop circumflex iliac LN","CAN_COD","Codes for relevant malignancies","1090211000000106","2731281000000116",
"157551000006119","Secondary and unspec malig neop coeliac lymph nodes","CAN_COD","Codes for relevant malignancies","1090191000000107","2731241000000112",
"157561000006117","Secondary and unspec malig neop common iliac lymph nodes","CAN_COD","Codes for relevant malignancies","94336001","156171017",
"157571000006112","Secondary and unspec malig neop deep cervical LN","CAN_COD","Codes for relevant malignancies","1090121000000109","2731101000000117",
"157581000006110","Secondary and unspec malig neop deep inguinal lymph nodes","CAN_COD","Codes for relevant malignancies","1090201000000109","2731261000000113",
"157591000006113","Secondary and unspec malig neop deep parotid lymph nodes","CAN_COD","Codes for relevant malignancies","94475009","156541015",
"157601000006117","Secondary and unspec malig neop diaphragmatic lymph nodes","CAN_COD","Codes for relevant malignancies","1090161000000101","2731181000000110",
"157611000006119","Secondary and unspec malig neop external iliac lymph nodes","CAN_COD","Codes for relevant malignancies","94336001","156171017",
"157621000006110","Secondary and unspec malig neop inferior epigastric LN","CAN_COD","Codes for relevant malignancies","1090181000000105","2731221000000117",
"157631000006113","Secondary and unspec malig neop inferior mesenteric LN","CAN_COD","Codes for relevant malignancies","94410007","156379014",
"157641000006115","Secondary and unspec malig neop inferior tracheobronchial LN","CAN_COD","Codes for relevant malignancies","94642006","156931014",
"157651000006118","Secondary and unspec malig neop infraclavicular lymph nodes","CAN_COD","Codes for relevant malignancies","94338000","156175014",
"157661000006116","Secondary and unspec malig neop inguinal and lower limb LN","CAN_COD","Codes for relevant malignancies","94395004","156335011",
"157671000006111","Secondary and unspec malig neop intercostal lymph nodes","CAN_COD","Codes for relevant malignancies","94344001","156191012",
"157681000006114","Secondary and unspec malig neop internal iliac lymph nodes","CAN_COD","Codes for relevant malignancies","1090221000000100","2731301000000115",
"157686016","Nodular lymphoma of intra-abdominal lymph nodes","CAN_COD","Codes for relevant malignancies","95186006","157686016",
"157687013","Nodular lymphoma of intrapelvic lymph nodes","CAN_COD","Codes for relevant malignancies","95187002","157687013",
"157688015","Nodular lymphoma of intrathoracic lymph nodes","CAN_COD","Codes for relevant malignancies","95188007","157688015",
"157691000006112","Secondary and unspec malig neop internal mammary lymph nodes","CAN_COD","Codes for relevant malignancies","1090091000000108","2731041000000115",
"157692010","Nodular lymphoma of lymph nodes of multiple sites","CAN_COD","Codes for relevant malignancies","95192000","157692010",
"157693017","Nodular lymphoma of spleen","CAN_COD","Codes for relevant malignancies","95193005","157693017",
"157701000006112","Secondary and unspec malig neop intra-abdominal LN NOS","CAN_COD","Codes for relevant malignancies","94347008","156199014",
"157711000006110","Secondary and unspec malig neop intra-abdominal lymph nodes","CAN_COD","Codes for relevant malignancies","94347008","156199014",
"157721000006119","Secondary and unspec malig neop intrapelvic LN NOS","CAN_COD","Codes for relevant malignancies","94350006","156209013",
"157731000006116","Secondary and unspec malig neop intrapelvic lymph nodes","CAN_COD","Codes for relevant malignancies","94350006","156209013",
"157732017","Primary malignant neoplasm of liver","CAN_COD","Codes for relevant malignancies","95214007","157732017",
"157741000006114","Secondary and unspec malig neop intrathoracic LN NOS","CAN_COD","Codes for relevant malignancies","94351005","156213018",
"157745018","Reticulosarcoma of intra-abdominal lymph nodes","CAN_COD","Codes for relevant malignancies","95224004","157745018",
"157746017","Reticulosarcoma of intrapelvic lymph nodes","CAN_COD","Codes for relevant malignancies","95225003","157746017",
"157747014","Reticulosarcoma of intrathoracic lymph nodes","CAN_COD","Codes for relevant malignancies","95226002","157747014",
"157751000006111","Secondary and unspec malig neop intrathoracic lymph nodes","CAN_COD","Codes for relevant malignancies","94351005","156213018",
"157751011","Reticulosarcoma of lymph nodes of multiple sites","CAN_COD","Codes for relevant malignancies","95230004","157751011",
"157752016","Reticulosarcoma of spleen","CAN_COD","Codes for relevant malignancies","95231000","157752016",
"157761000006113","Secondary and unspec malig neop lymph nodes head/face/neck","CAN_COD","Codes for relevant malignancies","303194003","445248014",
"157771000006118","Secondary and unspec malig neop lymph nodes multiple sites","CAN_COD","Codes for relevant malignancies","303201005","445249018",
"157781000006115","Secondary and unspec malig neop lymph nodes NOS","CAN_COD","Codes for relevant malignancies","94392001","156323012",
"157791000006117","Secondary and unspec malig neop obturator lymph nodes","CAN_COD","Codes for relevant malignancies","94446003","156473011",
"157801000006116","Secondary and unspec malig neop of facial lymph nodes","CAN_COD","Codes for relevant malignancies","94393006","156327013",
"157811000006118","Secondary and unspec malig neop of inguinal and leg LN NOS","CAN_COD","Codes for relevant malignancies","94395004","156335011",
"157821000006114","Secondary and unspec malig neop of superficial parotid LN","CAN_COD","Codes for relevant malignancies","94475009","156541015",
"157831000006112","Secondary and unspec malig neop paratracheal lymph nodes","CAN_COD","Codes for relevant malignancies","1090081000000106","2731021000000110",
"157841000006119","Secondary and unspec malig neop pectoral lymph nodes","CAN_COD","Codes for relevant malignancies","94477001","156545012",
"157851000006117","Secondary and unspec malig neop popliteal lymph nodes","CAN_COD","Codes for relevant malignancies","94494004","156589012",
"157861000006115","Secondary and unspec malig neop post mediastinal lymph nodes","CAN_COD","Codes for relevant malignancies","94408005","156373010",
"157871000006110","Secondary and unspec malig neop pulmonary lymph nodes","CAN_COD","Codes for relevant malignancies","94227002","155885019",
"157881000006113","Secondary and unspec malig neop sacral lymph nodes","CAN_COD","Codes for relevant malignancies","1090171000000108","2731201000000114",
"157891000006111","Secondary and unspec malig neop submandibular lymph nodes","CAN_COD","Codes for relevant malignancies","94609005","156851012",
"157901000006110","Secondary and unspec malig neop submental lymph nodes","CAN_COD","Codes for relevant malignancies","94611001","156855015",
"157911000006113","Secondary and unspec malig neop superfic tracheobronchial LN","CAN_COD","Codes for relevant malignancies","94642006","156931014",
"157921000006117","Secondary and unspec malig neop superficial cervical LN","CAN_COD","Codes for relevant malignancies","1090141000000102","2731141000000119",
"157931000006119","Secondary and unspec malig neop superficial inguinal LN","CAN_COD","Codes for relevant malignancies","94612008","156857011",
"157941000006112","Secondary and unspec malig neop superficial mesenteric LN","CAN_COD","Codes for relevant malignancies","94410007","156379014",
"157951000006114","Secondary and unspec malig neop supratrochlear lymph nodes","CAN_COD","Codes for relevant malignancies","1090101000000100","2731061000000119",
"157961000006111","Secondary and unspec malignant neoplasm mastoid lymph nodes","CAN_COD","Codes for relevant malignancies","1090151000000104","2731161000000118",
"157971000006116","Secondary and unspec malignant neoplasm occipital lymph node","CAN_COD","Codes for relevant malignancies","94449005","156479010",
"1591211000006111","Hairy cell leukaemia","CAN_COD","Codes for relevant malignancies","118613001","2764402015",
"1668101000000112","Diffuse non-Hodgkin's large cell lymphoma","CAN_COD","Codes for relevant malignancies","109969005","1668101000000112",
"1694781000006115","Malignant melanoma of choroid","CAN_COD","Codes for relevant malignancies","255021005","379994016",
"169581000006112","Reticulosarcoma - follicular or nodular","CAN_COD","Codes for relevant malignancies","269476000","403709014",
"169651000006115","Reticulosarcoma of lymph nodes of inguinal region and leg","CAN_COD","Codes for relevant malignancies","188493000","289586010",
"1697891000006116","Malignant melanoma of iris","CAN_COD","Codes for relevant malignancies","255012009","379985010",
"173816012","Overlapping malignant melanoma of skin","CAN_COD","Codes for relevant malignancies","109267002","173816012",
"173941016","Mesothelioma of pericardium","CAN_COD","Codes for relevant malignancies","109383000","173941016",
"173944012","Kaposi's sarcoma of skin","CAN_COD","Codes for relevant malignancies","109386008","173944012",
"173946014","Kaposi's sarcoma of palate","CAN_COD","Codes for relevant malignancies","109388009","173946014",
"173950019","Kaposi's sarcoma of lymph nodes","CAN_COD","Codes for relevant malignancies","109391009","173950019",
"174518012","Malignant neoplasm of cloacogenic zone","CAN_COD","Codes for relevant malignancies","363491008","482769017",
"174532014","Mesothelioma of peritoneum","CAN_COD","Codes for relevant malignancies","109853004","174532014",
"174562015","Malignant neoplasm of descended testis","CAN_COD","Codes for relevant malignancies","109876001","174562015",
"177051000006111","Renal malignant neoplasm","CAN_COD","Codes for relevant malignancies","363518003","482823011",
"1772971000006112","Carcinoid tumour of lung","CAN_COD","Codes for relevant malignancies","254627002","379173015",
"1773111000006111","Primary malignant neoplasm of lung","CAN_COD","Codes for relevant malignancies","93880001","510792012",
"1773121000006115","Small cell lung cancer","CAN_COD","Codes for relevant malignancies","254632001","379181019",
"1773131000006117","Non-small cell lung cancer","CAN_COD","Codes for relevant malignancies","254637007","379195016",
"1773141000006110","Squamous cell carcinoma of lung","CAN_COD","Codes for relevant malignancies","254634000","379184010",
"1773151000006112","Adenocarcinoma of lung","CAN_COD","Codes for relevant malignancies","254626006","379172013",
"1773161000006114","Large cell carcinoma of lung","CAN_COD","Codes for relevant malignancies","254629004","379176011",
"1786811017","Malignant neoplasm of urinary bladder","CAN_COD","Codes for relevant malignancies","399326009","1786811017",
"179151000006119","Refractory anaemia with excess of blasts with transformation","CAN_COD","Codes for relevant malignancies","110000005","202883012",
"179181000006110","Refractory anaemia, unspecified","CAN_COD","Codes for relevant malignancies","109996008","202875018",
"1803771000006112","Local recurrence of malignant tumour of urinary bladder","CAN_COD","Codes for relevant malignancies","314968009","1803771000006112",
"1803781000006110","Local recurrence of malignant tumour of breast","CAN_COD","Codes for relevant malignancies","314955001","1803781000006110",
"1814931000006110","HIV disease resulting in Kaposi sarcoma","CAN_COD","Codes for relevant malignancies","420524008","2614767011",
"1814951000006115","HIV disease resulting in other types of non-Hodgkin lymphoma","CAN_COD","Codes for relevant malignancies","442537007","2816358010",
"1815001000006119","[X]HIV disease resulting in other non-Hodgkin lymphoma","CAN_COD","Codes for relevant malignancies","442537007","2816358010",
"1815011000006116","Secondary malignant neoplasm of liver intrahepatic bile duct","CAN_COD","Codes for relevant malignancies","813671000000107","2121471000000111",
"1815031000006110","Hodgkin lymphoma","CAN_COD","Codes for relevant malignancies","118599009","2663473018",
"1815051000006115","Nodular sclerosis classical Hodgkin lymphoma","CAN_COD","Codes for relevant malignancies","118608000","1220414014",
"1815061000006118","Mixed cellularity classical Hodgkin lymphoma","CAN_COD","Codes for relevant malignancies","118609008","2663461018",
"1815071000006113","Lymphocyte depleted classical Hodgkin lymphoma","CAN_COD","Codes for relevant malignancies","118610003","2663187010",
"1815091000006114","Other classical Hodgkin lymphoma","CAN_COD","Codes for relevant malignancies","118599009","2663473018",
"1815101000006115","Hodgkin lymphoma NOS","CAN_COD","Codes for relevant malignancies","118599009","177017015",
"1815131000006111","Extranod marg zone B-cell lymphom mucosa-assoc lymphoid tiss","CAN_COD","Codes for relevant malignancies","445269007","2913563017",
"1815151000006116","Follicular lymphoma","CAN_COD","Codes for relevant malignancies","308121000","451429010",
"1815161000006119","Follicular lymphoma grade 1","CAN_COD","Codes for relevant malignancies","847481000000109","2197241000000116",
"1815171000006114","Follicular lymphoma grade 2","CAN_COD","Codes for relevant malignancies","847631000000107","2197621000000114",
"1815181000006112","Follicular lymphoma grade 3","CAN_COD","Codes for relevant malignancies","847651000000100","2197671000000113",
"1815221000006115","Cutaneous follicle centre lymphoma","CAN_COD","Codes for relevant malignancies","1091861000000100","2734771000000114",
"1815231000006117","Other types of follicular lymphoma","CAN_COD","Codes for relevant malignancies","308121000","451429010",
"1815241000006110","Multifocal multisystemic dissem Langerhans-cell histiocytosi","CAN_COD","Codes for relevant malignancies","118614007","177033017",
"1815251000006112","Sarcoma of dendritic cells","CAN_COD","Codes for relevant malignancies","446643000","3036602014",
"1815261000006114","Multifocal and unisystemic Langerhans-cell histiocytosis","CAN_COD","Codes for relevant malignancies","65399007","199591010",
"1815301000006117","Mature T/NK-cell lymphoma","CAN_COD","Codes for relevant malignancies","277613000","414240018",
"1815321000006110","Anaplastic large cell lymphoma, ALK-negative","CAN_COD","Codes for relevant malignancies","448212009","2900730018",
"1815331000006113","Cutaneous T-cell lymphoma","CAN_COD","Codes for relevant malignancies","400122007","1787104010",
"1815371000006111","Enteropathy-type (intestinal) T-cell lymphoma","CAN_COD","Codes for relevant malignancies","277654008","414298014",
"1815391000006112","Subcutaneous panniculitic T-cell lymphoma","CAN_COD","Codes for relevant malignancies","404133000","2872133010",
"1815401000006114","Blastic NK-cell lymphoma","CAN_COD","Codes for relevant malignancies","445105005","2872334012",
"1815421000006116","Primary cutaneous CD30-positive T-cell proliferations","CAN_COD","Codes for relevant malignancies","128875000","207526015",
"1815431000006118","Other mature T/NK-cell lymphoma","CAN_COD","Codes for relevant malignancies","277613000","414240018",
"1815451000006113","Nonfollicular lymphoma","CAN_COD","Codes for relevant malignancies","109962001","2900154016",
"1815461000006110","Small cell B-cell lymphoma","CAN_COD","Codes for relevant malignancies","277615007","414243016",
"1815491000006119","Other non-follicular lymphoma","CAN_COD","Codes for relevant malignancies","118601006","2168861000000117",
"1815601000006111","Adult T-cell lymphoma/leukaemia (HTLV-1-associated)","CAN_COD","Codes for relevant malignancies","110007008","345042017",
"1815631000006115","Chronic myeloid leukaemia, BCR/ABL positive","CAN_COD","Codes for relevant malignancies","449108003","2901809010",
"1815651000006110","Acute myeloblastic leukaemia","CAN_COD","Codes for relevant malignancies","91861009","2536482014",
"1815751000006117","Refractory anaemia without ring sideroblasts","CAN_COD","Codes for relevant malignancies","189509003","291252015",
"1815761000006115","Refractory anaemia with ring sideroblasts","CAN_COD","Codes for relevant malignancies","109998009","2771764017",
"1815791000006111","Myelodysplastic syndrome isolated del(5q) chromosomal abnorm","CAN_COD","Codes for relevant malignancies","277597005","2872270013",
"18484012","Solitary plasmacytoma","CAN_COD","Codes for relevant malignancies","415112005","2537380010",
"186311000006115","Refractory anaemia with excess of blasts","CAN_COD","Codes for relevant malignancies","398623004","1783650013",
"1908611000006111","Stewart-Treves syndrome","CAN_COD","Codes for relevant malignancies","62497000","103875012",
"198006010","Diffuse large B-cell lymphoma","CAN_COD","Codes for relevant malignancies","847741000000106","2197851000000117",
"201612010","Acute myeloid leukaemia","CAN_COD","Codes for relevant malignancies","91861009","201612010",
"201652012","Chronic lymphoid leukaemia","CAN_COD","Codes for relevant malignancies","92814006","201652012",
"201656010","Chronic myeloid leukaemia","CAN_COD","Codes for relevant malignancies","92818009","201656010",
"201658011","Di Guglielmo's disease","CAN_COD","Codes for relevant malignancies","93451002","154686014",
"201743012","Plasma cell leukaemia","CAN_COD","Codes for relevant malignancies","95210003","201743012",
"202801000006110","Prolymphocytic leukaemia","CAN_COD","Codes for relevant malignancies","110006004","2765132011",
"206411000006114","Primary thrombocythaemia","CAN_COD","Codes for relevant malignancies","109994006","1476449014",
"207325017","T/NK-cell lymphoma","CAN_COD","Codes for relevant malignancies","109978004","344696012",
"2124491000000113","Follicular lymphoma grade 3a","CAN_COD","Codes for relevant malignancies","847691000000108","2197741000000110",
"2124511000000117","Follicular lymphoma grade 3b","CAN_COD","Codes for relevant malignancies","847701000000108","2197761000000111",
"2124991000000117","Acute myeloid leukaemia with 11q23 abnormality","CAN_COD","Codes for relevant malignancies","815361000000107","2124991000000117",
"2137201000000112","Refractory anaemia with multilineage dysplasia","CAN_COD","Codes for relevant malignancies","820601000000103","2137201000000112",
"216227011","Pathological fracture due to metastatic bone disease","CAN_COD","Codes for relevant malignancies","134421000","216227011",
"2164653019","Osteosarcoma","CAN_COD","Codes for relevant malignancies","307576001","2164653019",
"2168331000000117","HIV disease resulting in Burkitt lymphoma","CAN_COD","Codes for relevant malignancies","713897006","3297968018",
"2168431000000112","Nodular lymphocyte predominant Hodgkin lymphoma","CAN_COD","Codes for relevant malignancies","118605002","177024019",
"2168481000000111","Unifocal Langerhans-cell histiocytosis","CAN_COD","Codes for relevant malignancies","129000002","2168481000000111",
"2168491000000113","Anaplastic large cell lymphoma, ALK-positive","CAN_COD","Codes for relevant malignancies","738770003","3533524018",
"2168661000000116","Prolymphocytic leukaemia of T-cell type","CAN_COD","Codes for relevant malignancies","277567002","3035918013",
"2168671000000111","Prolymphocytic leukaemia of B-cell type","CAN_COD","Codes for relevant malignancies","277619001","2168671000000111",
"2168681000000113","Chronic lymphocytic leukaemia of B-cell type","CAN_COD","Codes for relevant malignancies","277473004","2168681000000113",
"2168691000000110","Lymphoblastic (diffuse) lymphoma","CAN_COD","Codes for relevant malignancies","109965004","2168691000000110",
"2168831000000110","Sezary disease","CAN_COD","Codes for relevant malignancies","118611004","2168831000000110",
"2168841000000118","Waldenstrom macroglobulinaemia","CAN_COD","Codes for relevant malignancies","190818004","2168841000000118",
"2168861000000117","Non-follicular lymphoma","CAN_COD","Codes for relevant malignancies","118601006","2168861000000117",
"220511000006117","Poikiloderma vasculare atrophicans","CAN_COD","Codes for relevant malignancies","16341002","1784765014",
"2233381000000115","Clinical stage A chronic lymphocytic leukaemia","CAN_COD","Codes for relevant malignancies","863741000000108","2233381000000115",
"2233421000000112","Clinical stage B chronic lymphocytic leukaemia","CAN_COD","Codes for relevant malignancies","863761000000109","2233421000000112",
"2233461000000116","Clinical stage C chronic lymphocytic leukaemia","CAN_COD","Codes for relevant malignancies","863781000000100","2233461000000116",
"225051000006119","Plasmacytoma NOS","CAN_COD","Codes for relevant malignancies","415112005","2534490012",
"2280371000000117","Bowel scope (flexible sigmoidoscopy) screen: cancer detected","CAN_COD","Codes for relevant malignancies","884601000000103","2280371000000117",
"2438511000000112","Malignant melanoma stage IA","CAN_COD","Codes for relevant malignancies","956331000000107","2438511000000112",
"2438551000000111","Malignant melanoma stage IB","CAN_COD","Codes for relevant malignancies","956351000000100","2438551000000111",
"2438591000000115","Malignant melanoma stage IIA","CAN_COD","Codes for relevant malignancies","956371000000109","2438591000000115",
"2438631000000115","Malignant melanoma stage IIB","CAN_COD","Codes for relevant malignancies","956391000000108","2438631000000115",
"2438671000000118","Malignant melanoma stage IIC","CAN_COD","Codes for relevant malignancies","956411000000108","2438671000000118",
"2438711000000117","Malignant melanoma stage IIIA","CAN_COD","Codes for relevant malignancies","956431000000100","2438711000000117",
"2438751000000118","Malignant melanoma stage IIIB","CAN_COD","Codes for relevant malignancies","956451000000107","2438751000000118",
"2438791000000114","Malignant melanoma stage IIIC","CAN_COD","Codes for relevant malignancies","956471000000103","2438791000000114",
"2438871000000117","Malignant melanoma stage IV M1a","CAN_COD","Codes for relevant malignancies","956511000000107","2438871000000117",
"2438911000000115","Malignant melanoma stage IV M1b","CAN_COD","Codes for relevant malignancies","956531000000104","2438911000000115",
"2438951000000116","Malignant melanoma stage IV M1c","CAN_COD","Codes for relevant malignancies","956551000000106","2438951000000116",
"247091000006118","Overlapping malign lesion of retroperitoneum and peritoneum","CAN_COD","Codes for relevant malignancies","187807003","288746011",
"2475562018","Malignant neoplasm of interlobular biliary canals","CAN_COD","Codes for relevant malignancies","187776004","2475562018",
"2475564017","Malignant neoplasm of turbinate","CAN_COD","Codes for relevant malignancies","187830009","2475564017",
"2475984012","Malignant neoplasm of palatoglossal arch","CAN_COD","Codes for relevant malignancies","254459004","2475984012",
"2532080014","Acute panmyelosis with myelofibrosis","CAN_COD","Codes for relevant malignancies","109991003","2532080014",
"2532159017","Extramedullary plasmacytoma","CAN_COD","Codes for relevant malignancies","188718006","2532159017",
"2534415018","Acute monocytic leukaemia","CAN_COD","Codes for relevant malignancies","413441006","2534415018",
"2534467019","Extranodal NK/T-cell lymphoma, nasal type","CAN_COD","Codes for relevant malignancies","414166008","2534467019",
"2534468012","Angioimmunoblastic T-cell lymphoma","CAN_COD","Codes for relevant malignancies","1090241000000107","2731341000000117",
"2535663016","Primary polycythaemia","CAN_COD","Codes for relevant malignancies","109992005","2535663016",
"2535665011","Essential thrombocytosis","CAN_COD","Codes for relevant malignancies","109994006","2535665011",
"2535666012","Idiopathic thrombocythaemia","CAN_COD","Codes for relevant malignancies","109994006","2535666012",
"2535668013","Refractory anaemia with sideroblasts","CAN_COD","Codes for relevant malignancies","109998009","2535668013",
"2549374014","Malignant sacral teratoma","CAN_COD","Codes for relevant malignancies","416842003","2549374014",
"2553798019","Trophoblastic disease","CAN_COD","Codes for relevant malignancies","416402001","2548913011",
"2553899015","Invasive mole - placenta","CAN_COD","Codes for relevant malignancies","416669000","2553899015",
"2619456011","Malignant neoplasm of intrahepatic biliary passages","CAN_COD","Codes for relevant malignancies","187777008","2619456011",
"2645960018","Myeloproliferative disorder","CAN_COD","Codes for relevant malignancies","425333006","2645960018",
"2659693012","Gamma heavy chain disease","CAN_COD","Codes for relevant malignancies","109984001","2659693012",
"2659756011","Peripheral T-cell lymphoma","CAN_COD","Codes for relevant malignancies","109977009","2659756011",
"2659763011","Alpha heavy chain disease","CAN_COD","Codes for relevant malignancies","109982002","2659763011",
"2659772015","Histiocytic sarcoma","CAN_COD","Codes for relevant malignancies","109988003","2659772015",
"2663187010","Hodgkin's disease, lymphocytic depletion","CAN_COD","Codes for relevant malignancies","118610003","2663187010",
"2663190016","Burkitt's lymphoma","CAN_COD","Codes for relevant malignancies","118617000","2663190016",
"2663191017","Mycosis fungoides","CAN_COD","Codes for relevant malignancies","118618005","2663191017",
"2663376010","Hodgkin's sarcoma","CAN_COD","Codes for relevant malignancies","118606001","2663376010",
"2663377018","Hodgkin lymphoma, lymphocyte-rich","CAN_COD","Codes for relevant malignancies","118607005","2663377018",
"2663461018","Hodgkin's disease, mixed cellularity","CAN_COD","Codes for relevant malignancies","118609008","2663461018",
"2663473018","Hodgkin's disease","CAN_COD","Codes for relevant malignancies","118599009","2663473018",
"2663476014","Hodgkin's granuloma","CAN_COD","Codes for relevant malignancies","118602004","2663476014",
"2692069010","Malignant neoplasm of brain","CAN_COD","Codes for relevant malignancies","428061005","2692069010",
"2731021000000110","Secondary malignant neoplasm of paratracheal lymph nodes","CAN_COD","Codes for relevant malignancies","1090081000000106","2731021000000110",
"2731341000000117","Angioimmunoblastic T-cell lymphoma with dysproteinaemia","CAN_COD","Codes for relevant malignancies","1090241000000107","2731341000000117",
"2734791000000113","Cutaneous follicle centre lymphoma","CAN_COD","Codes for relevant malignancies","1091861000000100","2734791000000113",
"2759071000006116","Parapsoriasis lichenoides","CAN_COD","Codes for relevant malignancies","16341002","27665019",
"2759081000006118","Parapsoriasis variegata","CAN_COD","Codes for relevant malignancies","16341002","27667010",
"2759091000006115","Poikilodermic parapsoriasis","CAN_COD","Codes for relevant malignancies","16341002","27668017",
"2759101000006114","Poikiloderma atrophicans vasculare","CAN_COD","Codes for relevant malignancies","16341002","27669013",
"2839871014","Non-Hodgkin lymphoma","CAN_COD","Codes for relevant malignancies","118601006","2663475013",
"287014015","Human immunodeficiency virus with secondary cancers","CAN_COD","Codes for relevant malignancies","713572001","3290189011",
"287029018","HIV disease resulting in Burkitt's lymphoma","CAN_COD","Codes for relevant malignancies","713897006","3297968018",
"287031010","HIV disease resulting in multiple malignant neoplasms","CAN_COD","Codes for relevant malignancies","713572001","3290189011",
"2870704010","Osteomyelofibrosis","CAN_COD","Codes for relevant malignancies","307651005","2870704010",
"2870724014","Lymphocyte-rich classical Hodgkin lymphoma","CAN_COD","Codes for relevant malignancies","118607005","2870724014",
"2870725010","Mediastinal (thymic) large B-cell lymphoma","CAN_COD","Codes for relevant malignancies","444910004","2870725010",
"2871720012","Juvenile myelomonocytic leukaemia","CAN_COD","Codes for relevant malignancies","445227008","2871720012",
"2872133010","Subcutaneous panniculitis-like T-cell lymphoma","CAN_COD","Codes for relevant malignancies","404133000","2872133010",
"2872264019","Acute myeloid leukaemia with multilineage dysplasia","CAN_COD","Codes for relevant malignancies","445448008","2872264019",
"2872268016","5q minus syndrome","CAN_COD","Codes for relevant malignancies","277597005","2872268016",
"2872841013","Hepatosplenic T-cell lymphoma","CAN_COD","Codes for relevant malignancies","445406001","2872841013",
"2872860018","Mature B-cell leukaemia Burkitt-type","CAN_COD","Codes for relevant malignancies","277571004","2872860018",
"288182013","[X]HIV disease resulting in other non-Hodgkin's lymphoma","CAN_COD","Codes for relevant malignancies","442537007","2816358010",
"288185010","[X]HIV disease resulting in other malignant neoplasms","CAN_COD","Codes for relevant malignancies","713572001","3290189011",
"288350019","Malignant neoplasm of upper lip, lipstick area","CAN_COD","Codes for relevant malignancies","187601000","288350019",
"288351015","Malignant neoplasm of upper lip, vermilion border NOS","CAN_COD","Codes for relevant malignancies","363372009","482541011",
"288354011","Malignant neoplasm of lower lip, external","CAN_COD","Codes for relevant malignancies","187604008","288354011",
"288355012","Malignant neoplasm of lower lip, vermilion border NOS","CAN_COD","Codes for relevant malignancies","363373004","482542016",
"288362015","Malignant neoplasm of upper lip, oral aspect","CAN_COD","Codes for relevant malignancies","187606005","288362015",
"288363013","Malignant neoplasm of upper lip, inner aspect","CAN_COD","Codes for relevant malignancies","187606005","288363013",
"288364019","Malignant neoplasm of upper lip, mucosa","CAN_COD","Codes for relevant malignancies","187606005","288364019",
"288372017","Malignant neoplasm of upper lip, frenulum","CAN_COD","Codes for relevant malignancies","187608006","288372017",
"288377011","Malignant neoplasm of upper lip, inner aspect NOS","CAN_COD","Codes for relevant malignancies","187606005","288356013",
"288380012","Malignant neoplasm of lower lip, buccal aspect","CAN_COD","Codes for relevant malignancies","187613005","288380012",
"288382016","Malignant neoplasm of lower lip, frenulum","CAN_COD","Codes for relevant malignancies","187614004","288382016",
"288387010","Malignant neoplasm of lower lip, inner aspect NOS","CAN_COD","Codes for relevant malignancies","271568003","406398015",
"288388017","Malignant neoplasm of lip unspecified, inner aspect","CAN_COD","Codes for relevant malignancies","187622006","288402019",
"288390016","Malignant neoplasm of lip unspecified, frenulum","CAN_COD","Codes for relevant malignancies","302815008","444721015",
"288391017","Malignant neoplasm of lip unspecified, mucosa","CAN_COD","Codes for relevant malignancies","187622006","288392012",
"288393019","Malignant neoplasm of lip, oral aspect","CAN_COD","Codes for relevant malignancies","187622006","288393019",
"288403012","Malignant neoplasm of lip, inner aspect NOS","CAN_COD","Codes for relevant malignancies","187622006","288392012",
"288404018","Malignant neoplasm of overlapping lesion of lip","CAN_COD","Codes for relevant malignancies","187624007","288404018",
"288406016","Malignant neoplasm of other sites of lip","CAN_COD","Codes for relevant malignancies","363348004","482495016",
"288407013","Malignant neoplasm of vermilion border of lip unspecified","CAN_COD","Codes for relevant malignancies","421249001","2618242015",
"288408015","Malignant neoplasm of lip, unspecified, external","CAN_COD","Codes for relevant malignancies","363348004","482495016",
"288409011","Malignant neoplasm of lip, unspecified, lipstick area","CAN_COD","Codes for relevant malignancies","275399006","411376018",
"288410018","Malignant neoplasm of lip, vermilion border NOS","CAN_COD","Codes for relevant malignancies","421249001","2618242015",
"288411019","Malignant neoplasm of base of tongue dorsal surface","CAN_COD","Codes for relevant malignancies","187631006","288411019",
"288412014","Malignant neoplasm of fixed part of tongue NOS","CAN_COD","Codes for relevant malignancies","363376007","482548017",
"288414010","Malignant neoplasm of anterior 2/3 of tongue dorsal surface","CAN_COD","Codes for relevant malignancies","187634003","288414010",
"288417015","Malignant neoplasm of midline of tongue","CAN_COD","Codes for relevant malignancies","187635002","288417015",
"288418013","Malignant neoplasm of dorsum of tongue NOS","CAN_COD","Codes for relevant malignancies","187633009","288413016",
"288419017","Malignant neoplasm of tongue, tip and lateral border","CAN_COD","Codes for relevant malignancies","187637005","288419017",
"288423013","Malignant neoplasm of anterior 2/3 of tongue ventral surface","CAN_COD","Codes for relevant malignancies","187640005","288423013",
"288427014","Malignant neoplasm of frenulum linguae","CAN_COD","Codes for relevant malignancies","187641009","288427014",
"288429012","Malignant neoplasm of ventral tongue surface NOS","CAN_COD","Codes for relevant malignancies","1090271000000101","2731401000000113",
"288430019","Malignant neoplasm of anterior 2/3 of tongue unspecified","CAN_COD","Codes for relevant malignancies","363360003","482519011",
"288433017","Malignant neoplasm of tongue, junctional zone","CAN_COD","Codes for relevant malignancies","187644001","288433017",
"288434011","Malignant neoplasm of other sites of tongue","CAN_COD","Codes for relevant malignancies","363375006","482546018",
"288435012","Malignant neoplasm of tongue NOS","CAN_COD","Codes for relevant malignancies","363375006","482546018",
"288437016","Malignant neoplasm of other major salivary glands","CAN_COD","Codes for relevant malignancies","363378008","482552017",
"288438014","Malignant neoplasm of major salivary gland NOS","CAN_COD","Codes for relevant malignancies","363378008","482553010",
"288439018","Malignant neoplasm of other sites of gum","CAN_COD","Codes for relevant malignancies","363382005","482560016",
"288440016","Malignant neoplasm of gum NOS","CAN_COD","Codes for relevant malignancies","363382005","482560016",
"288443019","Malignant neoplasm of anterior portion of floor of mouth","CAN_COD","Codes for relevant malignancies","187652003","288443019",
"288444013","Malignant neoplasm of lateral portion of floor of mouth","CAN_COD","Codes for relevant malignancies","187653008","288444013",
"288448011","Malignant neoplasm of other sites of floor of mouth","CAN_COD","Codes for relevant malignancies","363385007","482569015",
"288449015","Malignant neoplasm of floor of mouth NOS","CAN_COD","Codes for relevant malignancies","363385007","482570019",
"288450015","Malignant neoplasm of other and unspecified parts of mouth","CAN_COD","Codes for relevant malignancies","363505006","482796019",
"288453018","Malignant neoplasm of vestibule of mouth","CAN_COD","Codes for relevant malignancies","187658004","288453018",
"288454012","Malignant neoplasm of upper buccal sulcus","CAN_COD","Codes for relevant malignancies","187659007","288454012",
"288459019","Malignant neoplasm of lower buccal sulcus","CAN_COD","Codes for relevant malignancies","187660002","288459019",
"288460012","Malignant neoplasm of upper labial sulcus","CAN_COD","Codes for relevant malignancies","187661003","288460012",
"288465019","Malignant neoplasm of lower labial sulcus","CAN_COD","Codes for relevant malignancies","187662005","288465019",
"288468017","Malignant neoplasm of vestibule of mouth NOS","CAN_COD","Codes for relevant malignancies","187658004","288451016",
"288469013","Malignant neoplasm of palate unspecified","CAN_COD","Codes for relevant malignancies","363390005","482579018",
"288470014","Malignant neoplasm of junction of hard and soft palate","CAN_COD","Codes for relevant malignancies","187666008","288470014",
"288471013","Malignant neoplasm of palate NOS","CAN_COD","Codes for relevant malignancies","363390005","482579018",
"288472018","Overlapping lesion of other and unspecified parts of mouth","CAN_COD","Codes for relevant malignancies","1092831000000100","2737831000000111",
"288473011","Malignant neoplasm of other specified mouth parts","CAN_COD","Codes for relevant malignancies","363505006","482796019",
"288474017","Malignant neoplasm of mouth NOS","CAN_COD","Codes for relevant malignancies","363505006","482796019",
"288478019","Malignant neoplasm tonsil NOS","CAN_COD","Codes for relevant malignancies","363393007","482585013",
"288485015","Malignant neoplasm of faucial pillar","CAN_COD","Codes for relevant malignancies","187675005","288485015",
"288486019","Malignant neoplasm of tonsillar pillar","CAN_COD","Codes for relevant malignancies","187675005","288486019",
"288505015","Malignant neoplasm of tonsillar fossa NOS","CAN_COD","Codes for relevant malignancies","363394001","482587017",
"288506019","Malignant neoplasm of anterior epiglottis","CAN_COD","Codes for relevant malignancies","187681002","288506019",
"288507011","Malignant neoplasm of epiglottis, free border","CAN_COD","Codes for relevant malignancies","187682009","288507011",
"288508018","Malignant neoplasm of glossoepiglottic fold","CAN_COD","Codes for relevant malignancies","187683004","288508018",
"288509014","Malignant neoplasm of anterior epiglottis NOS","CAN_COD","Codes for relevant malignancies","187681002","288506019",
"288510016","Malignant neoplasm of junctional region of epiglottis","CAN_COD","Codes for relevant malignancies","187685006","288510016",
"288515014","Malignant neoplasm of posterior wall of oropharynx","CAN_COD","Codes for relevant malignancies","187688008","288515014",
"288516010","Malignant neoplasm of oropharynx, other specified sites","CAN_COD","Codes for relevant malignancies","363392002","482583018",
"288517018","Malignant neoplasm of other specified site of oropharynx NOS","CAN_COD","Codes for relevant malignancies","363392002","482583018",
"288518011","Malignant neoplasm of oropharynx NOS","CAN_COD","Codes for relevant malignancies","363392002","482583018",
"288522018","Malignant neoplasm of nasopharynx","CAN_COD","Codes for relevant malignancies","187692001","288522018",
"288529010","Malignant neoplasm of posterior wall of nasopharynx","CAN_COD","Codes for relevant malignancies","187693006","288529010",
"288532013","Malignant neoplasm of pharyngeal tonsil","CAN_COD","Codes for relevant malignancies","187694000","288532013",
"288533015","Malignant neoplasm of adenoid","CAN_COD","Codes for relevant malignancies","187694000","288533015",
"288541015","Malignant neoplasm of posterior wall of nasopharynx NOS","CAN_COD","Codes for relevant malignancies","187693006","288528019",
"288546013","Malignant neoplasm of pharyngeal recess","CAN_COD","Codes for relevant malignancies","187697007","288546013",
"288548014","Malignant neoplasm of opening of auditory tube","CAN_COD","Codes for relevant malignancies","187698002","288548014",
"288550018","Malignant neoplasm of lateral wall of nasopharynx NOS","CAN_COD","Codes for relevant malignancies","363398003","482595018",
"288552014","Malignant neoplasm of anterior wall of nasopharynx","CAN_COD","Codes for relevant malignancies","187700006","288552014",
"288554010","Malignant neoplasm of floor of nasopharynx","CAN_COD","Codes for relevant malignancies","187701005","288554010",
"288556012","Malignant neoplasm of nasopharyngeal soft palate surface","CAN_COD","Codes for relevant malignancies","187702003","288556012",
"288561014","Malignant neoplasm of anterior wall of nasopharynx NOS","CAN_COD","Codes for relevant malignancies","187700006","288553016",
"288563012","Malignant neoplasm of other specified site of nasopharynx","CAN_COD","Codes for relevant malignancies","187692001","288519015",
"288564018","Malignant neoplasm of nasopharynx NOS","CAN_COD","Codes for relevant malignancies","187692001","288526015",
"288568015","Malignant neoplasm of posterior pharynx","CAN_COD","Codes for relevant malignancies","187709007","288568015",
"288570012","Malignant neoplasm of other specified hypopharyngeal site","CAN_COD","Codes for relevant malignancies","363399006","482597014",
"288571011","Malignant neoplasm of hypopharynx NOS","CAN_COD","Codes for relevant malignancies","363399006","482598016",
"288573014","Malignant neoplasm of pharynx unspecified","CAN_COD","Codes for relevant malignancies","363507003","482800013",
"288578017","Malignant neoplasm of Waldeyer's ring","CAN_COD","Codes for relevant malignancies","187716008","288578017",
"288582015","Malignant neoplasm of lip, oral cavity and pharynx NOS","CAN_COD","Codes for relevant malignancies","271323007","406052010",
"288589012","Malignant neoplasm of cervical oesophagus","CAN_COD","Codes for relevant malignancies","187722004","288589012",
"288594012","Malignant neoplasm of thoracic oesophagus","CAN_COD","Codes for relevant malignancies","187723009","288594012",
"288597017","Malignant neoplasm of abdominal oesophagus","CAN_COD","Codes for relevant malignancies","187724003","288597017",
"288602012","Malignant neoplasm of upper third of oesophagus","CAN_COD","Codes for relevant malignancies","187725002","288602012",
"288607018","Malignant neoplasm of middle third of oesophagus","CAN_COD","Codes for relevant malignancies","187726001","288607018",
"288608011","Malignant neoplasm of lower third of oesophagus","CAN_COD","Codes for relevant malignancies","187727005","288608011",
"288614016","Malignant neoplasm of other specified part of oesophagus","CAN_COD","Codes for relevant malignancies","363402007","482603012",
"288625013","Malignant neoplasm of cardia of stomach","CAN_COD","Codes for relevant malignancies","187732006","288625013",
"288628010","Malignant neoplasm of cardiac orifice of stomach","CAN_COD","Codes for relevant malignancies","187733001","288628010",
"288631011","Malignant neoplasm of gastro-oesophageal junction","CAN_COD","Codes for relevant malignancies","187734007","288631011",
"288632016","Malignant neoplasm of cardio-oesophageal junction of stomach","CAN_COD","Codes for relevant malignancies","187734007","288632016",
"288633014","Malignant neoplasm of cardia of stomach NOS","CAN_COD","Codes for relevant malignancies","187732006","288625013",
"288635019","Malignant neoplasm of pylorus of stomach","CAN_COD","Codes for relevant malignancies","187736009","288635019",
"288638017","Malignant neoplasm of pyloric canal of stomach","CAN_COD","Codes for relevant malignancies","187738005","288638017",
"288639013","Malignant neoplasm of pylorus of stomach NOS","CAN_COD","Codes for relevant malignancies","187736009","288634015",
"288641014","Malignant neoplasm of pyloric antrum of stomach","CAN_COD","Codes for relevant malignancies","187740000","288641014",
"288644018","Malignant neoplasm of fundus of stomach","CAN_COD","Codes for relevant malignancies","187741001","288644018",
"288647013","Malignant neoplasm of body of stomach","CAN_COD","Codes for relevant malignancies","187742008","288647013",
"288649011","Malignant neoplasm of lesser curve of stomach unspecified","CAN_COD","Codes for relevant malignancies","269459004","403678014",
"288650011","Malignant neoplasm of greater curve of stomach unspecified","CAN_COD","Codes for relevant malignancies","269460009","403680015",
"288652015","Malignant neoplasm of other specified site of stomach","CAN_COD","Codes for relevant malignancies","363349007","482497012",
"288653013","Malignant neoplasm of anterior wall of stomach NEC","CAN_COD","Codes for relevant malignancies","1090981000000107","2732841000000117",
"288654019","Malignant neoplasm of posterior wall of stomach NEC","CAN_COD","Codes for relevant malignancies","1090971000000105","2732821000000112",
"288655018","Malignant neoplasm of other specified site of stomach NOS","CAN_COD","Codes for relevant malignancies","363349007","482497012",
"288656017","Malignant neoplasm of stomach NOS","CAN_COD","Codes for relevant malignancies","363349007","482498019",
"288659012","Malignant neoplasm of Meckel's diverticulum","CAN_COD","Codes for relevant malignancies","187752007","288659012",
"288663017","Malignant neoplasm of small intestine NOS","CAN_COD","Codes for relevant malignancies","363509000","482804016",
"288670017","Malignant neoplasm, overlapping lesion of colon","CAN_COD","Codes for relevant malignancies","187757001","288670017",
"288671018","Malignant neoplasm of other specified sites of colon","CAN_COD","Codes for relevant malignancies","363406005","482611019",
"288675010","Malignant neoplasm of rectum, rectosigmoid junction and anus","CAN_COD","Codes for relevant malignancies","187760008","288675010",
"288685011","Malignant neoplasm of anus unspecified","CAN_COD","Codes for relevant malignancies","363490009","482768013",
"288688013","Malignant neoplasm of liver and intrahepatic bile ducts","CAN_COD","Codes for relevant malignancies","187767006","288688013",
"288690014","Primary carcinoma of liver","CAN_COD","Codes for relevant malignancies","187769009","288690014",
"288692018","Primary malignant neoplasm of liver NOS","CAN_COD","Codes for relevant malignancies","95214007","157732017",
"288694017","Malignant neoplasm of interlobular bile ducts","CAN_COD","Codes for relevant malignancies","187773007","288694017",
"288697012","Malignant neoplasm of intrahepatic canaliculi","CAN_COD","Codes for relevant malignancies","187776004","288697012",
"288698019","Malignant neoplasm of intrahepatic gall duct","CAN_COD","Codes for relevant malignancies","187777008","288698019",
"288699010","Malignant neoplasm of intrahepatic bile ducts NOS","CAN_COD","Codes for relevant malignancies","187777008","288698019",
"288700011","Malignant neoplasm of liver unspecified","CAN_COD","Codes for relevant malignancies","93870000","155343014",
"288702015","Malignant neoplasm of liver and intrahepatic bile ducts NOS","CAN_COD","Codes for relevant malignancies","187767006","288688013",
"288707014","Malignant neoplasm of hepatic duct","CAN_COD","Codes for relevant malignancies","187784000","288707014",
"288711015","Malignant neoplasm of sphincter of Oddi","CAN_COD","Codes for relevant malignancies","187786003","288711015",
"288712010","Malignant neoplasm of extrahepatic bile ducts NOS","CAN_COD","Codes for relevant malignancies","363416002","482631015",
"288717016","Malignant neoplasm of body of pancreas","CAN_COD","Codes for relevant malignancies","187791002","288717016",
"288720012","Malignant neoplasm of tail of pancreas","CAN_COD","Codes for relevant malignancies","187792009","288720012",
"288723014","Malignant neoplasm of pancreatic duct","CAN_COD","Codes for relevant malignancies","187793004","288723014",
"288727010","Malignant neoplasm of Islets of Langerhans","CAN_COD","Codes for relevant malignancies","187794005","288727010",
"288731016","Malignant neoplasm of other specified sites of pancreas","CAN_COD","Codes for relevant malignancies","363418001","482635012",
"288734012","Malignant neoplasm of ectopic pancreatic tissue","CAN_COD","Codes for relevant malignancies","187798008","288734012",
"288735013","Malignant neoplasm of specified site of pancreas NOS","CAN_COD","Codes for relevant malignancies","363418001","482635012",
"288736014","Malignant neoplasm of pancreas NOS","CAN_COD","Codes for relevant malignancies","363418001","482635012",
"288739019","Malignant neoplasm of retroperitoneum and peritoneum","CAN_COD","Codes for relevant malignancies","187801002","288739019",
"288741018","Malignant neoplasm of perinephric tissue","CAN_COD","Codes for relevant malignancies","187803004","288741018",
"288742013","Malignant neoplasm of retrocaecal tissue","CAN_COD","Codes for relevant malignancies","187804005","288742013",
"288744014","Malignant neoplasm of retroperitoneum NOS","CAN_COD","Codes for relevant malignancies","363420003","482639018",
"288747019","Malignant neoplasm of specified parts of peritoneum","CAN_COD","Codes for relevant malignancies","187808008","288747019",
"288748012","Malignant neoplasm of mesocolon","CAN_COD","Codes for relevant malignancies","187809000","288748012",
"288749016","Malignant neoplasm of mesocaecum","CAN_COD","Codes for relevant malignancies","187810005","288749016",
"288751017","Malignant neoplasm of mesorectum","CAN_COD","Codes for relevant malignancies","187811009","288751017",
"288754013","Malignant neoplasm of the pouch of Douglas","CAN_COD","Codes for relevant malignancies","187814001","288754013",
"288756010","Malignant neoplasm of specified parts of peritoneum NOS","CAN_COD","Codes for relevant malignancies","187808008","288747019",
"288757018","Malignant neoplasm of retroperitoneum and peritoneum NOS","CAN_COD","Codes for relevant malignancies","187801002","288737017",
"288759015","Malignant neoplasm of intestinal tract, part unspecified","CAN_COD","Codes for relevant malignancies","363508008","482802017",
"288760013","Malignant neoplasm of spleen NEC","CAN_COD","Codes for relevant malignancies","363499005","482785010",
"288761012","Angiosarcoma of spleen","CAN_COD","Codes for relevant malignancies","187821001","288761012",
"288762017","Fibrosarcoma of spleen","CAN_COD","Codes for relevant malignancies","187822008","288762017",
"288763010","Malignant neoplasm of spleen NOS","CAN_COD","Codes for relevant malignancies","363499005","482785010",
"288764016","Malignant neoplasm, overlapping lesion of digestive system","CAN_COD","Codes for relevant malignancies","187824009","288764016",
"288766019","Malignant neoplasm of digestive tract and peritoneum NOS","CAN_COD","Codes for relevant malignancies","255077007","380111011",
"288771014","Malignant neoplasm of cartilage of nose","CAN_COD","Codes for relevant malignancies","187829004","288771014",
"288772019","Malignant neoplasm of nasal conchae","CAN_COD","Codes for relevant malignancies","187830009","288772019",
"288775017","Malignant neoplasm of vestibule of nose","CAN_COD","Codes for relevant malignancies","187831008","288775017",
"288776016","Malignant neoplasm of nasal cavities NOS","CAN_COD","Codes for relevant malignancies","363422006","482642012",
"288779011","Malignant neoplasm of auditory (Eustachian) tube","CAN_COD","Codes for relevant malignancies","187834000","288779011",
"288784017","Malignant neoplasm of tympanic cavity","CAN_COD","Codes for relevant malignancies","187835004","288784017",
"288787012","Malignant neoplasm of tympanic antrum","CAN_COD","Codes for relevant malignancies","187836003","288787012",
"288790018","Malignant neoplasm, overlapping lesion of accessory sinuses","CAN_COD","Codes for relevant malignancies","187838002","288790018",
"288792014","Malignant neoplasm of accessory sinus NOS","CAN_COD","Codes for relevant malignancies","363506007","482798018",
"288794010","Malignant neoplasm of glottis","CAN_COD","Codes for relevant malignancies","187841006","288794010",
"288797015","Malignant neoplasm of supraglottis","CAN_COD","Codes for relevant malignancies","187842004","288797015",
"288799017","Malignant neoplasm of arytenoid cartilage","CAN_COD","Codes for relevant malignancies","187843009","288799017",
"288800018","Malignant neoplasm of cricoid cartilage","CAN_COD","Codes for relevant malignancies","187844003","288800018",
"288801019","Malignant neoplasm of cuneiform cartilage","CAN_COD","Codes for relevant malignancies","187845002","288801019",
"288802014","Malignant neoplasm of thyroid cartilage","CAN_COD","Codes for relevant malignancies","187846001","288802014",
"288803016","Malignant neoplasm of laryngeal cartilage NOS","CAN_COD","Codes for relevant malignancies","363431006","482660012",
"288806012","Malignant neoplasm of larynx, other specified site","CAN_COD","Codes for relevant malignancies","363429002","482656014",
"288807015","Malignant neoplasm of larynx NOS","CAN_COD","Codes for relevant malignancies","363429002","482656014",
"288808013","Malignant neoplasm of trachea, bronchus and lung","CAN_COD","Codes for relevant malignancies","430621000","2765453013",
"288809017","Malignant neoplasm of cartilage of trachea","CAN_COD","Codes for relevant malignancies","187853005","288809017",
"288810010","Malignant neoplasm of mucosa of trachea","CAN_COD","Codes for relevant malignancies","187854004","288810010",
"288811014","Malignant neoplasm of trachea NOS","CAN_COD","Codes for relevant malignancies","363432004","482662016",
"288813012","Malignant neoplasm of carina of bronchus","CAN_COD","Codes for relevant malignancies","187857006","288813012",
"288815017","Malignant neoplasm of main bronchus NOS","CAN_COD","Codes for relevant malignancies","372065009","1210643012",
"288819011","Malignant neoplasm of upper lobe bronchus","CAN_COD","Codes for relevant malignancies","187861000","288819011",
"288820017","Malignant neoplasm of upper lobe of lung","CAN_COD","Codes for relevant malignancies","187862007","288820017",
"288821018","Malignant neoplasm of upper lobe, bronchus or lung NOS","CAN_COD","Codes for relevant malignancies","269464000","403688010",
"288822013","Malignant neoplasm of middle lobe, bronchus or lung","CAN_COD","Codes for relevant malignancies","187864008","288822013",
"288823015","Malignant neoplasm of middle lobe bronchus","CAN_COD","Codes for relevant malignancies","187865009","288823015",
"288824014","Malignant neoplasm of middle lobe of lung","CAN_COD","Codes for relevant malignancies","187866005","288824014",
"288825010","Malignant neoplasm of middle lobe, bronchus or lung NOS","CAN_COD","Codes for relevant malignancies","187864008","288822013",
"288826011","Malignant neoplasm of lower lobe, bronchus or lung","CAN_COD","Codes for relevant malignancies","187868006","288826011",
"288827019","Malignant neoplasm of lower lobe bronchus","CAN_COD","Codes for relevant malignancies","187869003","288827019",
"288828012","Malignant neoplasm of lower lobe of lung","CAN_COD","Codes for relevant malignancies","187870002","288828012",
"288829016","Malignant neoplasm of lower lobe, bronchus or lung NOS","CAN_COD","Codes for relevant malignancies","187868006","288826011",
"288832018","Malignant neoplasm of other sites of bronchus or lung","CAN_COD","Codes for relevant malignancies","363358000","482516016",
"288839010","Malignant neoplasm of other specified pleura","CAN_COD","Codes for relevant malignancies","363433009","482664015",
"288840012","Malignant neoplasm of pleura NOS","CAN_COD","Codes for relevant malignancies","363433009","482664015",
"288841011","Malignant neoplasm of thymus, heart and mediastinum","CAN_COD","Codes for relevant malignancies","187881004","288841011",
"288847010","Malignant neoplasm of heart NOS","CAN_COD","Codes for relevant malignancies","363435002","482668017",
"288852017","Malignant neoplasm of heart, thymus and mediastinum NOS","CAN_COD","Codes for relevant malignancies","187881004","288841011",
"288857011","Malignant neoplasm of other site of respiratory tract","CAN_COD","Codes for relevant malignancies","93986008","155490010",
"288858018","Malignant neoplasm of respiratory tract NOS","CAN_COD","Codes for relevant malignancies","449096009","2899758015",
"288869015","Malignant neoplasm of bones of skull and face","CAN_COD","Codes for relevant malignancies","187900002","288869015",
"288872010","Malignant neoplasm of malar bone","CAN_COD","Codes for relevant malignancies","187903000","288872010",
"288875012","Malignant neoplasm of orbital bone","CAN_COD","Codes for relevant malignancies","187906008","288875012",
"288883018","Malignant neoplasm of bones of skull and face NOS","CAN_COD","Codes for relevant malignancies","187900002","288869015",
"288885013","Malignant neoplasm of cervical vertebra","CAN_COD","Codes for relevant malignancies","187916000","288885013",
"288886014","Malignant neoplasm of thoracic vertebra","CAN_COD","Codes for relevant malignancies","187917009","288886014",
"288887017","Malignant neoplasm of lumbar vertebra","CAN_COD","Codes for relevant malignancies","187918004","288887017",
"288888010","Malignant neoplasm of vertebral column NOS","CAN_COD","Codes for relevant malignancies","363438000","482674017",
"288889019","Malignant neoplasm of ribs, sternum and clavicle","CAN_COD","Codes for relevant malignancies","187920001","288889019",
"288894019","Malignant neoplasm of costal cartilage","CAN_COD","Codes for relevant malignancies","187925006","288894019",
"288896017","Malignant neoplasm of xiphoid process","CAN_COD","Codes for relevant malignancies","187927003","288896017",
"288897014","Malignant neoplasm of rib, sternum and clavicle NOS","CAN_COD","Codes for relevant malignancies","187920001","288889019",
"288898016","Malignant neoplasm of scapula and long bones of upper arm","CAN_COD","Codes for relevant malignancies","187929000","288898016",
"288901015","Malignant neoplasm of humerus","CAN_COD","Codes for relevant malignancies","187932002","288901015",
"288909018","Malignant neoplasm of carpal bone - scaphoid","CAN_COD","Codes for relevant malignancies","187937008","288909018",
"288910011","Malignant neoplasm of carpal bone - lunate","CAN_COD","Codes for relevant malignancies","187938003","288910011",
"288911010","Malignant neoplasm of carpal bone - triquetrum","CAN_COD","Codes for relevant malignancies","187939006","288911010",
"288912015","Malignant neoplasm of carpal bone - pisiform","CAN_COD","Codes for relevant malignancies","187940008","288912015",
"288913013","Malignant neoplasm of carpal bone - trapezium","CAN_COD","Codes for relevant malignancies","187941007","288913013",
"288914019","Malignant neoplasm of carpal bone - trapezoid","CAN_COD","Codes for relevant malignancies","187942000","288914019",
"288915018","Malignant neoplasm of carpal bone - capitate","CAN_COD","Codes for relevant malignancies","187943005","288915018",
"288916017","Malignant neoplasm of carpal bone - hamate","CAN_COD","Codes for relevant malignancies","187944004","288916017",
"288917014","Malignant neoplasm of first metacarpal bone","CAN_COD","Codes for relevant malignancies","187945003","288917014",
"288918016","Malignant neoplasm of second metacarpal bone","CAN_COD","Codes for relevant malignancies","187946002","288918016",
"288919012","Malignant neoplasm of third metacarpal bone","CAN_COD","Codes for relevant malignancies","187947006","288919012",
"288920018","Malignant neoplasm of fourth metacarpal bone","CAN_COD","Codes for relevant malignancies","187948001","288920018",
"288921019","Malignant neoplasm of fifth metacarpal bone","CAN_COD","Codes for relevant malignancies","187949009","288921019",
"288922014","Malignant neoplasm of phalanges of hand","CAN_COD","Codes for relevant malignancies","187950009","288922014",
"288923016","Malignant neoplasm of hand bones NOS","CAN_COD","Codes for relevant malignancies","269467007","403697014",
"288924010","Malignant neoplasm of pelvic bones, sacrum and coccyx","CAN_COD","Codes for relevant malignancies","187952001","288924010",
"288928013","Malignant neoplasm of sacral vertebra","CAN_COD","Codes for relevant malignancies","187956003","288928013",
"288929017","Malignant neoplasm of coccygeal vertebra","CAN_COD","Codes for relevant malignancies","187957007","288929017",
"288930010","Malignant neoplasm of pelvis, sacrum or coccyx NOS","CAN_COD","Codes for relevant malignancies","187952001","288924010",
"288931014","Malignant neoplasm of long bones of leg","CAN_COD","Codes for relevant malignancies","449627008","2912930013",
"288935017","Malignant neoplasm of long bones of leg NOS","CAN_COD","Codes for relevant malignancies","449627008","2912930013",
"288941012","Malignant neoplasm of calcaneum","CAN_COD","Codes for relevant malignancies","187967002","288941012",
"288942017","Malignant neoplasm of medial cuneiform","CAN_COD","Codes for relevant malignancies","187968007","288942017",
"288943010","Malignant neoplasm of intermediate cuneiform","CAN_COD","Codes for relevant malignancies","187969004","288943010",
"288944016","Malignant neoplasm of lateral cuneiform","CAN_COD","Codes for relevant malignancies","187970003","288944016",
"288946019","Malignant neoplasm of navicular","CAN_COD","Codes for relevant malignancies","187972006","288946019",
"288947011","Malignant neoplasm of first metatarsal bone","CAN_COD","Codes for relevant malignancies","187973001","288947011",
"288948018","Malignant neoplasm of second metatarsal bone","CAN_COD","Codes for relevant malignancies","187974007","288948018",
"288949014","Malignant neoplasm of third metatarsal bone","CAN_COD","Codes for relevant malignancies","187975008","288949014",
"288950014","Malignant neoplasm of fourth metatarsal bone","CAN_COD","Codes for relevant malignancies","187976009","288950014",
"288951013","Malignant neoplasm of fifth metatarsal bone","CAN_COD","Codes for relevant malignancies","187977000","288951013",
"288952018","Malignant neoplasm of phalanges of foot","CAN_COD","Codes for relevant malignancies","187978005","288952018",
"288953011","Malignant neoplasm of short bones of leg NOS","CAN_COD","Codes for relevant malignancies","712525007","3082865010",
"288959010","Malignant neoplasm of bone and articular cartilage NOS","CAN_COD","Codes for relevant malignancies","1090821000000101","2732521000000110",
"288960017","Malignant neoplasm of connective and other soft tissue","CAN_COD","Codes for relevant malignancies","269469005","403699012",
"288962013","Malignant neoplasm of cartilage of ear","CAN_COD","Codes for relevant malignancies","187987001","288962013",
"288963015","Malignant neoplasm of tarsus of eyelid","CAN_COD","Codes for relevant malignancies","187988006","288963015",
"288964014","Malignant neoplasm soft tissues of cervical spine","CAN_COD","Codes for relevant malignancies","187989003","288964014",
"288967019","Malignant neoplasm of connective and soft tissue of shoulder","CAN_COD","Codes for relevant malignancies","187992004","288967019",
"288968012","Malignant neoplasm of connective and soft tissue, upper arm","CAN_COD","Codes for relevant malignancies","187993009","288968012",
"288969016","Malignant neoplasm of connective and soft tissue of fore-arm","CAN_COD","Codes for relevant malignancies","187994003","288969016",
"288970015","Malignant neoplasm of connective and soft tissue of hand","CAN_COD","Codes for relevant malignancies","187995002","288970015",
"288971016","Malignant neoplasm of connective and soft tissue of finger","CAN_COD","Codes for relevant malignancies","187996001","288971016",
"288972011","Malignant neoplasm of connective and soft tissue of thumb","CAN_COD","Codes for relevant malignancies","187997005","288972011",
"288975013","Malignant neoplasm of connective and soft tissue of hip","CAN_COD","Codes for relevant malignancies","188000002","288975013",
"288979019","Malignant neoplasm of connective and soft tissue of foot","CAN_COD","Codes for relevant malignancies","188004006","288979019",
"288980016","Malignant neoplasm of connective and soft tissue of toe","CAN_COD","Codes for relevant malignancies","188005007","288980016",
"288985014","Malignant neoplasm of connective and soft tissue of thorax","CAN_COD","Codes for relevant malignancies","188009001","288985014",
"288986010","Malignant neoplasm of connective and soft tissue of axilla","CAN_COD","Codes for relevant malignancies","188010006","288986010",
"288991011","Malignant neoplasm of connective and soft tissue of abdomen","CAN_COD","Codes for relevant malignancies","188015001","288991011",
"288995019","Malignant neoplasm of connective and soft tissue of pelvis","CAN_COD","Codes for relevant malignancies","188019007","288995019",
"288999013","Malignant neoplasm of connective and soft tissue of buttock","CAN_COD","Codes for relevant malignancies","188020001","288999013",
"289001014","Malignant neoplasm of connective and soft tissue of perineum","CAN_COD","Codes for relevant malignancies","188022009","289001014",
"289007013","Malignant neoplasm of connective and soft tissue, site NOS","CAN_COD","Codes for relevant malignancies","269469005","403699012",
"289008015","Kaposi's sarcoma of soft tissue","CAN_COD","Codes for relevant malignancies","188029000","289008015",
"289009011","Malignant melanoma of lip","CAN_COD","Codes for relevant malignancies","188030005","289009011",
"289011019","Malignant melanoma of ear and external auricular canal","CAN_COD","Codes for relevant malignancies","188032002","289011019",
"289012014","Malignant melanoma of auricle (ear)","CAN_COD","Codes for relevant malignancies","188033007","289012014",
"289013016","Malignant melanoma of external auditory meatus","CAN_COD","Codes for relevant malignancies","188034001","289013016",
"289014010","Malignant melanoma of ear and external auricular canal NOS","CAN_COD","Codes for relevant malignancies","188032002","289011019",
"289015011","Malignant melanoma of other and unspecified parts of face","CAN_COD","Codes for relevant malignancies","93225001","154247017",
"289017015","Malignant melanoma of chin","CAN_COD","Codes for relevant malignancies","188038003","289017015",
"289019017","Malignant melanoma of forehead","CAN_COD","Codes for relevant malignancies","188040008","289019017",
"289021010","Malignant melanoma of temple","CAN_COD","Codes for relevant malignancies","188042000","289021010",
"289022015","Malignant melanoma of face NOS","CAN_COD","Codes for relevant malignancies","93225001","154247017",
"289023013","Malignant melanoma of scalp and neck","CAN_COD","Codes for relevant malignancies","188044004","289023013",
"289024019","Malignant melanoma of scalp","CAN_COD","Codes for relevant malignancies","188045003","289024019",
"289025018","Malignant melanoma of neck","CAN_COD","Codes for relevant malignancies","188046002","289025018",
"289026017","Malignant melanoma of scalp and neck NOS","CAN_COD","Codes for relevant malignancies","188044004","1775484014",
"289027014","Malignant melanoma of trunk (excluding scrotum)","CAN_COD","Codes for relevant malignancies","93651008","155054012",
"289028016","Malignant melanoma of axilla","CAN_COD","Codes for relevant malignancies","188049009","289028016",
"289029012","Malignant melanoma of breast","CAN_COD","Codes for relevant malignancies","188050009","289029012",
"289030019","Malignant melanoma of buttock","CAN_COD","Codes for relevant malignancies","188051008","289030019",
"289031015","Malignant melanoma of groin","CAN_COD","Codes for relevant malignancies","188052001","289031015",
"289033017","Malignant melanoma of perineum","CAN_COD","Codes for relevant malignancies","188054000","289033017",
"289034011","Malignant melanoma of umbilicus","CAN_COD","Codes for relevant malignancies","188055004","289034011",
"289037016","Malignant melanoma of trunk, excluding scrotum, NOS","CAN_COD","Codes for relevant malignancies","269579005","403893010",
"289039018","Malignant melanoma of shoulder","CAN_COD","Codes for relevant malignancies","188060000","289039018",
"289040016","Malignant melanoma of upper arm","CAN_COD","Codes for relevant malignancies","188061001","289040016",
"289041017","Malignant melanoma of fore-arm","CAN_COD","Codes for relevant malignancies","188062008","289041017",
"289042012","Malignant melanoma of hand","CAN_COD","Codes for relevant malignancies","188063003","289042012",
"289043019","Malignant melanoma of finger","CAN_COD","Codes for relevant malignancies","188064009","289043019",
"289044013","Malignant melanoma of thumb","CAN_COD","Codes for relevant malignancies","188065005","289044013",
"289045014","Malignant melanoma of upper limb or shoulder NOS","CAN_COD","Codes for relevant malignancies","269580008","403894016",
"289046010","Malignant melanoma of lower limb and hip","CAN_COD","Codes for relevant malignancies","188067002","289046010",
"289047018","Malignant melanoma of hip","CAN_COD","Codes for relevant malignancies","188068007","289047018",
"289048011","Malignant melanoma of thigh","CAN_COD","Codes for relevant malignancies","188069004","289048011",
"289049015","Malignant melanoma of knee","CAN_COD","Codes for relevant malignancies","188070003","289049015",
"289050015","Malignant melanoma of popliteal fossa area","CAN_COD","Codes for relevant malignancies","188071004","289050015",
"289051016","Malignant melanoma of lower leg","CAN_COD","Codes for relevant malignancies","188072006","289051016",
"289052011","Malignant melanoma of ankle","CAN_COD","Codes for relevant malignancies","188073001","289052011",
"289053018","Malignant melanoma of heel","CAN_COD","Codes for relevant malignancies","188074007","289053018",
"289054012","Malignant melanoma of foot","CAN_COD","Codes for relevant malignancies","188075008","289054012",
"289055013","Malignant melanoma of toe","CAN_COD","Codes for relevant malignancies","188076009","289055013",
"289056014","Malignant melanoma of great toe","CAN_COD","Codes for relevant malignancies","188077000","289056014",
"289057017","Malignant melanoma of lower limb or hip NOS","CAN_COD","Codes for relevant malignancies","188067002","289046010",
"289060012","Malignant melanoma of other specified skin site","CAN_COD","Codes for relevant malignancies","93655004","155060012",
"289063014","Malignant melanoma of skin NOS","CAN_COD","Codes for relevant malignancies","93655004","155060012",
"289066018","Malignant neoplasm of sebaceous gland","CAN_COD","Codes for relevant malignancies","94000008","155506013",
"289091018","Malignant neoplasm of scalp and skin of neck","CAN_COD","Codes for relevant malignancies","188102008","289091018",
"289094014","Malignant neoplasm of scalp or skin of neck NOS","CAN_COD","Codes for relevant malignancies","188102008","1775486011",
"289137018","Malignant neoplasm of nipple and areola of female breast","CAN_COD","Codes for relevant malignancies","188147009","289137018",
"289140018","Malignant neoplasm of nipple or areola of female breast NOS","CAN_COD","Codes for relevant malignancies","188147009","289137018",
"289141019","Malignant neoplasm of central part of female breast","CAN_COD","Codes for relevant malignancies","188151006","289141019",
"289142014","Malignant neoplasm of upper-inner quadrant of female breast","CAN_COD","Codes for relevant malignancies","188152004","289142014",
"289143016","Malignant neoplasm of lower-inner quadrant of female breast","CAN_COD","Codes for relevant malignancies","188153009","289143016",
"289144010","Malignant neoplasm of upper-outer quadrant of female breast","CAN_COD","Codes for relevant malignancies","188154003","289144010",
"289145011","Malignant neoplasm of lower-outer quadrant of female breast","CAN_COD","Codes for relevant malignancies","188155002","289145011",
"289146012","Malignant neoplasm of axillary tail of female breast","CAN_COD","Codes for relevant malignancies","188156001","289146012",
"289147015","Malignant neoplasm, overlapping lesion of breast","CAN_COD","Codes for relevant malignancies","188157005","289147015",
"289148013","Malignant neoplasm of other site of female breast","CAN_COD","Codes for relevant malignancies","372064008","1210642019",
"289149017","Malignant neoplasm of ectopic site of female breast","CAN_COD","Codes for relevant malignancies","188159008","289149017",
"289150017","Malignant neoplasm of other site of female breast NOS","CAN_COD","Codes for relevant malignancies","372064008","1210642019",
"289151018","Malignant neoplasm of female breast NOS","CAN_COD","Codes for relevant malignancies","372064008","1210642019",
"289153015","Malignant neoplasm of nipple and areola of male breast","CAN_COD","Codes for relevant malignancies","188163001","289153015",
"289156011","Malignant neoplasm of nipple or areola of male breast NOS","CAN_COD","Codes for relevant malignancies","188163001","289153015",
"289157019","Malignant neoplasm of other site of male breast","CAN_COD","Codes for relevant malignancies","372095001","1210673015",
"289158012","Malignant neoplasm of ectopic site of male breast","CAN_COD","Codes for relevant malignancies","188168005","289158012",
"289159016","Malignant neoplasm of male breast NOS","CAN_COD","Codes for relevant malignancies","372095001","1210673015",
"289166015","Malignant neoplasm of uterus, part unspecified","CAN_COD","Codes for relevant malignancies","371973000","1210562019",
"289171010","Malignant neoplasm of endocervical canal","CAN_COD","Codes for relevant malignancies","188176007","289171010",
"289172015","Malignant neoplasm of endocervical gland","CAN_COD","Codes for relevant malignancies","188177003","289172015",
"289173013","Malignant neoplasm of endocervix NOS","CAN_COD","Codes for relevant malignancies","372097009","1210675010",
"289175018","Malignant neoplasm, overlapping lesion of cervix uteri","CAN_COD","Codes for relevant malignancies","188180002","289175018",
"289178016","Malignant neoplasm of other site of cervix","CAN_COD","Codes for relevant malignancies","363354003","482507015",
"289179012","Malignant neoplasm of cervical stump","CAN_COD","Codes for relevant malignancies","188183000","289179012",
"289180010","Malignant neoplasm of squamocolumnar junction of cervix","CAN_COD","Codes for relevant malignancies","188184006","289180010",
"289181014","Malignant neoplasm of other site of cervix NOS","CAN_COD","Codes for relevant malignancies","363354003","482507015",
"289182019","Malignant neoplasm of cervix uteri NOS","CAN_COD","Codes for relevant malignancies","363354003","1228493018",
"289184018","Choriocarcinoma","CAN_COD","Codes for relevant malignancies","188188009","289184018",
"289187013","Malignant neoplasm of corpus uteri, excluding isthmus","CAN_COD","Codes for relevant malignancies","188189001","289187013",
"289188015","Malignant neoplasm of cornu of corpus uteri","CAN_COD","Codes for relevant malignancies","188190005","289188015",
"289189011","Malignant neoplasm of fundus of corpus uteri","CAN_COD","Codes for relevant malignancies","188191009","289189011",
"289190019","Malignant neoplasm of endometrium of corpus uteri","CAN_COD","Codes for relevant malignancies","188192002","289190019",
"289191015","Malignant neoplasm of myometrium of corpus uteri","CAN_COD","Codes for relevant malignancies","188193007","289191015",
"289192010","Malignant neoplasm of corpus uteri NOS","CAN_COD","Codes for relevant malignancies","188189001","289187013",
"289193017","Malignant neoplasm of isthmus of uterine body","CAN_COD","Codes for relevant malignancies","188195000","289193017",
"289194011","Malignant neoplasm of lower uterine segment","CAN_COD","Codes for relevant malignancies","188195000","3491683016",
"289195012","Malignant neoplasm of isthmus of uterine body NOS","CAN_COD","Codes for relevant malignancies","188195000","289193017",
"289196013","Malignant neoplasm of overlapping lesion of corpus uteri","CAN_COD","Codes for relevant malignancies","188198003","289196013",
"289197016","Malignant neoplasm of other site of uterine body","CAN_COD","Codes for relevant malignancies","371972005","1210561014",
"289198014","Malignant neoplasm of body of uterus NOS","CAN_COD","Codes for relevant malignancies","371972005","1210561014",
"289199018","Malignant neoplasm of ovary and other uterine adnexa","CAN_COD","Codes for relevant malignancies","428322007","2694321016",
"289202011","Malignant neoplasm of round ligament","CAN_COD","Codes for relevant malignancies","188204000","289202011",
"289203018","Malignant neoplasm of other site of uterine adnexa","CAN_COD","Codes for relevant malignancies","428322007","2694321016",
"289204012","Malignant neoplasm of uterine adnexa NOS","CAN_COD","Codes for relevant malignancies","428322007","2694321016",
"289206014","Malignant neoplasm of Gartner's duct","CAN_COD","Codes for relevant malignancies","188208002","289206014",
"289207017","Malignant neoplasm of vaginal vault","CAN_COD","Codes for relevant malignancies","188209005","289207017",
"289208010","Malignant neoplasm of vagina NOS","CAN_COD","Codes for relevant malignancies","363445000","482688018",
"289209019","Malignant neoplasm of greater vestibular (Bartholin's) gland","CAN_COD","Codes for relevant malignancies","188211001","289209019",
"289210012","Malignant neoplasm of labia majora NOS","CAN_COD","Codes for relevant malignancies","363446004","482690017",
"289217010","Malignant neoplasm of other specified female genital organ","CAN_COD","Codes for relevant malignancies","363514001","482815014",
"289219013","Malignant neoplasm of female genital organ NOS","CAN_COD","Codes for relevant malignancies","363514001","482815014",
"289223017","Malignant neoplasm of undescended testis","CAN_COD","Codes for relevant malignancies","188219004","289223017",
"289224011","Malignant neoplasm of ectopic testis","CAN_COD","Codes for relevant malignancies","188220005","289224011",
"289234019","Malignant neoplasm of undescended testis NOS","CAN_COD","Codes for relevant malignancies","188219004","289220019",
"289242018","Malignant neoplasm of penis and other male genital organs","CAN_COD","Codes for relevant malignancies","363515000","482817018",
"289246015","Malignant neoplasm of body of penis","CAN_COD","Codes for relevant malignancies","188230001","289246015",
"289249010","Malignant neoplasm of penis, part unspecified","CAN_COD","Codes for relevant malignancies","363516004","482819015",
"289251014","Malignant neoplasm of other male genital organ","CAN_COD","Codes for relevant malignancies","363515000","482817018",
"289252019","Malignant neoplasm of seminal vesicle","CAN_COD","Codes for relevant malignancies","188234005","289252019",
"289257013","Malignant neoplasm of tunica vaginalis","CAN_COD","Codes for relevant malignancies","188235006","289257013",
"289259011","Malignant neoplasm of other male genital organ NOS","CAN_COD","Codes for relevant malignancies","363515000","482817018",
"289260018","Malignant neoplasm of penis and other male genital organ NOS","CAN_COD","Codes for relevant malignancies","363515000","482817018",
"289262014","Malignant neoplasm of trigone of urinary bladder","CAN_COD","Codes for relevant malignancies","188239000","289262014",
"289267015","Malignant neoplasm of dome of urinary bladder","CAN_COD","Codes for relevant malignancies","188240003","289267015",
"289270016","Malignant neoplasm of lateral wall of urinary bladder","CAN_COD","Codes for relevant malignancies","188241004","289270016",
"289271017","Malignant neoplasm of anterior wall of urinary bladder","CAN_COD","Codes for relevant malignancies","188242006","289271017",
"289272012","Malignant neoplasm of posterior wall of urinary bladder","CAN_COD","Codes for relevant malignancies","188243001","289272012",
"289275014","Malignant neoplasm of bladder neck","CAN_COD","Codes for relevant malignancies","188244007","289275014",
"289276010","Malignant neoplasm of ureteric orifice","CAN_COD","Codes for relevant malignancies","188245008","289276010",
"289279015","Malignant neoplasm of other site of urinary bladder","CAN_COD","Codes for relevant malignancies","399326009","1773307015",
"289280017","Malignant neoplasm, overlapping lesion of bladder","CAN_COD","Codes for relevant malignancies","188247000","289280017",
"289281018","Malignant neoplasm of urinary bladder NOS","CAN_COD","Codes for relevant malignancies","399326009","1786811017",
"289285010","Malignant neoplasm of kidney parenchyma","CAN_COD","Codes for relevant malignancies","188250002","289285010",
"289288012","Hypernephroma","CAN_COD","Codes for relevant malignancies","702391001","3648998018",
"289294016","Malignant neoplasm of ureteropelvic junction","CAN_COD","Codes for relevant malignancies","188253000","289294016",
"289296019","Malignant neoplasm of renal pelvis NOS","CAN_COD","Codes for relevant malignancies","363457009","482710012",
"289297011","Malignant neoplasm of other urinary organs","CAN_COD","Codes for relevant malignancies","419052002","2577717014",
"289298018","Malignant neoplasm of overlapping lesion of urinary organs","CAN_COD","Codes for relevant malignancies","188256008","289298018",
"289299014","Malignant neoplasm of kidney or urinary organs NOS","CAN_COD","Codes for relevant malignancies","419052002","2577717014",
"289301019","Malignant neoplasm of genitourinary organ NOS","CAN_COD","Codes for relevant malignancies","271468000","406263015",
"289308013","Malignant neoplasm of ciliary body","CAN_COD","Codes for relevant malignancies","188263008","289308013",
"289311014","Malignant neoplasm of iris","CAN_COD","Codes for relevant malignancies","188264002","289311014",
"289314018","Malignant neoplasm of crystalline lens","CAN_COD","Codes for relevant malignancies","188265001","289314018",
"289315017","Malignant neoplasm of sclera","CAN_COD","Codes for relevant malignancies","188266000","289315017",
"289316016","Malignant neoplasm of eyeball NOS","CAN_COD","Codes for relevant malignancies","188261005","289305011",
"289317013","Malignant neoplasm of connective tissue of orbit","CAN_COD","Codes for relevant malignancies","188268004","289317013",
"289318015","Malignant neoplasm of extraocular muscle of orbit","CAN_COD","Codes for relevant malignancies","188269007","289318015",
"289319011","Malignant neoplasm of orbit NOS","CAN_COD","Codes for relevant malignancies","363462005","482720019",
"289322013","Malignant neoplasm of lacrimal gland","CAN_COD","Codes for relevant malignancies","188272000","289322013",
"289325010","Malignant neoplasm of lacrimal sac","CAN_COD","Codes for relevant malignancies","188273005","289325010",
"289326011","Malignant neoplasm of nasolacrimal duct","CAN_COD","Codes for relevant malignancies","188274004","289326011",
"289327019","Malignant neoplasm of lacrimal duct NOS","CAN_COD","Codes for relevant malignancies","280959007","418842013",
"289329016","Malignant neoplasm of other specified site of eye","CAN_COD","Codes for relevant malignancies","363461003","1208876015",
"289330014","Malignant neoplasm of eye NOS","CAN_COD","Codes for relevant malignancies","363461003","1208876015",
"289337012","Malignant neoplasm of basal ganglia","CAN_COD","Codes for relevant malignancies","188281006","289337012",
"289338019","Malignant neoplasm of cerebral cortex","CAN_COD","Codes for relevant malignancies","188282004","289338019",
"289339010","Malignant neoplasm of corpus striatum","CAN_COD","Codes for relevant malignancies","188283009","289339010",
"289341011","Malignant neoplasm of globus pallidus","CAN_COD","Codes for relevant malignancies","188285002","289341011",
"289343014","Malignant neoplasm of hypothalamus","CAN_COD","Codes for relevant malignancies","188286001","289343014",
"289345019","Malignant neoplasm of thalamus","CAN_COD","Codes for relevant malignancies","188287005","289345019",
"289346018","Malignant neoplasm of cerebrum NOS","CAN_COD","Codes for relevant malignancies","188280007","289336015",
"289347010","Malignant neoplasm of hippocampus","CAN_COD","Codes for relevant malignancies","188289008","289347010",
"289348017","Malignant neoplasm of uncus","CAN_COD","Codes for relevant malignancies","188290004","289348017",
"289349013","Malignant neoplasm of temporal lobe NOS","CAN_COD","Codes for relevant malignancies","363468009","482731010",
"289352017","Malignant neoplasm of choroid plexus","CAN_COD","Codes for relevant malignancies","188292007","289352017",
"289353010","Malignant neoplasm of floor of cerebral ventricle","CAN_COD","Codes for relevant malignancies","188293002","289353010",
"289354016","Malignant neoplasm of cerebral ventricle NOS","CAN_COD","Codes for relevant malignancies","363471001","482734019",
"289355015","Malignant neoplasm of cerebral peduncle","CAN_COD","Codes for relevant malignancies","188295009","289355015",
"289356019","Malignant neoplasm of medulla oblongata","CAN_COD","Codes for relevant malignancies","188296005","289356019",
"289357011","Malignant neoplasm of midbrain","CAN_COD","Codes for relevant malignancies","188297001","289357011",
"289358018","Malignant neoplasm of pons","CAN_COD","Codes for relevant malignancies","188298006","289358018",
"289360016","Malignant neoplasm of other parts of brain","CAN_COD","Codes for relevant malignancies","428061005","2692069010",
"289361017","Malignant neoplasm of corpus callosum","CAN_COD","Codes for relevant malignancies","188301005","289361017",
"289362012","Malignant neoplasm of tapetum","CAN_COD","Codes for relevant malignancies","188302003","289362012",
"289364013","Malignant neoplasm of other part of brain NOS","CAN_COD","Codes for relevant malignancies","428061005","2692069010",
"289365014","Malignant neoplasm of brain NOS","CAN_COD","Codes for relevant malignancies","428061005","2692069010",
"289369015","Malignant neoplasm of olfactory bulb","CAN_COD","Codes for relevant malignancies","188308004","289369015",
"289374011","Malignant neoplasm of cranial nerves NOS","CAN_COD","Codes for relevant malignancies","188307009","289367018",
"289375012","Malignant neoplasm of cerebral dura mater","CAN_COD","Codes for relevant malignancies","188312005","289375012",
"289376013","Malignant neoplasm of cerebral arachnoid mater","CAN_COD","Codes for relevant malignancies","188313000","289376013",
"289378014","Malignant neoplasm of cerebral pia mater","CAN_COD","Codes for relevant malignancies","188315007","289378014",
"289379018","Malignant neoplasm of cerebral meninges NOS","CAN_COD","Codes for relevant malignancies","363474009","482737014",
"289380015","Malignant neoplasm of spinal dura mater","CAN_COD","Codes for relevant malignancies","188317004","289380015",
"289381016","Malignant neoplasm of spinal arachnoid mater","CAN_COD","Codes for relevant malignancies","188318009","289381016",
"289382011","Malignant neoplasm of spinal pia mater","CAN_COD","Codes for relevant malignancies","188319001","289382011",
"289383018","Malignant neoplasm of spinal meninges NOS","CAN_COD","Codes for relevant malignancies","363497007","482781018",
"289388010","Malignant neoplasm of peripheral nerve of thorax","CAN_COD","Codes for relevant malignancies","188325002","289388010",
"289389019","Malignant neoplasm of peripheral nerve of abdomen","CAN_COD","Codes for relevant malignancies","188326001","289389019",
"289390011","Malignant neoplasm of peripheral nerve of pelvis","CAN_COD","Codes for relevant malignancies","188327005","289390011",
"289396017","Malignant neoplasm of other specified part of nervous system","CAN_COD","Codes for relevant malignancies","372063002","1210641014",
"289397014","Malignant neoplasm of nervous system NOS","CAN_COD","Codes for relevant malignancies","372063002","1210641014",
"289406011","Malignant neoplasm of adrenal gland NOS","CAN_COD","Codes for relevant malignancies","363355002","482510010",
"289409016","Malignant neoplasm of craniopharyngeal duct","CAN_COD","Codes for relevant malignancies","188340000","289409016",
"289413011","Malignant neoplasm of aortic body and other paraganglia","CAN_COD","Codes for relevant malignancies","93941005","510894017",
"289419010","Malignant neoplasm of aortic body or paraganglia NOS","CAN_COD","Codes for relevant malignancies","93941005","510894017",
"289421017","Malignant neoplasm of other specified endocrine gland","CAN_COD","Codes for relevant malignancies","371982006","1210569011",
"289423019","Malignant neoplasm of other and ill-defined sites","CAN_COD","Codes for relevant malignancies","302817000","444727016",
"289424013","Malignant neoplasm of head, neck and face","CAN_COD","Codes for relevant malignancies","188353002","289424013",
"289425014","Malignant neoplasm of head NOS","CAN_COD","Codes for relevant malignancies","255056009","380072014",
"289426010","Malignant neoplasm of cheek NOS","CAN_COD","Codes for relevant malignancies","447949005","2900962011",
"289427018","Malignant neoplasm of nose NOS","CAN_COD","Codes for relevant malignancies","1090251000000105","2731361000000116",
"289428011","Malignant neoplasm of jaw NOS","CAN_COD","Codes for relevant malignancies","1090921000000106","2732721000000117",
"289429015","Malignant neoplasm of neck NOS","CAN_COD","Codes for relevant malignancies","363489000","482765011",
"289430013","Malignant neoplasm of supraclavicular fossa NOS","CAN_COD","Codes for relevant malignancies","1090951000000101","2732781000000116",
"289431012","Malignant neoplasm of head, neck and face NOS","CAN_COD","Codes for relevant malignancies","188353002","289424013",
"289432017","Malignant neoplasm of thorax","CAN_COD","Codes for relevant malignancies","188361007","289432017",
"289435015","Malignant neoplasm of axilla NOS","CAN_COD","Codes for relevant malignancies","363502009","482790013",
"289436019","Malignant neoplasm of chest wall NOS","CAN_COD","Codes for relevant malignancies","712750007","3285316016",
"289437011","Malignant neoplasm of intrathoracic site NOS","CAN_COD","Codes for relevant malignancies","428100006","2691955010",
"289438018","Malignant neoplasm of thorax NOS","CAN_COD","Codes for relevant malignancies","188361007","289432017",
"289441010","Malignant neoplasm of abdomen","CAN_COD","Codes for relevant malignancies","188366002","289441010",
"289442015","Malignant neoplasm of inguinal region NOS","CAN_COD","Codes for relevant malignancies","1090941000000104","2732761000000113",
"289445018","Malignant neoplasm of pelvis NOS","CAN_COD","Codes for relevant malignancies","363484005","482755017",
"289446017","Malignant neoplasm of upper limb NOS","CAN_COD","Codes for relevant malignancies","363503004","482792017",
"289447014","Malignant neoplasm of lower limb NOS","CAN_COD","Codes for relevant malignancies","363504005","482794016",
"289448016","Malignant neoplasm of other specified sites","CAN_COD","Codes for relevant malignancies","363346000","482491013",
"289451011","Malignant neoplasm of flank NOS","CAN_COD","Codes for relevant malignancies","1090301000000103","2731461000000112",
"289452016","Malignant neoplasm of specified site NOS","CAN_COD","Codes for relevant malignancies","363346000","482491013",
"289515018","Secondary malignant neoplasm of other respiratory organs","CAN_COD","Codes for relevant malignancies","94515004","156631011",
"289530010","Secondary malignant neoplasm of other digestive organ","CAN_COD","Codes for relevant malignancies","94313005","156111011",
"289535017","Secondary malignant neoplasm of other urinary organs","CAN_COD","Codes for relevant malignancies","94663008","156981017",
"289536016","Secondary malignant neoplasm of other urinary organ NOS","CAN_COD","Codes for relevant malignancies","94663008","156981017",
"289538015","Secondary malignant neoplasm of skin of head","CAN_COD","Codes for relevant malignancies","188454009","289538015",
"289542017","Secondary malignant neoplasm of skin of shoulder and arm","CAN_COD","Codes for relevant malignancies","188458007","289542017",
"289543010","Secondary malignant neoplasm of skin of hip and leg","CAN_COD","Codes for relevant malignancies","188459004","289543010",
"289545015","Secondary malignant neoplasm of skin NOS","CAN_COD","Codes for relevant malignancies","94579000","156777013",
"289546019","Secondary malignant neoplasm of brain and spinal cord","CAN_COD","Codes for relevant malignancies","188462001","289546019",
"289549014","Secondary malignant neoplasm of brain or spinal cord NOS","CAN_COD","Codes for relevant malignancies","188462001","289546019",
"289550014","Secondary malignant neoplasm of other part of nervous system","CAN_COD","Codes for relevant malignancies","94442001","156461011",
"289553011","Secondary malignant neoplasm of cervix uteri","CAN_COD","Codes for relevant malignancies","188469005","289553011",
"289554017","Secondary cancer of the cervix","CAN_COD","Codes for relevant malignancies","188469005","289554017",
"289557012","Secondary malignant neoplasm of epididymis and vas deferens","CAN_COD","Codes for relevant malignancies","188471005","2668736017",
"289559010","Secondary malignant neoplasm of other specified site NOS","CAN_COD","Codes for relevant malignancies","128462008","206784011",
"289561018","Malignant neoplasm of unspecified site","CAN_COD","Codes for relevant malignancies","302817000","444727016",
"289565010","Other malignant neoplasm NOS","CAN_COD","Codes for relevant malignancies","363346000","1228480011",
"289566011","Malignant neoplasms of independent (primary) multiple sites","CAN_COD","Codes for relevant malignancies","188478004","289566011",
"289571016","Malignant neoplasm of unspecified site NOS","CAN_COD","Codes for relevant malignancies","363346000","482491013",
"289574012","Malignant neoplasm of other and unspecified site NOS","CAN_COD","Codes for relevant malignancies","363346000","1208875016",
"289580016","Lymphosarcoma and reticulosarcoma","CAN_COD","Codes for relevant malignancies","188487008","289580016",
"289581017","Reticulosarcoma of unspecified site","CAN_COD","Codes for relevant malignancies","373168002","1211679013",
"289582012","Reticulosarcoma of lymph nodes of head, face and neck","CAN_COD","Codes for relevant malignancies","188489006","289582012",
"289585014","Reticulosarcoma of lymph nodes of axilla and upper limb","CAN_COD","Codes for relevant malignancies","188492005","289585014",
"289590012","Reticulosarcoma NOS","CAN_COD","Codes for relevant malignancies","373168002","1211679013",
"289591011","Lymphosarcoma","CAN_COD","Codes for relevant malignancies","188498009","289591011",
"289592016","Lymphosarcoma of unspecified site","CAN_COD","Codes for relevant malignancies","188498009","289591011",
"289593014","Lymphosarcoma of lymph nodes of head, face and neck","CAN_COD","Codes for relevant malignancies","188500005","289593014",
"289594015","Lymphosarcoma of intrathoracic lymph nodes","CAN_COD","Codes for relevant malignancies","188501009","289594015",
"289595019","Lymphosarcoma of intra-abdominal lymph nodes","CAN_COD","Codes for relevant malignancies","188502002","289595019",
"289596018","Lymphosarcoma of lymph nodes of axilla and upper limb","CAN_COD","Codes for relevant malignancies","188503007","289596018",
"289598017","Lymphosarcoma of intrapelvic lymph nodes","CAN_COD","Codes for relevant malignancies","188505000","289598017",
"289599013","Lymphosarcoma of spleen","CAN_COD","Codes for relevant malignancies","188506004","289599013",
"289600011","Lymphosarcoma of lymph nodes of multiple sites","CAN_COD","Codes for relevant malignancies","188507008","289600011",
"289601010","Lymphosarcoma NOS","CAN_COD","Codes for relevant malignancies","188498009","289591011",
"289602015","Burkitt's lymphoma of unspecified site","CAN_COD","Codes for relevant malignancies","118617000","177036013",
"289603013","Burkitt's lymphoma of lymph nodes of head, face and neck","CAN_COD","Codes for relevant malignancies","188510001","289603013",
"289604019","Burkitt's lymphoma of intrathoracic lymph nodes","CAN_COD","Codes for relevant malignancies","188511002","289604019",
"289605018","Burkitt's lymphoma of intra-abdominal lymph nodes","CAN_COD","Codes for relevant malignancies","188512009","289605018",
"289606017","Burkitt's lymphoma of lymph nodes of axilla and upper limb","CAN_COD","Codes for relevant malignancies","188513004","289606017",
"289608016","Burkitt's lymphoma of intrapelvic lymph nodes","CAN_COD","Codes for relevant malignancies","188515006","289608016",
"289610019","Burkitt's lymphoma of spleen","CAN_COD","Codes for relevant malignancies","188516007","289610019",
"289611015","Burkitt's lymphoma of lymph nodes of multiple sites","CAN_COD","Codes for relevant malignancies","188517003","289611015",
"289612010","Burkitt's lymphoma NOS","CAN_COD","Codes for relevant malignancies","118617000","2663190016",
"289613017","Other specified reticulosarcoma or lymphosarcoma","CAN_COD","Codes for relevant malignancies","188487008","289580016",
"289614011","Reticulosarcoma or lymphosarcoma NOS","CAN_COD","Codes for relevant malignancies","188487008","289580016",
"289616013","Hodgkin's paragranuloma of unspecified site","CAN_COD","Codes for relevant malignancies","118605002","177024019",
"289618014","Hodgkin's paragranuloma of intrathoracic lymph nodes","CAN_COD","Codes for relevant malignancies","188524002","289618014",
"289621011","Hodgkin's paragranuloma of intra-abdominal lymph nodes","CAN_COD","Codes for relevant malignancies","93493001","3635497016",
"289624015","Hodgkin's paragranuloma of intrapelvic lymph nodes","CAN_COD","Codes for relevant malignancies","188529007","289624015",
"289626018","Hodgkin's paragranuloma of lymph nodes of multiple sites","CAN_COD","Codes for relevant malignancies","188531003","289626018",
"289627010","Hodgkin's paragranuloma NOS","CAN_COD","Codes for relevant malignancies","118605002","177024019",
"289628017","Hodgkin's granuloma of unspecified site","CAN_COD","Codes for relevant malignancies","118602004","177021010",
"289629013","Hodgkin's granuloma of lymph nodes of head, face and neck","CAN_COD","Codes for relevant malignancies","188534006","289629013",
"289632011","Hodgkin's granuloma of intra-abdominal lymph nodes","CAN_COD","Codes for relevant malignancies","188536008","289632011",
"289633018","Hodgkin's granuloma of lymph nodes of axilla and upper limb","CAN_COD","Codes for relevant malignancies","188537004","289633018",
"289637017","Hodgkin's granuloma of lymph nodes of multiple sites","CAN_COD","Codes for relevant malignancies","188541000","289637017",
"289638010","Hodgkin's granuloma NOS","CAN_COD","Codes for relevant malignancies","118602004","177021010",
"289639019","Hodgkin's sarcoma of unspecified site","CAN_COD","Codes for relevant malignancies","118606001","177025018",
"289640017","Hodgkin's sarcoma of lymph nodes of head, face and neck","CAN_COD","Codes for relevant malignancies","188544008","289640017",
"289643015","Hodgkin's sarcoma of lymph nodes of axilla and upper limb","CAN_COD","Codes for relevant malignancies","188547001","289643015",
"289647019","Hodgkin's sarcoma of lymph nodes of multiple sites","CAN_COD","Codes for relevant malignancies","188551004","289647019",
"289648012","Hodgkin's sarcoma NOS","CAN_COD","Codes for relevant malignancies","118606001","177025018",
"289657018","Hodgkin's, lymphocytic-histiocytic predominance of spleen","CAN_COD","Codes for relevant malignancies","93500006","154785018",
"289659015","Hodgkin's, lymphocytic-histiocytic predominance NOS","CAN_COD","Codes for relevant malignancies","118607005","177026017",
"289660013","Hodgkin's disease, nodular sclerosis of unspecified site","CAN_COD","Codes for relevant malignancies","118608000","177027014",
"289669014","Hodgkin's disease, nodular sclerosis NOS","CAN_COD","Codes for relevant malignancies","118608000","177027014",
"289670010","Hodgkin's disease, mixed cellularity of unspecified site","CAN_COD","Codes for relevant malignancies","118609008","177028016",
"289679011","Hodgkin's disease, mixed cellularity NOS","CAN_COD","Codes for relevant malignancies","118609008","177028016",
"289680014","Hodgkin's lymphocytic depletion of unspecified site","CAN_COD","Codes for relevant malignancies","118610003","177029012",
"289699017","Hodgkin's disease, lymphocytic depletion of spleen","CAN_COD","Codes for relevant malignancies","188592008","289699017",
"289701017","Hodgkin's disease, lymphocytic depletion NOS","CAN_COD","Codes for relevant malignancies","118610003","177029012",
"289702012","Hodgkin's disease NOS","CAN_COD","Codes for relevant malignancies","118599009","2663473018",
"289703019","Hodgkin's disease NOS, unspecified site","CAN_COD","Codes for relevant malignancies","118599009","177017015",
"289704013","Hodgkin's disease NOS of lymph nodes of head, face and neck","CAN_COD","Codes for relevant malignancies","93524003","154823017",
"289705014","Hodgkin's disease NOS of intrathoracic lymph nodes","CAN_COD","Codes for relevant malignancies","93522004","154818017",
"289706010","Hodgkin's disease NOS of intra-abdominal lymph nodes","CAN_COD","Codes for relevant malignancies","93520007","154814015",
"289709015","Hodgkin's disease NOS of intrapelvic lymph nodes","CAN_COD","Codes for relevant malignancies","93521006","154816018",
"289710013","Hodgkin's disease NOS of spleen","CAN_COD","Codes for relevant malignancies","93527005","154831010",
"289711012","Hodgkin's disease NOS of lymph nodes of multiple sites","CAN_COD","Codes for relevant malignancies","93526001","154829018",
"289717011","Nodular lymphoma of unspecified site","CAN_COD","Codes for relevant malignancies","269476000","403709014",
"289718018","Nodular lymphoma of lymph nodes of head, face and neck","CAN_COD","Codes for relevant malignancies","188609000","289718018",
"289721016","Nodular lymphoma of lymph nodes of axilla and upper limb","CAN_COD","Codes for relevant malignancies","188612002","289721016",
"289726014","Nodular lymphoma NOS","CAN_COD","Codes for relevant malignancies","269476000","403709014",
"289727017","Mycosis fungoides of unspecified site","CAN_COD","Codes for relevant malignancies","118618005","177037016",
"289738017","Mycosis fungoides of lymph nodes of multiple sites","CAN_COD","Codes for relevant malignancies","188627002","289738017",
"289739013","Mycosis fungoides NOS","CAN_COD","Codes for relevant malignancies","118618005","177037016",
"289740010","Sezary's disease of unspecified site","CAN_COD","Codes for relevant malignancies","118611004","177030019",
"289741014","Sezary's disease of lymph nodes of head, face and neck","CAN_COD","Codes for relevant malignancies","188630009","289741014",
"289742019","Sezary's disease of intrathoracic lymph nodes","CAN_COD","Codes for relevant malignancies","188631008","289742019",
"289743012","Sezary's disease of intra-abdominal lymph nodes","CAN_COD","Codes for relevant malignancies","188632001","289743012",
"289744018","Sezary's disease of lymph nodes of axilla and upper limb","CAN_COD","Codes for relevant malignancies","188633006","289744018",
"289746016","Sezary's disease of intrapelvic lymph nodes","CAN_COD","Codes for relevant malignancies","188635004","289746016",
"289748015","Sezary's disease of lymph nodes of multiple sites","CAN_COD","Codes for relevant malignancies","188637007","289748015",
"289749011","Sezary's disease NOS","CAN_COD","Codes for relevant malignancies","118611004","177030019",
"289750011","Malignant histiocytosis of unspecified site","CAN_COD","Codes for relevant malignancies","118612006","177031015",
"289754019","Malignant histiocytosis NOS","CAN_COD","Codes for relevant malignancies","118612006","177031015",
"289756017","Leukaemic reticuloendotheliosis of unspecified sites","CAN_COD","Codes for relevant malignancies","118613001","1215903015",
"289769018","Leukaemic reticuloendotheliosis of spleen","CAN_COD","Codes for relevant malignancies","93151007","510222015",
"289773015","Leukaemic reticuloendotheliosis NOS","CAN_COD","Codes for relevant malignancies","118613001","1215903015",
"289776011","Letterer-Siwe disease of unspecified sites","CAN_COD","Codes for relevant malignancies","118614007","177033017",
"289780018","Letterer-Siwe disease NOS","CAN_COD","Codes for relevant malignancies","118614007","177033017",
"289781019","Malignant mast cell tumours","CAN_COD","Codes for relevant malignancies","188660004","289781019",
"289783016","Mast cell malignancy of unspecified site","CAN_COD","Codes for relevant malignancies","397009000","1776745013",
"289784010","Mast cell malignancy of lymph nodes of head, face and neck","CAN_COD","Codes for relevant malignancies","188662007","289784010",
"289785011","Mast cell malignancy of intrathoracic lymph nodes","CAN_COD","Codes for relevant malignancies","188663002","289785011",
"289786012","Mast cell malignancy of intra-abdominal lymph nodes","CAN_COD","Codes for relevant malignancies","188664008","289786012",
"289787015","Mast cell malignancy of lymph nodes of axilla and upper limb","CAN_COD","Codes for relevant malignancies","188665009","289787015",
"289789017","Mast cell malignancy of intrapelvic lymph nodes","CAN_COD","Codes for relevant malignancies","188667001","289789017",
"289790014","Mast cell malignancy of spleen","CAN_COD","Codes for relevant malignancies","188668006","289790014",
"289791013","Mast cell malignancy of lymph nodes of multiple sites","CAN_COD","Codes for relevant malignancies","188669003","289791013",
"289793011","Malignant mast cell tumour NOS","CAN_COD","Codes for relevant malignancies","118615008","177034011",
"289799010","Diffuse non-Hodgkin's small cell (diffuse) lymphoma","CAN_COD","Codes for relevant malignancies","188674006","289799010",
"289801013","Diffuse non-Hodgkin's small cleaved cell (diffuse) lymphoma","CAN_COD","Codes for relevant malignancies","188675007","289801013",
"289812013","Diffuse non-Hodgkin's lymphoma undifferentiated (diffuse)","CAN_COD","Codes for relevant malignancies","188679001","289812013",
"289813015","Other types of follicular non-Hodgkin's lymphoma","CAN_COD","Codes for relevant malignancies","308121000","451429010",
"289820010","Malignant lymphoma otherwise specified","CAN_COD","Codes for relevant malignancies","118600007","177019017",
"289826016","Malignant immunoproliferative small intestinal disease","CAN_COD","Codes for relevant malignancies","188691005","289826016",
"289829011","Malignant lymphoma NOS","CAN_COD","Codes for relevant malignancies","118600007","2663474012",
"289830018","Malignant lymphoma NOS of unspecified site","CAN_COD","Codes for relevant malignancies","118600007","2663474012",
"289831019","Malignant lymphoma NOS of lymph nodes of head, face and neck","CAN_COD","Codes for relevant malignancies","93195001","154205016",
"289832014","Malignant lymphoma NOS of intrathoracic lymph nodes","CAN_COD","Codes for relevant malignancies","93193008","154200014",
"289842011","Malignant lymphoma NOS of intra-abdominal lymph nodes","CAN_COD","Codes for relevant malignancies","93191005","154196016",
"289845013","Malignant lymphoma NOS of intrapelvic lymph nodes","CAN_COD","Codes for relevant malignancies","93192003","154198015",
"289846014","Malignant lymphoma NOS of spleen","CAN_COD","Codes for relevant malignancies","93198004","154213015",
"289847017","Malignant lymphoma NOS of lymph nodes of multiple sites","CAN_COD","Codes for relevant malignancies","93197009","154211018",
"289849019","Malignant neoplasms of lymphoid and histiocytic tissue NOS","CAN_COD","Codes for relevant malignancies","118600007","177018013",
"289867014","Malignant plasma cell neoplasm, extramedullary plasmacytoma","CAN_COD","Codes for relevant malignancies","188718006","289867014",
"289873010","Other immunoproliferative neoplasms","CAN_COD","Codes for relevant malignancies","275524009","411516014",
"289874016","Immunoproliferative neoplasm or myeloma NOS","CAN_COD","Codes for relevant malignancies","275524009","411516014",
"289875015","Lymphatic leukaemia","CAN_COD","Codes for relevant malignancies","188725004","289875015",
"289876019","Lymphoid leukaemia","CAN_COD","Codes for relevant malignancies","188725004","289876019",
"289880012","Subacute lymphoid leukaemia","CAN_COD","Codes for relevant malignancies","188726003","289880012",
"289881011","Other lymphoid leukaemia","CAN_COD","Codes for relevant malignancies","188725004","289876019",
"289884015","Aleukaemic lymphoid leukaemia","CAN_COD","Codes for relevant malignancies","188728002","289884015",
"289885019","Adult T-cell leukaemia","CAN_COD","Codes for relevant malignancies","188729005","289885019",
"289888017","Other lymphoid leukaemia NOS","CAN_COD","Codes for relevant malignancies","188725004","289876019",
"289889013","Lymphoid leukaemia NOS","CAN_COD","Codes for relevant malignancies","188725004","289876019",
"289892012","Myeloid leukaemia","CAN_COD","Codes for relevant malignancies","188732008","289892012",
"289895014","Chronic eosinophilic leukaemia","CAN_COD","Codes for relevant malignancies","188733003","289895014",
"289898011","Chronic neutrophilic leukaemia","CAN_COD","Codes for relevant malignancies","188734009","289898011",
"289900013","Chronic myeloid leukaemia NOS","CAN_COD","Codes for relevant malignancies","92818009","201656010",
"289901012","Subacute myeloid leukaemia","CAN_COD","Codes for relevant malignancies","188736006","289901012",
"289903010","Chloroma","CAN_COD","Codes for relevant malignancies","188737002","289903010",
"289904016","Granulocytic sarcoma","CAN_COD","Codes for relevant malignancies","188738007","289904016",
"289905015","Myeloid sarcoma NOS","CAN_COD","Codes for relevant malignancies","94719007","157091019",
"289907011","Other myeloid leukaemia","CAN_COD","Codes for relevant malignancies","188732008","289892012",
"289908018","Aleukaemic myeloid leukaemia","CAN_COD","Codes for relevant malignancies","188741003","289908018",
"289911017","Other myeloid leukaemia NOS","CAN_COD","Codes for relevant malignancies","188732008","289892012",
"289912012","Myeloid leukaemia NOS","CAN_COD","Codes for relevant malignancies","188732008","289892012",
"289917018","Monocytic leukaemia","CAN_COD","Codes for relevant malignancies","188744006","289917018",
"289919015","Monoblastic leukaemia","CAN_COD","Codes for relevant malignancies","188744006","289919015",
"289921013","Histiocytic leukaemia","CAN_COD","Codes for relevant malignancies","188744006","289921013",
"289923011","Chronic monocytic leukaemia","CAN_COD","Codes for relevant malignancies","188745007","289923011",
"289924017","Subacute monocytic leukaemia","CAN_COD","Codes for relevant malignancies","188746008","289924017",
"289926015","Other monocytic leukaemia","CAN_COD","Codes for relevant malignancies","188744006","289917018",
"289928019","Aleukaemic monocytic leukaemia","CAN_COD","Codes for relevant malignancies","188748009","289928019",
"289930017","Other monocytic leukaemia NOS","CAN_COD","Codes for relevant malignancies","188744006","289917018",
"289933015","Monocytic leukaemia NOS","CAN_COD","Codes for relevant malignancies","188744006","289917018",
"289934014","Other specified leukaemia","CAN_COD","Codes for relevant malignancies","93143009","154099013",
"289948014","Thrombocytic leukaemia","CAN_COD","Codes for relevant malignancies","188754005","289948014",
"289949018","Megakaryocytic leukaemia","CAN_COD","Codes for relevant malignancies","188754005","289949018",
"289955011","Other and unspecified leukaemia","CAN_COD","Codes for relevant malignancies","93143009","154099013",
"289959017","Other and unspecified leukaemia NOS","CAN_COD","Codes for relevant malignancies","93143009","154099013",
"289960010","Other specified leukaemia NOS","CAN_COD","Codes for relevant malignancies","93143009","154099013",
"289963012","Leukaemia of unspecified cell type","CAN_COD","Codes for relevant malignancies","93143009","154099013",
"289964018","Acute leukaemia NOS","CAN_COD","Codes for relevant malignancies","91855006","201610019",
"289967013","Chronic leukaemia NOS","CAN_COD","Codes for relevant malignancies","92812005","201651017",
"289968015","Subacute leukaemia NOS","CAN_COD","Codes for relevant malignancies","302855005","444829010",
"289971011","Other leukaemia of unspecified cell type","CAN_COD","Codes for relevant malignancies","93143009","154099013",
"289972016","Leukaemia NOS","CAN_COD","Codes for relevant malignancies","93143009","154099013",
"289974015","Myelomonocytic leukaemia","CAN_COD","Codes for relevant malignancies","188768003","289974015",
"289980011","Subacute myelomonocytic leukaemia","CAN_COD","Codes for relevant malignancies","188770007","289980011",
"289987014","Malignant neoplasm lymphatic or haematopoietic tissue NOS","CAN_COD","Codes for relevant malignancies","269475001","403705015",
"2901912012","Diffuse follicle centre lymphoma","CAN_COD","Codes for relevant malignancies","449220000","2901912012",
"291252015","Refractory anaemia without sideroblasts, so stated","CAN_COD","Codes for relevant malignancies","189509003","291252015",
"291964019","[M]Angioendotheliomatosis","CAN_COD","Codes for relevant malignancies","255102004","380165011",
"292018012","[M]Erythroleukaemias","CAN_COD","Codes for relevant malignancies","93451002","154686014",
"292099015","[X]Malignant neoplasm of digestive organs","CAN_COD","Codes for relevant malignancies","255077007","380111011",
"292100011","[X]Other sarcomas of the liver","CAN_COD","Codes for relevant malignancies","254601002","379121016",
"292101010","[X]Other specified carcinomas of liver","CAN_COD","Codes for relevant malignancies","109841003","342812012",
"292102015","[X]Malignant neoplasm of intestinal tract, part unspecified","CAN_COD","Codes for relevant malignancies","363508008","482802017",
"292105018","[X]Malignant neoplasm of bronchus or lung, unspecified","CAN_COD","Codes for relevant malignancies","1090881000000100","2732641000000116",
"292110019","[X]Malignant neoplasm of mediastinum, part unspecified","CAN_COD","Codes for relevant malignancies","363494000","482776010",
"292111015","[X]Malignant neoplasm of bone and articular cartilage","CAN_COD","Codes for relevant malignancies","443679004","2839107012",
"292118014","[X]Malignant melanoma of skin, unspecified","CAN_COD","Codes for relevant malignancies","93655004","155060012",
"292126018","[X]Mesothelioma, unspecified","CAN_COD","Codes for relevant malignancies","109378008","3036244012",
"292127010","[X]Kaposi's sarcoma of multiple organs","CAN_COD","Codes for relevant malignancies","109392002","173951015",
"292128017","[X]Kaposi's sarcoma, unspecified","CAN_COD","Codes for relevant malignancies","109385007","202818010",
"292132011","[X]Malignant neoplasm of peritoneum, unspecified","CAN_COD","Codes for relevant malignancies","363492001","482771017",
"292135013","[X]Malignant neoplasm overlapping lesion of skin","CAN_COD","Codes for relevant malignancies","109264009","173812014",
"292136014","[X]Kaposi's sarcoma of other sites","CAN_COD","Codes for relevant malignancies","109385007","202818010",
"292137017","[X]Malignant neoplasm of breast","CAN_COD","Codes for relevant malignancies","254837009","379664012",
"292138010","[X]Malignant neoplasm of female genital organs","CAN_COD","Codes for relevant malignancies","363514001","482815014",
"292139019","[X]Malignant neoplasm of uterine adnexa, unspecified","CAN_COD","Codes for relevant malignancies","428322007","2694321016",
"292142013","[X]Malignant neoplasm of female genital organ, unspecified","CAN_COD","Codes for relevant malignancies","363514001","482815014",
"292143015","[X]Malignant neoplasm of male genital organs","CAN_COD","Codes for relevant malignancies","363515000","482818011",
"292146011","[X]Malignant neoplasm of male genital organ, unspecified","CAN_COD","Codes for relevant malignancies","363515000","482817018",
"292147019","[X]Malignant neoplasm of urinary tract","CAN_COD","Codes for relevant malignancies","419052002","2577717014",
"292148012","[X]Malignant neoplasm of urinary organ, unspecified","CAN_COD","Codes for relevant malignancies","448233000","2899410013",
"292152012","[X]Malignant neoplasm of meninges, unspecified","CAN_COD","Codes for relevant malignancies","363497007","482781018",
"292154013","[X]Malignant neoplasm of thyroid and other endocrine glands","CAN_COD","Codes for relevant malignancies","371982006","1210569011",
"292156010","[X]Malignant neoplasm of endocrine gland, unspecified","CAN_COD","Codes for relevant malignancies","371982006","1210569011",
"292158011","[X]Malignant neoplasm of other specified sites","CAN_COD","Codes for relevant malignancies","363346000","1208875016",
"292165015","[X]Secondary malignant neoplasm of other specified sites","CAN_COD","Codes for relevant malignancies","128462008","206784011",
"292166019","[X]Malignant neoplasm without specification of site","CAN_COD","Codes for relevant malignancies","302817000","444727016",
"292169014","[X]Other Hodgkin's disease","CAN_COD","Codes for relevant malignancies","118599009","2663473018",
"292170010","[X]Other types of follicular non-Hodgkin's lymphoma","CAN_COD","Codes for relevant malignancies","308121000","451429010",
"292173012","[X]Other types of diffuse non-Hodgkin's lymphoma","CAN_COD","Codes for relevant malignancies","109962001","174656018",
"292174018","[X]Other specified types of non-Hodgkin's lymphoma","CAN_COD","Codes for relevant malignancies","118601006","177020011",
"292175017","[X]Other malignant immunoproliferative diseases","CAN_COD","Codes for relevant malignancies","109980005","174676012",
"292177013","[X]Other lymphoid leukaemia","CAN_COD","Codes for relevant malignancies","188725004","289876019",
"292178015","[X]Other myeloid leukaemia","CAN_COD","Codes for relevant malignancies","188732008","289892012",
"292181013","[X]Other monocytic leukaemia","CAN_COD","Codes for relevant malignancies","188744006","289917018",
"292182018","[X]Other specified leukaemias","CAN_COD","Codes for relevant malignancies","93143009","154099013",
"292185016","[X]Other leukaemia of unspecified cell type","CAN_COD","Codes for relevant malignancies","93143009","154099013",
"292191019","[X]Diffuse non-Hodgkin's lymphoma, unspecified","CAN_COD","Codes for relevant malignancies","109962001","174656018",
"292193016","[X]Unspecified B-cell non-Hodgkin's lymphoma","CAN_COD","Codes for relevant malignancies","1091921000000103","2734911000000119",
"292273018","[X]Refractory anaemia, unspecified","CAN_COD","Codes for relevant malignancies","109996008","202875018",
"292274012","[X]Myelodysplastic syndrome, unspecified","CAN_COD","Codes for relevant malignancies","109995007","2659757019",
"293380012","Waldenstrom's macroglobulinaemia","CAN_COD","Codes for relevant malignancies","190818004","293380012",
"293617011","Histiocytosis X , unspecified","CAN_COD","Codes for relevant malignancies","65399007","108660017",
"293618018","Histiocytosis, unspecified","CAN_COD","Codes for relevant malignancies","65399007","108660017",
"2994171000006119","MEN, type 1","CAN_COD","Codes for relevant malignancies","30664006","51326018",
"2994181000006116","Wermer syndrome","CAN_COD","Codes for relevant malignancies","30664006","51327010",
"2994191000006118","MEA, type 1","CAN_COD","Codes for relevant malignancies","30664006","51328017",
"2994201000006115","Multiple endocrine adenomatosis, type 1","CAN_COD","Codes for relevant malignancies","30664006","51329013",
"2994211000006117","MEN 1 - Multiple endocrine neoplasia syndrome type 1","CAN_COD","Codes for relevant malignancies","30664006","1227293018",
"2994221000006113","MEN 1 syndrome","CAN_COD","Codes for relevant malignancies","30664006","1227294012",
"304071000006110","[M] Angioendotheliomatosis","CAN_COD","Codes for relevant malignancies","255102004","380165011",
"306261000006115","[M]Carcinoid bronchial adenoma","CAN_COD","Codes for relevant malignancies","253003009","376803018",
"3077541000006115","Hormone secretion by carcinoid tumor","CAN_COD","Codes for relevant malignancies","35868009","59847010",
"3077551000006118","Excessive serotonin secretion","CAN_COD","Codes for relevant malignancies","35868009","486293012",
"3077561000006116","Hormone secretion by carcinoid tumour","CAN_COD","Codes for relevant malignancies","35868009","486294018",
"3077571000006111","Hormonal tumour","CAN_COD","Codes for relevant malignancies","35868009","1216449010",
"3077581000006114","Hormonal tumor","CAN_COD","Codes for relevant malignancies","35868009","1217939013",
"308311000006111","[M]Erythraemic myelosis","CAN_COD","Codes for relevant malignancies","93451002","510332012",
"312137011","Osteoporosis in multiple myelomatosis","CAN_COD","Codes for relevant malignancies","739301006","3536112014",
"313271000006116","[M]Multiple myeloma","CAN_COD","Codes for relevant malignancies","109989006","344820010",
"313701000006118","[M]Neoplasm, malignant","CAN_COD","Codes for relevant malignancies","363346000","1228480011",
"313931000006111","[M]Neurofibrosarcoma","CAN_COD","Codes for relevant malignancies","404037002","1787961016",
"314001000006118","[M]No microscopic confirmation of tumour, clinically malig","CAN_COD","Codes for relevant malignancies","363346000","482491013",
"314021000006111","[M]No microscopic confirmation tumour, clinically metastatic","CAN_COD","Codes for relevant malignancies","128462008","206783017",
"31698014","Malignant hydatidiform mole","CAN_COD","Codes for relevant malignancies","416669000","2549192013",
"318211000006116","[M]Wilms' tumour","CAN_COD","Codes for relevant malignancies","302849000","444813019",
"342807011","Hepatocellular carcinoma","CAN_COD","Codes for relevant malignancies","109841003","342807011",
"342834014","Hepatoblastoma of liver","CAN_COD","Codes for relevant malignancies","109843000","342834014",
"342851019","Primary angiosarcoma of liver","CAN_COD","Codes for relevant malignancies","109844006","342851019",
"344657018","T-zone lymphoma","CAN_COD","Codes for relevant malignancies","109975001","344657018",
"344670010","Lymphoepithelioid lymphoma","CAN_COD","Codes for relevant malignancies","109976000","344670010",
"344806015","True histiocytic lymphoma","CAN_COD","Codes for relevant malignancies","109988003","344806015",
"344818012","Kahler's disease","CAN_COD","Codes for relevant malignancies","109989006","344818012",
"344819016","Myelomatosis","CAN_COD","Codes for relevant malignancies","109989006","344819016",
"344820010","Multiple myeloma","CAN_COD","Codes for relevant malignancies","109989006","344820010",
"344846014","Acute myelofibrosis","CAN_COD","Codes for relevant malignancies","109991003","344846014",
"344859018","Polycythaemia rubra vera","CAN_COD","Codes for relevant malignancies","109992005","344859018",
"344860011","Polycythaemia vera","CAN_COD","Codes for relevant malignancies","109992005","344860011",
"344913019","Refractory anaemia","CAN_COD","Codes for relevant malignancies","109996008","344913019",
"3457851000006113","Malignant granuloma of face","CAN_COD","Codes for relevant malignancies","58961005","97983017",
"3457861000006110","Lethal midline granuloma of face","CAN_COD","Codes for relevant malignancies","58961005","97984011",
"3516121000006110","Postmastectomy lymphangiosarcoma syndrome","CAN_COD","Codes for relevant malignancies","62497000","103876013",
"3516131000006113","Lymphangiosarcoma of Stewart and Treves","CAN_COD","Codes for relevant malignancies","62497000","499311010",
"3516141000006115","Lymphangiosarcoma of skin","CAN_COD","Codes for relevant malignancies","62497000","499312015",
"3535828010","Osteoporosis co-occurrent and due to multiple myeloma","CAN_COD","Codes for relevant malignancies","739301006","3535828010",
"353772013","Malignant ascites","CAN_COD","Codes for relevant malignancies","236005001","353772013",
"3563341000006112","Histiocytosis X","CAN_COD","Codes for relevant malignancies","65399007","108660017",
"3563351000006114","Langerhans cell disease","CAN_COD","Codes for relevant malignancies","65399007","108662013",
"3563361000006111","Differentiated progressive histiocytosis","CAN_COD","Codes for relevant malignancies","65399007","1788109019",
"3563371000006116","LCH - Langerhan's cell histiocytosis","CAN_COD","Codes for relevant malignancies","65399007","1788110012",
"3563381000006118","Langerhan's cell histiocytosis","CAN_COD","Codes for relevant malignancies","65399007","1788111011",
"359271000006110","[X]2ndry malignant neoplasm/bladder+oth+unsp urinary organs","CAN_COD","Codes for relevant malignancies","94663008","156981017",
"359281000006113","[X]2ndry malignant neoplasm/oth+unspec parts/nervous system","CAN_COD","Codes for relevant malignancies","94442001","156461011",
"359291000006111","[X]2ndry+unspcf malignant neoplasm lymph nodes/multi regions","CAN_COD","Codes for relevant malignancies","94396003","156339017",
"3628701000006117","Gorlin syndrome","CAN_COD","Codes for relevant malignancies","69408002","115299010",
"3628711000006119","Nevoid basal cell carcinoma syndrome","CAN_COD","Codes for relevant malignancies","69408002","115300019",
"3628721000006110","Basal cell carcinoma syndrome","CAN_COD","Codes for relevant malignancies","69408002","115301015",
"3628731000006113","Gorlin-Goltz syndrome","CAN_COD","Codes for relevant malignancies","69408002","115302010",
"3628741000006115","Basal cell nevus syndrome","CAN_COD","Codes for relevant malignancies","69408002","115303017",
"3628771000006111","BCNS - Basal cell naevus syndrome","CAN_COD","Codes for relevant malignancies","69408002","1216871010",
"3628781000006114","NBCCS - Naevoid basal cell carcinoma syndrome","CAN_COD","Codes for relevant malignancies","69408002","1216872015",
"3628791000006112","NBCCS - Nevoid basal cell carcinoma syndrome","CAN_COD","Codes for relevant malignancies","69408002","1218358013",
"3628801000006113","BCNS - Basal cell nevus syndrome","CAN_COD","Codes for relevant malignancies","69408002","1218359017",
"3628811000006111","Gorlin's syndrome","CAN_COD","Codes for relevant malignancies","69408002","1233157019",
"378182015","Ayala's disease","CAN_COD","Codes for relevant malignancies","65399007","108660017",
"379088010","Carcinoma of rectum","CAN_COD","Codes for relevant malignancies","254582000","379090011",
"379089019","Rectal carcinoma","CAN_COD","Codes for relevant malignancies","254582000","379090011",
"380059013","Malignant tumour of unknown origin","CAN_COD","Codes for relevant malignancies","255052006","380059013",
"380092019","Carcinoma of genitourinary organ","CAN_COD","Codes for relevant malignancies","255066001","380092019",
"380093012","Sarcoma of bone and connective tissue","CAN_COD","Codes for relevant malignancies","255067005","380093012",
"380095017","Carcinoma of lip, oral cavity and pharynx","CAN_COD","Codes for relevant malignancies","255069008","380095017",
"380110012","Carcinoma of respiratory tract and intrathoracic organs","CAN_COD","Codes for relevant malignancies","428100006","2691955010",
"380129018","Carcinoma of caecum","CAN_COD","Codes for relevant malignancies","255081007","380129018",
"380137014","Anal carcinoma","CAN_COD","Codes for relevant malignancies","363352004","482503016",
"380139012","Carcinoma common bile duct","CAN_COD","Codes for relevant malignancies","255086002","380139012",
"380145016","Malignant neoplasm of carpal bones","CAN_COD","Codes for relevant malignancies","255090000","380145016",
"380146015","Malignant neoplasm of metacarpal bones","CAN_COD","Codes for relevant malignancies","255091001","380146015",
"380180017","Seminoma of testis","CAN_COD","Codes for relevant malignancies","255107005","380180017",
"380193010","Secondary carcinoma of respiratory and/or digestive systems","CAN_COD","Codes for relevant malignancies","269473008","403703010",
"380206018","Secondary carcinoma of other specified sites","CAN_COD","Codes for relevant malignancies","128462008","206783017",
"380211016","Carcinoma of other and unspecified sites","CAN_COD","Codes for relevant malignancies","363346000","1228478017",
"396091000006118","[X]Mal neoplasm/connective+soft tissue of trunk,unspecified","CAN_COD","Codes for relevant malignancies","269469005","403699012",
"396101000006112","[X]Mal neoplasm/lymphoid,haematopoietic+related tissu,unspcf","CAN_COD","Codes for relevant malignancies","269475001","403706019",
"396111000006110","[X]Mal neoplasm/overlap les/periph nerv+autonomic nerv systm","CAN_COD","Codes for relevant malignancies","109919002","174612018",
"396121000006119","[X]Mal neoplasm/overlap lesion/bone+articular cartilage/limb","CAN_COD","Codes for relevant malignancies","109348004","1219463017",
"396131000006116","[X]Mal neoplasm/periph nerves+autonomic nervous system,unspc","CAN_COD","Codes for relevant malignancies","188321006","289384012",
"396161000006113","[X]Malig neopl, overlap lesion brain & other part of CNS","CAN_COD","Codes for relevant malignancies","109911004","174604014",
"396171000006118","[X]Malignant melanoma of other+unspecified parts of face","CAN_COD","Codes for relevant malignancies","93225001","154247017",
"396191000006117","[X]Malignant neopl/overlapping les/resp+intrathoracic organs","CAN_COD","Codes for relevant malignancies","93841009","510723012",
"396251000006115","[X]Malignant neoplasm of eye, brain and other parts of cent","CAN_COD","Codes for relevant malignancies","372062007","1210640010",
"396281000006111","[X]Malignant neoplasm of ill-defined, secondary and unspeci","CAN_COD","Codes for relevant malignancies","363346000","482491013",
"396301000006110","[X]Malignant neoplasm of lip, oral cavity and pharynx","CAN_COD","Codes for relevant malignancies","271323007","406052010",
"396461000006117","[X]Malignant neoplasm-pluriglandular involvement,unspecified","CAN_COD","Codes for relevant malignancies","1090931000000108","2732741000000112",
"396471000006112","[X]Malignant neoplasm/bone+articular cartilage, unspecified","CAN_COD","Codes for relevant malignancies","443679004","2839107012",
"396481000006110","[X]Malignant neoplasm/bones+articular cartilage/limb,unspfd","CAN_COD","Codes for relevant malignancies","1090871000000102","2732621000000111",
"396491000006113","[X]Malignant neoplasm/central nervous system, unspecified","CAN_COD","Codes for relevant malignancies","372062007","1210640010",
"396501000006117","[X]Malignant neoplasm/connective + soft tissue,unspecified","CAN_COD","Codes for relevant malignancies","269469005","403699012",
"396511000006119","[X]Malignant neoplasm/ill-defined sites within resp system","CAN_COD","Codes for relevant malignancies","449096009","2899758015",
"396521000006110","[X]Malignant neoplasm/other and unspecified cranial nerves","CAN_COD","Codes for relevant malignancies","188307009","289367018",
"396531000006113","[X]Malignant neoplasm/other specified female genital organs","CAN_COD","Codes for relevant malignancies","363514001","482815014",
"396541000006115","[X]Malignant neoplasm/other specified male genital organs","CAN_COD","Codes for relevant malignancies","363515000","482817018",
"396551000006118","[X]Malignant neoplasm/overlap lesion/bone+articulr cartilage","CAN_COD","Codes for relevant malignancies","109347009","173899016",
"396561000006116","[X]Malignant neoplasm/overlap lesion/heart,mediastinm+pleura","CAN_COD","Codes for relevant malignancies","109384006","1217361012",
"396571000006111","[X]Malignant neoplasm/overlap lesion/other+ill-defined sites","CAN_COD","Codes for relevant malignancies","109358000","173910017",
"396581000006114","[X]Malignant neoplasm/overlapping lesion/feml genital organs","CAN_COD","Codes for relevant malignancies","109878000","174564019",
"396591000006112","[X]Malignant neoplasm/overlapping lesion/male genital organs","CAN_COD","Codes for relevant malignancies","109874003","174560011",
"396601000006116","[X]Malignant neoplasm/peripheral nerves of trunk,unspecified","CAN_COD","Codes for relevant malignancies","1090901000000102","2732681000000112",
"396611000006118","[X]Malignant neoplasm/upper resp tract, part unspecified","CAN_COD","Codes for relevant malignancies","187833006","288777013",
"396621000006114","[X]Malignant neoplasms of lymphoid, haematopoietic and rela","CAN_COD","Codes for relevant malignancies","269475001","403705015",
"396631000006112","[X]Malignant neoplasms/independent (primary) multiple sites","CAN_COD","Codes for relevant malignancies","188478004","289566011",
"396641000006119","[X]Malignant neoplasms/independent(primary)multiple sites","CAN_COD","Codes for relevant malignancies","188478004","289566011",
"396651000006117","[X]Malignant neoplsm/ill-defin sites within digestive system","CAN_COD","Codes for relevant malignancies","428905002","2693067015",
"39671000006114","Oth and unspecif peripheral & cutaneous T-cell lymphomas","CAN_COD","Codes for relevant malignancies","277613000","414240018",
"398291000006110","[X]Mesothelioma of lung","CAN_COD","Codes for relevant malignancies","109378008","2660053016",
"3992561000006119","Acute leukemia","CAN_COD","Codes for relevant malignancies","91855006","152149013",
"3992571000006114","Acute leukaemia, disease","CAN_COD","Codes for relevant malignancies","91855006","2770452019",
"3992581000006112","Acute leukemia, disease","CAN_COD","Codes for relevant malignancies","91855006","2770453012",
"3992621000006112","Acute lymphoid leukemia","CAN_COD","Codes for relevant malignancies","91857003","152153010",
"3992631000006110","ALL - Acute lymphoblastic leukaemia","CAN_COD","Codes for relevant malignancies","91857003","1217087018",
"3992641000006117","ALL - Acute lymphoblastic leukemia","CAN_COD","Codes for relevant malignancies","91857003","1218575018",
"3992651000006115","Acute lymphoid leukaemia, disease","CAN_COD","Codes for relevant malignancies","91857003","2770360019",
"3992661000006118","Acute lymphoid leukemia, disease","CAN_COD","Codes for relevant malignancies","91857003","2771744010",
"3992711000006112","Acute myeloid leukaemia, disease","CAN_COD","Codes for relevant malignancies","91861009","1207830016",
"3992721000006116","Acute myeloid leukemia","CAN_COD","Codes for relevant malignancies","91861009","152159014",
"3992741000006111","AML - Acute myeloid leukemia","CAN_COD","Codes for relevant malignancies","91861009","509748011",
"3992751000006113","Acute myeloid leukemia, disease","CAN_COD","Codes for relevant malignancies","91861009","509749015",
"3992761000006110","AML - Acute myeloid leukaemia","CAN_COD","Codes for relevant malignancies","91861009","509750015",
"3992781000006117","AML - Acute myeloblastic leukemia","CAN_COD","Codes for relevant malignancies","91861009","2536483016",
"3992791000006119","Acute myelocytic leukaemia","CAN_COD","Codes for relevant malignancies","91861009","2838441019",
"3992801000006118","Acute myelocytic leukemia","CAN_COD","Codes for relevant malignancies","91861009","2838442014",
"399761000006116","[X]Neoplasm/uncertn+unknwn behavior/oth myelodysplastic synd","CAN_COD","Codes for relevant malignancies","109995007","174702016",
"400011000006119","[X]Non-Hodgkin's lymphoma NOS","CAN_COD","Codes for relevant malignancies","118601006","2663475013",
"4008941000006119","Carcinoma in situ of thyroid gland","CAN_COD","Codes for relevant malignancies","92767001","153380017",
"4008961000006115","Cancer in situ of thyroid","CAN_COD","Codes for relevant malignancies","92767001","3036210017",
"4009641000006117","Chronic leukemia","CAN_COD","Codes for relevant malignancies","92812005","153437013",
"4009651000006115","Chronic leukaemia, disease","CAN_COD","Codes for relevant malignancies","92812005","2770410012",
"4009661000006118","Chronic leukemia, disease","CAN_COD","Codes for relevant malignancies","92812005","2770411011",
"4009701000006114","Chronic lymphoid leukemia","CAN_COD","Codes for relevant malignancies","92814006","153441012",
"4009721000006116","Chronic lymphoid leukemia, disease","CAN_COD","Codes for relevant malignancies","92814006","510119011",
"4009731000006118","CLL - Chronic lymphocytic leukaemia","CAN_COD","Codes for relevant malignancies","92814006","1217277011",
"4009741000006111","CLL - Chronic lymphocytic leukemia","CAN_COD","Codes for relevant malignancies","92814006","1218765019",
"4009781000006117","Chronic myeloid leukemia","CAN_COD","Codes for relevant malignancies","92818009","153447011",
"4009791000006119","CML - Chronic myeloid leukaemia","CAN_COD","Codes for relevant malignancies","92818009","1217278018",
"4009801000006118","CGL - Chronic granulocytic leukaemia","CAN_COD","Codes for relevant malignancies","92818009","1217279014",
"4009811000006115","CGL - Chronic granulocytic leukemia","CAN_COD","Codes for relevant malignancies","92818009","1218766018",
"4009821000006111","CML - Chronic myeloid leukemia","CAN_COD","Codes for relevant malignancies","92818009","1218767010",
"4009831000006114","Chronic myeloid leukaemia, disease","CAN_COD","Codes for relevant malignancies","92818009","2770413014",
"4009841000006116","Chronic myeloid leukemia, disease","CAN_COD","Codes for relevant malignancies","92818009","2772431018",
"4009851000006119","Chronic myelocytic leukaemia","CAN_COD","Codes for relevant malignancies","92818009","2837901015",
"4009861000006117","Chronic myelocytic leukemia","CAN_COD","Codes for relevant malignancies","92818009","2837902010",
"4015461000006115","Letterer-Siwe disease of lymph nodes of axilla AND/OR upper limb","CAN_COD","Codes for relevant malignancies","93136003","154083019",
"4015481000006113","Letterer-Siwe disease of lymph nodes of head, face AND/OR neck","CAN_COD","Codes for relevant malignancies","93137007","154085014",
"4015491000006111","Letterer-Siwe disease of lymph nodes of inguinal region AND/OR lower limb","CAN_COD","Codes for relevant malignancies","93138002","154087018",
"4015571000006114","Leukemia","CAN_COD","Codes for relevant malignancies","93143009","154100017",
"4015581000006112","Leukemia, disease","CAN_COD","Codes for relevant malignancies","93143009","2672406015",
"4015591000006110","Leukaemia, disease","CAN_COD","Codes for relevant malignancies","93143009","2672407012",
"4015611000006116","Leukemic reticuloendotheliosis of intra-abdominal lymph nodes","CAN_COD","Codes for relevant malignancies","93144003","154105010",
"4015631000006110","Leukemic reticuloendotheliosis of intrapelvic lymph nodes","CAN_COD","Codes for relevant malignancies","93145002","154107019",
"4015651000006115","Leukemic reticuloendotheliosis of intrathoracic lymph nodes","CAN_COD","Codes for relevant malignancies","93146001","154109016",
"4015731000006118","Leukemic reticuloendotheliosis of lymph nodes of multiple sites","CAN_COD","Codes for relevant malignancies","93150008","154123019",
"4015741000006111","Hairy cell leukaemia of spleen","CAN_COD","Codes for relevant malignancies","93151007","510223013",
"4015751000006113","Leukemic reticuloendotheliosis of spleen","CAN_COD","Codes for relevant malignancies","93151007","154125014",
"4015761000006110","Hairy cell leukemia of spleen","CAN_COD","Codes for relevant malignancies","93151007","201660013",
"4016311000006116","Malignant lymphoma of intra-abdominal lymph nodes","CAN_COD","Codes for relevant malignancies","93191005","4016311000006116",
"4016321000006112","Malignant lymphoma of intrapelvic lymph nodes","CAN_COD","Codes for relevant malignancies","93192003","4016321000006112",
"4016331000006110","Malignant lymphoma of intrathoracic lymph nodes","CAN_COD","Codes for relevant malignancies","93193008","4016331000006110",
"4016341000006117","Malignant lymphoma of lymph nodes of axilla AND/OR upper limb","CAN_COD","Codes for relevant malignancies","93194002","4016341000006117",
"4016351000006115","Malignant lymphoma of lymph nodes of head, face AND/OR neck","CAN_COD","Codes for relevant malignancies","93195001","4016351000006115",
"4016361000006118","Malignant lymphoma of lymph nodes of inguinal region AND/OR lower limb","CAN_COD","Codes for relevant malignancies","93196000","4016361000006118",
"4016371000006113","Malignant lymphoma of lymph nodes of multiple sites","CAN_COD","Codes for relevant malignancies","93197009","4016371000006113",
"4016381000006111","Malignant lymphoma of spleen","CAN_COD","Codes for relevant malignancies","93198004","4016381000006111",
"4016651000006112","Malignant melanoma of skin of cheek","CAN_COD","Codes for relevant malignancies","93217003","154239017",
"4016721000006111","Malignant melanoma of skin of eyebrow","CAN_COD","Codes for relevant malignancies","93223008","154245013",
"4020841000006118","Erythroleukaemia, FAB M6","CAN_COD","Codes for relevant malignancies","93451002","510333019",
"4020861000006119","Di Guglielmo's disease","CAN_COD","Codes for relevant malignancies","93451002","201658011",
"4020881000006112","M6 - Acute erythroleukaemia","CAN_COD","Codes for relevant malignancies","93451002","510331017",
"4020901000006114","Erythremic myelosis","CAN_COD","Codes for relevant malignancies","93451002","510334013",
"4020911000006112","M6 - Acute erythroleukemia","CAN_COD","Codes for relevant malignancies","93451002","510335014",
"4020921000006116","Erythroleukemia","CAN_COD","Codes for relevant malignancies","93451002","510336010",
"4021761000006119","Hodgkin disease, lymphocytic-histiocytic predominance of intra-abdominal lymph nodes","CAN_COD","Codes for relevant malignancies","93493001","2838756012",
"4021781000006112","Hodgkin disease, lymphocytic-histiocytic predominance of intrapelvic lymph nodes","CAN_COD","Codes for relevant malignancies","93494007","2839124018",
"4021801000006111","Hodgkin disease, lymphocytic-histiocytic predominance of intrathoracic lymph nodes","CAN_COD","Codes for relevant malignancies","93495008","2839642010",
"4021881000006119","Hodgkin disease, lymphocytic-histiocytic predominance of spleen","CAN_COD","Codes for relevant malignancies","93500006","2840455014",
"4021981000006114","Hodgkin disease, mixed cellularity of spleen","CAN_COD","Codes for relevant malignancies","93509007","2839874018",
"4022081000006117","Hodgkin disease, nodular sclerosis of spleen","CAN_COD","Codes for relevant malignancies","93518009","2839403017",
"4022111000006111","Hodgkin's disease of intra-abdominal lymph nodes","CAN_COD","Codes for relevant malignancies","93520007","4022111000006111",
"4022121000006115","Hodgkin disease of intra-abdominal lymph nodes","CAN_COD","Codes for relevant malignancies","93520007","2840063019",
"4022131000006117","Hodgkin's disease of intrapelvic lymph nodes","CAN_COD","Codes for relevant malignancies","93521006","4022131000006117",
"4022141000006110","Hodgkin disease of intrapelvic lymph nodes","CAN_COD","Codes for relevant malignancies","93521006","2838312010",
"4022151000006112","Hodgkin's disease of intrathoracic lymph nodes","CAN_COD","Codes for relevant malignancies","93522004","4022151000006112",
"4022161000006114","Hodgkin disease of intrathoracic lymph nodes","CAN_COD","Codes for relevant malignancies","93522004","2837756010",
"4022171000006119","Hodgkin's disease of lymph nodes of axilla AND/OR upper limb","CAN_COD","Codes for relevant malignancies","93523009","4022171000006119",
"4022181000006116","Hodgkin disease of lymph nodes of axilla AND/OR upper limb","CAN_COD","Codes for relevant malignancies","93523009","2840460013",
"4022191000006118","Hodgkin's disease of lymph nodes of head, face AND/OR neck","CAN_COD","Codes for relevant malignancies","93524003","4022191000006118",
"4022201000006115","Hodgkin disease of lymph nodes of head, face AND/OR neck","CAN_COD","Codes for relevant malignancies","93524003","2838942019",
"4022211000006117","Hodgkin's disease of lymph nodes of inguinal region AND/OR lower limb","CAN_COD","Codes for relevant malignancies","93525002","4022211000006117",
"4022221000006113","Hodgkin disease of lymph nodes of inguinal region AND/OR lower limb","CAN_COD","Codes for relevant malignancies","93525002","2839814011",
"4022231000006111","Hodgkin's disease of lymph nodes of multiple sites","CAN_COD","Codes for relevant malignancies","93526001","4022231000006111",
"4022241000006118","Hodgkin disease of lymph nodes of multiple sites","CAN_COD","Codes for relevant malignancies","93526001","2838958016",
"4022251000006116","Hodgkin's disease of spleen","CAN_COD","Codes for relevant malignancies","93527005","4022251000006116",
"4022261000006119","Hodgkin disease of spleen","CAN_COD","Codes for relevant malignancies","93527005","2839837017",
"4022301000006111","Hodgkin granuloma of intrapelvic lymph nodes","CAN_COD","Codes for relevant malignancies","93530003","2838606012",
"4022321000006118","Hodgkin granuloma of intrathoracic lymph nodes","CAN_COD","Codes for relevant malignancies","93531004","2839420018",
"4022401000006119","Hodgkin granuloma of spleen","CAN_COD","Codes for relevant malignancies","93536009","2838780011",
"4022431000006110","Hodgkin's paragranuloma of lymph nodes of axilla AND/OR upper limb","CAN_COD","Codes for relevant malignancies","93541001","154852019",
"4022451000006115","Hodgkin paragranuloma of lymph nodes of axilla AND/OR upper limb","CAN_COD","Codes for relevant malignancies","93541001","2839870010",
"4022461000006118","Hodgkin's paragranuloma of lymph nodes of head, face AND/OR neck","CAN_COD","Codes for relevant malignancies","93542008","154854018",
"4022481000006111","Hodgkin paragranuloma of lymph nodes of head, face AND/OR neck","CAN_COD","Codes for relevant malignancies","93542008","2840041011",
"4022491000006114","Hodgkin's paragranuloma of lymph nodes of inguinal region AND/OR lower limb","CAN_COD","Codes for relevant malignancies","93543003","154856016",
"4022511000006115","Hodgkin paragranuloma of lymph nodes of inguinal region AND/OR lower limb","CAN_COD","Codes for relevant malignancies","93543003","2841726012",
"4022531000006114","Hodgkin paragranuloma of spleen","CAN_COD","Codes for relevant malignancies","93545005","2839324011",
"4022571000006112","Hodgkin sarcoma of intra-abdominal lymph nodes","CAN_COD","Codes for relevant malignancies","93547002","2839827010",
"4022591000006113","Hodgkin sarcoma of intrapelvic lymph nodes","CAN_COD","Codes for relevant malignancies","93548007","2839828017",
"4022611000006119","Hodgkin sarcoma of intrathoracic lymph nodes","CAN_COD","Codes for relevant malignancies","93549004","2839829013",
"4022691000006112","Hodgkin sarcoma of spleen","CAN_COD","Codes for relevant malignancies","93554008","2837945015",
"4024291000006115","Malignant melanoma of skin of nose","CAN_COD","Codes for relevant malignancies","93643005","155046010",
"4024431000006115","MM - Malignant melanoma of skin","CAN_COD","Codes for relevant malignancies","93655004","1235799013",
"4024441000006113","Cutaneous malignant melanoma","CAN_COD","Codes for relevant malignancies","93655004","1235800012",
"4024451000006110","Melanoma of skin","CAN_COD","Codes for relevant malignancies","93655004","3035795018",
"4024501000006112","Primary malignant neoplasm of acromion","CAN_COD","Codes for relevant malignancies","93661001","510419015",
"4024631000006117","Primary malignant neoplasm of aortic body","CAN_COD","Codes for relevant malignancies","93677000","510443017",
"4024671000006119","Primary malignant neoplasm of areola of female breast","CAN_COD","Codes for relevant malignancies","93680004","510448014",
"4024691000006118","Primary malignant neoplasm of areola of male breast","CAN_COD","Codes for relevant malignancies","93681000","510449018",
"4025111000006118","Primary malignant neoplasm of broad ligament","CAN_COD","Codes for relevant malignancies","93728003","510514011",
"4025411000006113","Primary malignant neoplasm of clavicle","CAN_COD","Codes for relevant malignancies","93757004","510565015",
"4025431000006119","Primary malignant neoplasm of coccygeal body","CAN_COD","Codes for relevant malignancies","93759001","510568018",
"4025471000006116","Primary malignant neoplasm of common bile duct","CAN_COD","Codes for relevant malignancies","93763008","510578015",
"4025551000006110","Primary malignant neoplasm of cuboid","CAN_COD","Codes for relevant malignancies","93769007","510584017",
"4025571000006117","Primary malignant neoplasm of cystic duct","CAN_COD","Codes for relevant malignancies","93770008","510587012",
"4025601000006112","Primary malignant neoplasm of diaphragm","CAN_COD","Codes for relevant malignancies","93772000","510589010",
"4025671000006118","Primary malignant neoplasm of endocervix","CAN_COD","Codes for relevant malignancies","93779009","510596012",
"4025681000006115","Cancer of endocervix","CAN_COD","Codes for relevant malignancies","93779009","3012522013",
"4025711000006119","Primary malignant neoplasm of epicardium","CAN_COD","Codes for relevant malignancies","93782004","510606013",
"4025751000006118","Primary malignant neoplasm of ethmoid bone","CAN_COD","Codes for relevant malignancies","93786001","510618016",
"4025791000006112","Primary malignant neoplasm of exocervix","CAN_COD","Codes for relevant malignancies","93789008","510621019",
"4025841000006110","Primary malignant neoplasm of femur","CAN_COD","Codes for relevant malignancies","93798006","510642017",
"4025861000006114","Primary malignant neoplasm of fibula","CAN_COD","Codes for relevant malignancies","93799003","510643010",
"4025931000006110","Primary malignant neoplasm of frontal bone","CAN_COD","Codes for relevant malignancies","93806005","510653011",
"4025991000006114","Primary malignant neoplasm of glomus jugulare","CAN_COD","Codes for relevant malignancies","93814004","510668012",
"4026031000006119","Primary malignant neoplasm of great vessels","CAN_COD","Codes for relevant malignancies","93817006","510671016",
"4026111000006112","Primary malignant neoplasm of hilus of lung","CAN_COD","Codes for relevant malignancies","93827000","510696018",
"4026181000006117","Primary malignant neoplasm of ilium","CAN_COD","Codes for relevant malignancies","93833009","510705016",
"4026251000006117","Primary malignant neoplasm of intrathoracic organs","CAN_COD","Codes for relevant malignancies","93841009","4026251000006117",
"4026261000006115","Primary malignant neoplasm of ischium","CAN_COD","Codes for relevant malignancies","93842002","510724018",
"4026331000006116","Primary malignant neoplasm of kidney","CAN_COD","Codes for relevant malignancies","93849006","510731019",
"4026491000006110","CA - Liver cancer","CAN_COD","Codes for relevant malignancies","93870000","510772017",
"4026501000006119","Liver cancer","CAN_COD","Codes for relevant malignancies","93870000","510773010",
"4026511000006116","Malignant tumor of liver","CAN_COD","Codes for relevant malignancies","93870000","510775015",
"4026521000006112","Malignant tumour of liver","CAN_COD","Codes for relevant malignancies","93870000","510776019",
"4026641000006116","Primary malignant neoplasm of male breast","CAN_COD","Codes for relevant malignancies","93884005","510795014",
"4026681000006110","Primary malignant neoplasm of maxilla","CAN_COD","Codes for relevant malignancies","93888008","510799015",
"4026951000006110","Primary malignant neoplasm of nasal bone","CAN_COD","Codes for relevant malignancies","93916003","510843012",
"4027021000006119","Primary malignant neoplasm of nipple of female breast","CAN_COD","Codes for relevant malignancies","93924008","510852015",
"4027041000006114","Primary malignant neoplasm of nipple of male breast","CAN_COD","Codes for relevant malignancies","93925009","510853013",
"4027071000006118","Primary malignant neoplasm of occipital bone","CAN_COD","Codes for relevant malignancies","93927001","510855018",
"4027191000006116","Primary malignant neoplasm of paraganglion","CAN_COD","Codes for relevant malignancies","93941005","4027191000006116",
"4027231000006114","Primary malignant neoplasm of parietal bone","CAN_COD","Codes for relevant malignancies","93945001","510898019",
"4027261000006117","Primary malignant neoplasm of parietal peritoneum","CAN_COD","Codes for relevant malignancies","93947009","510900017",
"4027291000006113","Primary malignant neoplasm of patella","CAN_COD","Codes for relevant malignancies","93950007","510909016",
"4027341000006111","Primary malignant neoplasm of periadrenal tissue","CAN_COD","Codes for relevant malignancies","93955002","510919010",
"4027381000006117","Primary malignant neoplasm of pericardium","CAN_COD","Codes for relevant malignancies","93957005","510921017",
"4027531000006112","Primary malignant neoplasm of presacral region","CAN_COD","Codes for relevant malignancies","93973004","510941010",
"4027561000006115","Primary malignant neoplasm of pubis","CAN_COD","Codes for relevant malignancies","93975006","510943013",
"4027611000006117","Primary malignant neoplasm of radius","CAN_COD","Codes for relevant malignancies","93979000","510947014",
"4027671000006114","Primary malignant neoplasm of rectum","CAN_COD","Codes for relevant malignancies","93984006","510954015",
"4027691000006110","Primary malignant neoplasm of respiratory tract","CAN_COD","Codes for relevant malignancies","93986008","510956018",
"4027731000006119","Primary malignant neoplasm of rib","CAN_COD","Codes for relevant malignancies","93990005","510962011",
"4027801000006119","Primary malignant neoplasm of sacrococcygeal region","CAN_COD","Codes for relevant malignancies","93995000","510967017",
"4027831000006110","Primary malignant neoplasm of scapula","CAN_COD","Codes for relevant malignancies","93997008","510969019",
"4027871000006113","Primary malignant neoplasm of sebaceous gland","CAN_COD","Codes for relevant malignancies","94000008","510981015",
"4028711000006112","Primary malignant neoplasm of sphenoid bone","CAN_COD","Codes for relevant malignancies","94066004","511069013",
"4028781000006117","Primary malignant neoplasm of sternum","CAN_COD","Codes for relevant malignancies","94073009","511082017",
"4028861000006117","Primary malignant neoplasm of sweat gland","CAN_COD","Codes for relevant malignancies","94081005","511098012",
"4028891000006113","Primary malignant neoplasm of talus","CAN_COD","Codes for relevant malignancies","94083008","511100012",
"4028921000006119","Primary malignant neoplasm of temporal bone","CAN_COD","Codes for relevant malignancies","94085001","511102016",
"4029041000006115","Primary malignant neoplasm of tibia","CAN_COD","Codes for relevant malignancies","94099002","511124016",
"4029161000006117","Primary malignant neoplasm of ulna","CAN_COD","Codes for relevant malignancies","94112009","511141019",
"4029361000006119","Primary malignant neoplasm of ventral surface of tongue","CAN_COD","Codes for relevant malignancies","94134006","511173013",
"4029421000006119","Primary malignant neoplasm of vomer","CAN_COD","Codes for relevant malignancies","94142007","511203018",
"4029471000006118","Primary malignant neoplasm of zygomatic bone","CAN_COD","Codes for relevant malignancies","94145009","511206014",
"4029781000006111","Metastatic malignant neoplasm to adrenal gland","CAN_COD","Codes for relevant malignancies","94161006","155712017",
"4029791000006114","Suprarenal metastasis","CAN_COD","Codes for relevant malignancies","94161006","1235808017",
"4029801000006110","Metastasis to adrenal gland","CAN_COD","Codes for relevant malignancies","94161006","1235809013",
"4029811000006113","Cancer metastatic to adrenal gland","CAN_COD","Codes for relevant malignancies","94161006","3035882018",
"4030171000006115","Metastatic malignant neoplasm to axillary lymph nodes","CAN_COD","Codes for relevant malignancies","94181007","155760019",
"4030271000006110","Metastatic malignant neoplasm to bladder","CAN_COD","Codes for relevant malignancies","94186002","155776011",
"4030281000006113","Metastasis to bladder","CAN_COD","Codes for relevant malignancies","94186002","511221015",
"4030291000006111","Metastatic tumour to bladder","CAN_COD","Codes for relevant malignancies","94186002","511222010",
"4030301000006112","Metastatic tumor to bladder","CAN_COD","Codes for relevant malignancies","94186002","511223017",
"4030311000006110","Cancer metastatic to urinary bladder","CAN_COD","Codes for relevant malignancies","94186002","3035799012",
"4031001000006115","Secondary malignant neoplasm of bone","CAN_COD","Codes for relevant malignancies","94222008","155869012",
"4031011000006117","Metastatic malignant neoplasm to bone","CAN_COD","Codes for relevant malignancies","94222008","155872017",
"4031021000006113","Metastatic tumour of bone","CAN_COD","Codes for relevant malignancies","94222008","1217283014",
"4031031000006111","Metastatic tumor of bone","CAN_COD","Codes for relevant malignancies","94222008","1218771013",
"4031041000006118","Secondary cancer of bone","CAN_COD","Codes for relevant malignancies","94222008","1235813018",
"4031061000006119","Osseous metastasis","CAN_COD","Codes for relevant malignancies","94222008","1235815013",
"4031071000006114","Bony metastasis","CAN_COD","Codes for relevant malignancies","94222008","1235816014",
"4031081000006112","Cancer metastatic to bone","CAN_COD","Codes for relevant malignancies","94222008","3035791010",
"4031091000006110","Tumour metastatic to bone","CAN_COD","Codes for relevant malignancies","94222008","3035821011",
"4031101000006116","Tumor metastatic to bone","CAN_COD","Codes for relevant malignancies","94222008","3035829013",
"4031141000006119","Metastatic malignant neoplasm to brain","CAN_COD","Codes for relevant malignancies","94225005","155882016",
"4031151000006117","Secondary cancer of brain","CAN_COD","Codes for relevant malignancies","94225005","1235817017",
"4031161000006115","Metastasis to brain","CAN_COD","Codes for relevant malignancies","94225005","1235818010",
"4031171000006110","Cancer metastatic to brain","CAN_COD","Codes for relevant malignancies","94225005","3035775012",
"4031201000006114","Secondary malignant neoplasm of bronchopulmonary lymph nodes","CAN_COD","Codes for relevant malignancies","94227002","4031201000006114",
"4031211000006112","Metastatic malignant neoplasm to bronchopulmonary lymph nodes","CAN_COD","Codes for relevant malignancies","94227002","155886018",
"4031221000006116","Metastatic malignant neoplasm to hilar lymph nodes","CAN_COD","Codes for relevant malignancies","94227002","155887010",
"4031231000006118","Secondary malignant neoplasm of hilar lymph nodes","CAN_COD","Codes for relevant malignancies","94227002","155888017",
"4031711000006119","Secondary malignant neoplasm of cerebrum","CAN_COD","Codes for relevant malignancies","94248000","155935010",
"4031721000006110","Metastatic malignant neoplasm to cerebrum","CAN_COD","Codes for relevant malignancies","94248000","155938012",
"4032021000006118","Metastatic malignant neoplasm to colon","CAN_COD","Codes for relevant malignancies","94260004","155970012",
"4032361000006114","Metastatic malignant neoplasm to duodenum","CAN_COD","Codes for relevant malignancies","94275007","156008012",
"4032371000006119","Cancer metastatic to duodenum","CAN_COD","Codes for relevant malignancies","94275007","3036061018",
"4032901000006112","Secondary malignant neoplasm of female breast","CAN_COD","Codes for relevant malignancies","94297009","156065013",
"4032911000006110","Metastatic malignant neoplasm to female breast","CAN_COD","Codes for relevant malignancies","94297009","156068010",
"4032931000006116","Secondary malignant deposit to breast","CAN_COD","Codes for relevant malignancies","94297009","511251014",
"4032941000006114","Metastasis to breast","CAN_COD","Codes for relevant malignancies","94297009","511252019",
"4033321000006112","Metastatic malignant neoplasm to gastrointestinal tract","CAN_COD","Codes for relevant malignancies","94313005","156114015",
"4033331000006110","Metastasis to gastrointestinal tract","CAN_COD","Codes for relevant malignancies","94313005","511257013",
"4033341000006117","Secondary Ca gastrointestinal tract","CAN_COD","Codes for relevant malignancies","94313005","1495525014",
"4033831000006118","Metastatic malignant neoplasm to ileum","CAN_COD","Codes for relevant malignancies","94335002","156170016",
"4033841000006111","Secondary malignant neoplasm of iliac lymph nodes","CAN_COD","Codes for relevant malignancies","94336001","4033841000006111",
"4033851000006113","Metastatic malignant neoplasm to iliac lymph nodes","CAN_COD","Codes for relevant malignancies","94336001","156172012",
"4033861000006110","Cancer metastatic to iliac lymph nodes","CAN_COD","Codes for relevant malignancies","94336001","3036414012",
"4033891000006119","Secondary malignant neoplasm of infraclavicular lymph nodes","CAN_COD","Codes for relevant malignancies","94338000","4033891000006119",
"4033901000006115","Metastatic malignant neoplasm to infraclavicular lymph nodes","CAN_COD","Codes for relevant malignancies","94338000","156176010",
"4034021000006111","Secondary malignant neoplasm of intercostal lymph nodes","CAN_COD","Codes for relevant malignancies","94344001","4034021000006111",
"4034031000006114","Metastatic malignant neoplasm to intercostal lymph nodes","CAN_COD","Codes for relevant malignancies","94344001","156192017",
"4034041000006116","Cancer metastatic to intercostal lymph nodes","CAN_COD","Codes for relevant malignancies","94344001","3035927014",
"4034101000006119","Secondary malignant neoplasm of intra-abdominal lymph nodes","CAN_COD","Codes for relevant malignancies","94347008","156199014",
"4034111000006116","Metastatic malignant neoplasm to intra-abdominal lymph nodes","CAN_COD","Codes for relevant malignancies","94347008","156202016",
"4034121000006112","Cancer metastatic to intra-abdominal lymph nodes","CAN_COD","Codes for relevant malignancies","94347008","3083565010",
"4034191000006114","Secondary malignant neoplasm of intrapelvic lymph nodes","CAN_COD","Codes for relevant malignancies","94350006","156209013",
"4034201000006112","Metastatic malignant neoplasm to intrapelvic lymph nodes","CAN_COD","Codes for relevant malignancies","94350006","156212011",
"4034211000006110","Cancer metastatic to intrapelvic lymph nodes","CAN_COD","Codes for relevant malignancies","94350006","3035941017",
"4034221000006119","Secondary malignant neoplasm of intrathoracic lymph nodes","CAN_COD","Codes for relevant malignancies","94351005","156213018",
"4034231000006116","Metastatic malignant neoplasm to intrathoracic lymph nodes","CAN_COD","Codes for relevant malignancies","94351005","156216014",
"4034241000006114","Cancer metastatic to intrathoracic lymph nodes","CAN_COD","Codes for relevant malignancies","94351005","3036295014",
"4034361000006115","Metastatic malignant neoplasm to jejunum","CAN_COD","Codes for relevant malignancies","94357009","156232012",
"4034421000006115","Metastatic malignant neoplasm to kidney","CAN_COD","Codes for relevant malignancies","94360002","156240018",
"4034431000006117","Metastatic tumour in kidney","CAN_COD","Codes for relevant malignancies","94360002","1217288017",
"4034441000006110","Metastatic tumor in kidney","CAN_COD","Codes for relevant malignancies","94360002","1218776015",
"4034451000006112","Metastasis to renal parenchyma","CAN_COD","Codes for relevant malignancies","94360002","1235832012",
"4034461000006114","Secondary renal cancer","CAN_COD","Codes for relevant malignancies","94360002","1235833019",
"4034471000006119","Renal metastasis","CAN_COD","Codes for relevant malignancies","94360002","1235834013",
"4034481000006116","Secondary cancer of kidney","CAN_COD","Codes for relevant malignancies","94360002","1235835014",
"4034491000006118","Cancer metastatic to kidney","CAN_COD","Codes for relevant malignancies","94360002","3036463011",
"4034561000006110","Secondary malignant neoplasm of large intestine","CAN_COD","Codes for relevant malignancies","94365007","4034561000006110",
"4034571000006115","Metastatic malignant neoplasm to large intestine","CAN_COD","Codes for relevant malignancies","94365007","156252013",
"4034581000006117","Metastasis to large intestine","CAN_COD","Codes for relevant malignancies","94365007","1235836010",
"4034591000006119","Cancer metastatic to large intestine","CAN_COD","Codes for relevant malignancies","94365007","3036520011",
"4034891000006116","Metastatic malignant neoplasm to liver","CAN_COD","Codes for relevant malignancies","94381002","156294011",
"4034901000006117","Liver secondary cancer","CAN_COD","Codes for relevant malignancies","94381002","511274013",
"4034921000006110","Liver secondaries","CAN_COD","Codes for relevant malignancies","94381002","511276010",
"4034931000006113","Secondary malignancy of liver","CAN_COD","Codes for relevant malignancies","94381002","511277018",
"4034941000006115","Hepatic metastasis","CAN_COD","Codes for relevant malignancies","94381002","511278011",
"4034951000006118","Cancer metastatic to liver","CAN_COD","Codes for relevant malignancies","94381002","3036079019",
"4035171000006112","Metastatic malignant neoplasm to lung","CAN_COD","Codes for relevant malignancies","94391008","156322019",
"4035181000006110","Secondary malignant tumour of lung","CAN_COD","Codes for relevant malignancies","94391008","1217289013",
"4035191000006113","Secondary malignant tumor of lung","CAN_COD","Codes for relevant malignancies","94391008","1218777012",
"4035201000006111","Pulmonary metastasis","CAN_COD","Codes for relevant malignancies","94391008","1235838011",
"4035211000006114","Secondary cancer of lung","CAN_COD","Codes for relevant malignancies","94391008","1235839015",
"4035221000006118","Cancer metastatic to lung","CAN_COD","Codes for relevant malignancies","94391008","3036139014",
"4035241000006113","Metastatic malignant neoplasm to lymph node","CAN_COD","Codes for relevant malignancies","94392001","156326016",
"4035251000006110","Secondary lymph node cancer","CAN_COD","Codes for relevant malignancies","94392001","1235840018",
"4035261000006112","Cancer metastatic to lymph nodes","CAN_COD","Codes for relevant malignancies","94392001","3036034018",
"4035271000006117","Secondary malignant neoplasm of lymph nodes of face","CAN_COD","Codes for relevant malignancies","94393006","4035271000006117",
"4035281000006119","Metastatic malignant neoplasm to lymph nodes of face","CAN_COD","Codes for relevant malignancies","94393006","156330018",
"4035291000006116","Cancer metastatic to lymph nodes of face","CAN_COD","Codes for relevant malignancies","94393006","3035931015",
"4035331000006111","Secondary malignant neoplasm of lymph nodes of lower limb","CAN_COD","Codes for relevant malignancies","94395004","156335011",
"4035341000006118","Metastatic malignant neoplasm to lymph nodes of lower limb","CAN_COD","Codes for relevant malignancies","94395004","156338013",
"4035351000006116","Metastasis to lower limb lymph node","CAN_COD","Codes for relevant malignancies","94395004","1235841019",
"4035361000006119","Cancer metastatic to lymph nodes of lower limb","CAN_COD","Codes for relevant malignancies","94395004","3036223012",
"4035371000006114","Secondary malignant neoplasm of lymph nodes of multiple sites","CAN_COD","Codes for relevant malignancies","94396003","4035371000006114",
"4035381000006112","Metastatic malignant neoplasm to lymph nodes of multiple sites","CAN_COD","Codes for relevant malignancies","94396003","156340015",
"4035391000006110","Cancer metastatic to lymph nodes of multiple sites","CAN_COD","Codes for relevant malignancies","94396003","3036446012",
"4035451000006111","Metastatic malignant neoplasm to lymph nodes of upper limb","CAN_COD","Codes for relevant malignancies","94398002","156348010",
"4035461000006113","Metastasis to upper limb lymph node","CAN_COD","Codes for relevant malignancies","94398002","511282013",
"4035471000006118","Cancer metastatic to lymph nodes of upper limb","CAN_COD","Codes for relevant malignancies","94398002","3036058019",
"4035711000006116","Metastatic malignant neoplasm to mediastinal lymph nodes","CAN_COD","Codes for relevant malignancies","94408005","156374016",
"4035731000006110","Metastatic malignant neoplasm to mediastinum","CAN_COD","Codes for relevant malignancies","94409002","156378018",
"4035741000006117","Secondary malignant tumour of mediastinum","CAN_COD","Codes for relevant malignancies","94409002","1217290016",
"4035751000006115","Secondary malignant tumor of mediastinum","CAN_COD","Codes for relevant malignancies","94409002","1218778019",
"4035761000006118","Metastasis to mediastinum","CAN_COD","Codes for relevant malignancies","94409002","1235843016",
"4035771000006113","Mediastinal metastasis","CAN_COD","Codes for relevant malignancies","94409002","1235844010",
"4035781000006111","Cancer metastatic to mediastinum","CAN_COD","Codes for relevant malignancies","94409002","3036056015",
"4035801000006110","Metastatic malignant neoplasm to mesenteric lymph nodes","CAN_COD","Codes for relevant malignancies","94410007","156380012",
"4035811000006113","Cancer metastatic to mesenteric lymph nodes","CAN_COD","Codes for relevant malignancies","94410007","3036335013",
"4036471000006111","Secondary malignant neoplasm of nervous system","CAN_COD","Codes for relevant malignancies","94442001","4036471000006111",
"4036481000006114","Metastatic malignant neoplasm to nervous system","CAN_COD","Codes for relevant malignancies","94442001","156464015",
"4036491000006112","Metastasis to nervous system","CAN_COD","Codes for relevant malignancies","94442001","1235845011",
"4036501000006116","Cancer metastatic to nervous system","CAN_COD","Codes for relevant malignancies","94442001","3036573011",
"4036571000006110","Secondary malignant neoplasm of obturator lymph nodes","CAN_COD","Codes for relevant malignancies","94446003","4036571000006110",
"4036581000006113","Metastatic malignant neoplasm to obturator lymph nodes","CAN_COD","Codes for relevant malignancies","94446003","156474017",
"4036591000006111","Cancer metastatic to obturator lymph nodes","CAN_COD","Codes for relevant malignancies","94446003","3036988013",
"4036641000006118","Secondary malignant neoplasm of occipital lymph nodes","CAN_COD","Codes for relevant malignancies","94449005","4036641000006118",
"4036651000006116","Metastatic malignant neoplasm to occipital lymph nodes","CAN_COD","Codes for relevant malignancies","94449005","156480013",
"403674011","Malignant neoplasm of oesophagus NOS","CAN_COD","Codes for relevant malignancies","363402007","1216488012",
"403682011","Malignant neoplasm of colon NOS","CAN_COD","Codes for relevant malignancies","363406005","482611019",
"4036841000006117","Metastatic malignant neoplasm to ovary","CAN_COD","Codes for relevant malignancies","94455000","156494014",
"4036851000006115","Krukenburg tumor","CAN_COD","Codes for relevant malignancies","94455000","511302014",
"4036861000006118","Secondary tumor to ovary","CAN_COD","Codes for relevant malignancies","94455000","511303016",
"4036871000006113","Ovarian metastasis","CAN_COD","Codes for relevant malignancies","94455000","511304010",
"403688010","Malignant neoplasm of upper lobe, bronchus or lung","CAN_COD","Codes for relevant malignancies","269464000","403688010",
"4036881000006111","Metastasis to ovary","CAN_COD","Codes for relevant malignancies","94455000","511305011",
"403689019","Malignant neoplasm of bronchus or lung NOS","CAN_COD","Codes for relevant malignancies","363358000","482516016",
"4036891000006114","Secondary cancer of ovary","CAN_COD","Codes for relevant malignancies","94455000","511306012",
"4036901000006113","Secondary tumour to ovary","CAN_COD","Codes for relevant malignancies","94455000","511307015",
"403691010","Malignant neoplasm of bone and articular cartilage","CAN_COD","Codes for relevant malignancies","443679004","2839107012",
"4036911000006111","Krukenburg tumour","CAN_COD","Codes for relevant malignancies","94455000","511308013",
"4036921000006115","Cancer metastatic to ovary","CAN_COD","Codes for relevant malignancies","94455000","3012511014",
"403697014","Malignant neoplasm of hand bones","CAN_COD","Codes for relevant malignancies","269467007","403697014",
"403698016","Malignant neoplasm of short bones of leg","CAN_COD","Codes for relevant malignancies","712525007","3082865010",
"403701012","Malignant neoplasm of vulva unspecified","CAN_COD","Codes for relevant malignancies","363367000","482534017",
"403702017","Malignant neoplasm of testis NOS","CAN_COD","Codes for relevant malignancies","363449006","482694014",
"403704016","Disseminated malignancy NOS","CAN_COD","Codes for relevant malignancies","405843009","2163172012",
"403705015","Malignant neoplasm of lymphatic and haemopoietic tissue","CAN_COD","Codes for relevant malignancies","269475001","403705015",
"403710016","Lymphoid and histiocytic malignancy NOS","CAN_COD","Codes for relevant malignancies","269475001","403706019",
"4037381000006119","Secondary malignant neoplasm of parotid lymph nodes","CAN_COD","Codes for relevant malignancies","94475009","4037381000006119",
"4037391000006116","Metastatic malignant neoplasm to parotid lymph nodes","CAN_COD","Codes for relevant malignancies","94475009","156542010",
"4037421000006112","Secondary malignant neoplasm of pectoral axillary lymph nodes","CAN_COD","Codes for relevant malignancies","94477001","4037421000006112",
"4037431000006110","Metastatic malignant neoplasm to pectoral axillary lymph nodes","CAN_COD","Codes for relevant malignancies","94477001","156546013",
"4037511000006115","Metastatic malignant neoplasm to penis","CAN_COD","Codes for relevant malignancies","94481001","156560010",
"4037521000006111","Metastatic tumour to penis","CAN_COD","Codes for relevant malignancies","94481001","1217293019",
"4037531000006114","Metastatic tumor to penis","CAN_COD","Codes for relevant malignancies","94481001","1218781012",
"4037541000006116","Metastasis to penis","CAN_COD","Codes for relevant malignancies","94481001","1235853015",
"403762019","[X]Mesothelioma of other sites","CAN_COD","Codes for relevant malignancies","109378008","2660053016",
"403771011","Carcinoma of lip","CAN_COD","Codes for relevant malignancies","269515006","403771011",
"4037801000006116","Metastatic malignant neoplasm to pleura","CAN_COD","Codes for relevant malignancies","94493005","156588016",
"4037811000006118","Secondary malignant tumour of pleura","CAN_COD","Codes for relevant malignancies","94493005","1217294013",
"4037821000006114","Secondary malignant tumor of pleura","CAN_COD","Codes for relevant malignancies","94493005","1218782017",
"4037831000006112","Pleural seedling","CAN_COD","Codes for relevant malignancies","94493005","1235855010",
"4037841000006119","Metastasis to pleura","CAN_COD","Codes for relevant malignancies","94493005","1235856011",
"4037851000006117","Cancer metastatic to pleura","CAN_COD","Codes for relevant malignancies","94493005","3036489011",
"4037861000006115","Secondary malignant neoplasm of popliteal lymph nodes","CAN_COD","Codes for relevant malignancies","94494004","4037861000006115",
"4037871000006110","Metastatic malignant neoplasm to popliteal lymph nodes","CAN_COD","Codes for relevant malignancies","94494004","156590015",
"4037881000006113","Cancer metastatic to popliteal lymph nodes","CAN_COD","Codes for relevant malignancies","94494004","3036436010",
"4038061000006114","Metastatic malignant neoplasm to prostate","CAN_COD","Codes for relevant malignancies","94503003","156608011",
"4038071000006119","Metastatic tumour to prostate","CAN_COD","Codes for relevant malignancies","94503003","1217295014",
"4038081000006116","Metastatic tumor to prostate","CAN_COD","Codes for relevant malignancies","94503003","1218783010",
"4038091000006118","Metastasis to prostate","CAN_COD","Codes for relevant malignancies","94503003","1235857019",
"4038101000006112","Cancer metastatic to prostate","CAN_COD","Codes for relevant malignancies","94503003","3036018016",
"4038311000006113","Metastatic malignant neoplasm to rectum","CAN_COD","Codes for relevant malignancies","94513006","156628010",
"4038321000006117","Cancer metastatic to rectum","CAN_COD","Codes for relevant malignancies","94513006","3036574017",
"4038371000006116","Metastatic malignant neoplasm to respiratory tract","CAN_COD","Codes for relevant malignancies","94515004","156634015",
"4038381000006118","Cancer metastatic to respiratory tract","CAN_COD","Codes for relevant malignancies","94515004","3036381013",
"4039011000006116","Metastatic malignant neoplasm to skin of breast","CAN_COD","Codes for relevant malignancies","94544002","156700011",
"4039211000006111","Metastatic malignant neoplasm to skin of face","CAN_COD","Codes for relevant malignancies","94554003","156722016",
"4039431000006118","Metastatic malignant neoplasm to skin of neck","CAN_COD","Codes for relevant malignancies","94566009","156748012",
"4039611000006114","Metastatic malignant neoplasm to skin of trunk","CAN_COD","Codes for relevant malignancies","94575006","156768018",
"4039691000006116","Metastatic malignant neoplasm to skin","CAN_COD","Codes for relevant malignancies","94579000","156780014",
"4039701000006116","Dermal metastasis","CAN_COD","Codes for relevant malignancies","94579000","511338019",
"4039711000006118","Cutaneous metastasis","CAN_COD","Codes for relevant malignancies","94579000","511339010",
"4039721000006114","Malignant infiltration of skin","CAN_COD","Codes for relevant malignancies","94579000","511340012",
"4039731000006112","Skin secondaries","CAN_COD","Codes for relevant malignancies","94579000","511341011",
"4039741000006119","Secondary cancer of skin","CAN_COD","Codes for relevant malignancies","94579000","511342016",
"4039751000006117","Metastasis to skin","CAN_COD","Codes for relevant malignancies","94579000","511343014",
"4039761000006115","Cancer metastatic to skin","CAN_COD","Codes for relevant malignancies","94579000","3036599016",
"4039781000006113","Metastatic malignant neoplasm to small intestine","CAN_COD","Codes for relevant malignancies","94580002","156784017",
"4039791000006111","Metastasis to small intestine","CAN_COD","Codes for relevant malignancies","94580002","1235863011",
"4039801000006112","Cancer metastatic to small intestine","CAN_COD","Codes for relevant malignancies","94580002","3036373012",
"4040231000006113","Secondary malignant neoplasm of spinal cord","CAN_COD","Codes for relevant malignancies","94600009","156825010",
"4040241000006115","Metastatic malignant neoplasm to spinal cord","CAN_COD","Codes for relevant malignancies","94600009","156826011",
"4040561000006119","Secondary malignant neoplasm of submandibular lymph nodes","CAN_COD","Codes for relevant malignancies","94609005","4040561000006119",
"4040571000006114","Metastatic malignant neoplasm to submandibular lymph nodes","CAN_COD","Codes for relevant malignancies","94609005","156852017",
"4040601000006119","Secondary malignant neoplasm of submental lymph nodes","CAN_COD","Codes for relevant malignancies","94611001","4040601000006119",
"4040611000006116","Metastatic malignant neoplasm to submental lymph nodes","CAN_COD","Codes for relevant malignancies","94611001","156856019",
"4040621000006112","Secondary malignant neoplasm of superficial inguinal lymph nodes","CAN_COD","Codes for relevant malignancies","94612008","4040621000006112",
"4040631000006110","Metastatic malignant neoplasm to superficial inguinal lymph nodes","CAN_COD","Codes for relevant malignancies","94612008","156858018",
"4040851000006119","Metastatic malignant neoplasm to testis","CAN_COD","Codes for relevant malignancies","94623007","156886014",
"4040861000006117","Metastatic tumour to testis","CAN_COD","Codes for relevant malignancies","94623007","1217298011",
"4040871000006112","Metastatic tumor to testis","CAN_COD","Codes for relevant malignancies","94623007","1218786019",
"4040881000006110","Metastasis to testis","CAN_COD","Codes for relevant malignancies","94623007","1235868019",
"4041001000006116","Metastasis to peritoneum","CAN_COD","Codes for relevant malignancies","94627008","1235872015",
"4041011000006118","Peritoneal seedling","CAN_COD","Codes for relevant malignancies","94627008","1235873013",
"4041021000006114","Secondary malignant peritoneal deposit","CAN_COD","Codes for relevant malignancies","94627008","1235874019",
"4041031000006112","Cancer metastatic to peritoneum","CAN_COD","Codes for relevant malignancies","94627008","3036037013",
"4041041000006119","Metastatic malignant neoplasm to peritoneum","CAN_COD","Codes for relevant malignancies","94627008","3038118011",
"4041061000006115","Secondary malignant neoplasm of the retroperitoneum","CAN_COD","Codes for relevant malignancies","94628003","156897014",
"4041071000006110","Metastatic malignant neoplasm to the retroperitoneum","CAN_COD","Codes for relevant malignancies","94628003","156898016",
"4041081000006113","Metastasis to retroperitoneum","CAN_COD","Codes for relevant malignancies","94628003","1235876017",
"4041091000006111","Retroperitoneal metastasis","CAN_COD","Codes for relevant malignancies","94628003","1235877014",
"4041371000006113","Metastatic malignant neoplasm to tongue","CAN_COD","Codes for relevant malignancies","94638008","156922014",
"4041481000006119","Secondary malignant neoplasm of tracheobronchial lymph nodes","CAN_COD","Codes for relevant malignancies","94642006","4041481000006119",
"4041491000006116","Metastatic malignant neoplasm to tracheobronchial lymph nodes","CAN_COD","Codes for relevant malignancies","94642006","156932019",
"4041501000006112","Cancer metastatic to tracheobronchial lymph nodes","CAN_COD","Codes for relevant malignancies","94642006","3035943019",
"4041881000006117","Metastatic malignant neoplasm to ureter","CAN_COD","Codes for relevant malignancies","94659001","156974012",
"4041891000006119","Metastatic tumour to ureter","CAN_COD","Codes for relevant malignancies","94659001","1217300011",
"4041901000006115","Metastatic tumor to ureter","CAN_COD","Codes for relevant malignancies","94659001","1218788018",
"4041911000006117","Metastasis to ureter","CAN_COD","Codes for relevant malignancies","94659001","1235879012",
"4041951000006116","Metastatic malignant neoplasm to urethra","CAN_COD","Codes for relevant malignancies","94661005","156978010",
"4041961000006119","Metastatic tumour to urethra","CAN_COD","Codes for relevant malignancies","94661005","1217301010",
"4041971000006114","Metastatic tumor to urethra","CAN_COD","Codes for relevant malignancies","94661005","1218789014",
"4041981000006112","Metastasis to urethra","CAN_COD","Codes for relevant malignancies","94661005","1235880010",
"4042021000006119","Metastatic malignant neoplasm to urinary system","CAN_COD","Codes for relevant malignancies","94663008","156984013",
"4042031000006116","Metastasis to urinary tract","CAN_COD","Codes for relevant malignancies","94663008","1235881014",
"4042041000006114","Cancer metastatic to urinary tract","CAN_COD","Codes for relevant malignancies","94663008","3036500010",
"4042081000006115","Metastatic malignant neoplasm to uterus","CAN_COD","Codes for relevant malignancies","94665001","156992016",
"4042091000006117","Metastasis to uterus","CAN_COD","Codes for relevant malignancies","94665001","1235882019",
"4042101000006111","Cancer metastatic to uterus","CAN_COD","Codes for relevant malignancies","94665001","3036108012",
"4042161000006112","Metastatic malignant neoplasm to vagina","CAN_COD","Codes for relevant malignancies","94668004","157000011",
"4042171000006117","Secondary tumour to vagina","CAN_COD","Codes for relevant malignancies","94668004","1217302015",
"4042181000006119","Secondary tumor to vagina","CAN_COD","Codes for relevant malignancies","94668004","1218790017",
"4042191000006116","Metastasis to vagina","CAN_COD","Codes for relevant malignancies","94668004","1235883012",
"4042201000006118","Cancer metastatic to vagina","CAN_COD","Codes for relevant malignancies","94668004","3012556019",
"4042461000006116","Metastatic malignant neoplasm to vulva","CAN_COD","Codes for relevant malignancies","94681006","157028017",
"4042481000006114","Cancer metastatic to vulva","CAN_COD","Codes for relevant malignancies","94681006","3036261010",
"4042811000006116","Mycosis fungoides of lymph nodes of axilla AND/OR upper limb","CAN_COD","Codes for relevant malignancies","94710006","157074018",
"4042831000006110","Mycosis fungoides of lymph nodes of head, face AND/OR neck","CAN_COD","Codes for relevant malignancies","94711005","157076016",
"4042841000006117","Mycosis fungoides of lymph nodes of inguinal region AND/OR lower limb","CAN_COD","Codes for relevant malignancies","94712003","157078015",
"4042921000006115","Myeloid sarcoma, disease","CAN_COD","Codes for relevant malignancies","94719007","2672412013",
"404441000006117","[X]Oth and unspecif peripheral & cutaneous T-cell lymphomas","CAN_COD","Codes for relevant malignancies","277613000","414240018",
"405081000006118","[X]Oth spcf mal neoplsm/lymphoid,haematopoietic+rltd tissue","CAN_COD","Codes for relevant malignancies","269475001","403705015",
"4053011000006117","Plasma cell leukemia","CAN_COD","Codes for relevant malignancies","95210003","157726010",
"4053021000006113","Plasma cell leukemia, disease","CAN_COD","Codes for relevant malignancies","95210003","2772983017",
"4053031000006111","Plasma cell leukaemia, disease","CAN_COD","Codes for relevant malignancies","95210003","2816661016",
"4053721000006110","S+�-�zary's disease of spleen","CAN_COD","Codes for relevant malignancies","95263006","157792019",
"4053741000006115","S+�-�zary disease of spleen","CAN_COD","Codes for relevant malignancies","95263006","2837759015",
"4053751000006118","Sezary syndrome of spleen","CAN_COD","Codes for relevant malignancies","95263006","3083958013",
"406052010","Malignant neoplasm of lip, oral cavity and pharynx","CAN_COD","Codes for relevant malignancies","271323007","406052010",
"406154013","[X]Non-Hodgkin's lymphoma, unspecified type","CAN_COD","Codes for relevant malignancies","118601006","177020011",
"406263015","Malignant neoplasm of genitourinary organ","CAN_COD","Codes for relevant malignancies","271468000","406263015",
"406265010","Malignant neoplasm of other and unspecified sites","CAN_COD","Codes for relevant malignancies","363346000","1208875016",
"406266011","Secondary malignant neoplasm of other specified sites","CAN_COD","Codes for relevant malignancies","128462008","206784011",
"406333010","Secondary and unspecified malignant neoplasm of lymph nodes","CAN_COD","Codes for relevant malignancies","94392001","156323012",
"406399011","Malignant neoplasm of lower lip, inner aspect","CAN_COD","Codes for relevant malignancies","271568003","406399011",
"409844012","Malignant melanoma of eye","CAN_COD","Codes for relevant malignancies","274087000","409844012",
"409845013","Secondary malignant neoplasm of unknown site","CAN_COD","Codes for relevant malignancies","274088005","409845013",
"411399019","Primary vulval cancer","CAN_COD","Codes for relevant malignancies","275419009","411399019",
"411516014","Immunoproliferative neoplasm","CAN_COD","Codes for relevant malignancies","275524009","411516014",
"413089014","Dermatofibrosarcoma protuberans","CAN_COD","Codes for relevant malignancies","276799004","413089014",
"414008012","B-cell chronic lymphocytic leukaemia","CAN_COD","Codes for relevant malignancies","277473004","414008012",
"414151014","T-cell prolymphocytic leukaemia","CAN_COD","Codes for relevant malignancies","277567002","414151014",
"414160018","B-cell acute lymphoblastic leukaemia","CAN_COD","Codes for relevant malignancies","277571004","414160018",
"414220013","Acute monoblastic leukaemia","CAN_COD","Codes for relevant malignancies","277601005","414220013",
"414230016","Tumour lysis syndrome","CAN_COD","Codes for relevant malignancies","277605001","414230016",
"414248013","B-cell prolymphocytic leukaemia","CAN_COD","Codes for relevant malignancies","277619001","414248013",
"414252013","Mucosa-associated lymphoma","CAN_COD","Codes for relevant malignancies","277622004","414252013",
"414253015","Maltoma","CAN_COD","Codes for relevant malignancies","277622004","414253015",
"414257019","Follicular non-Hodgkin's small cleaved cell lymphoma","CAN_COD","Codes for relevant malignancies","277625002","414257019",
"414278016","Follicular non-Hodgkin's large cell lymphoma","CAN_COD","Codes for relevant malignancies","277641001","414278016",
"414298014","Enteropathy-associated T-cell lymphoma","CAN_COD","Codes for relevant malignancies","277654008","414298014",
"414849013","Pancoast's syndrome","CAN_COD","Codes for relevant malignancies","278065000","414849013",
"4161771000006110","Overlapping malignant neoplasm of skin","CAN_COD","Codes for relevant malignancies","109264009","4161771000006110",
"4162981000006119","Overlapping malignant neoplasm of bone and articular cartilage","CAN_COD","Codes for relevant malignancies","109347009","4162981000006119",
"4162991000006116","Overlapping malignant neoplasm of bone and articular cartilage of limbs","CAN_COD","Codes for relevant malignancies","109348004","173900014",
"4163111000006118","Overlapping malignant neoplasm of ill-defined site","CAN_COD","Codes for relevant malignancies","109358000","4163111000006118",
"4163201000006114","Overlapping malignant neoplasm of nasopharynx","CAN_COD","Codes for relevant malignancies","109367000","173920010",
"4163211000006112","Overlapping malignant neoplasm of nasopharyngeal wall","CAN_COD","Codes for relevant malignancies","109367000","173921014",
"4163231000006118","Overlapping malignant neoplasm of hypopharynx","CAN_COD","Codes for relevant malignancies","109368005","173922019",
"4163251000006113","Overlapping malignant neoplasm of larynx","CAN_COD","Codes for relevant malignancies","109369002","173923012",
"4163281000006117","Overlapping malignant neoplasm of bronchus and lung","CAN_COD","Codes for relevant malignancies","109371002","173925017",
"4163371000006112","Malignant mesothelioma","CAN_COD","Codes for relevant malignancies","109378008","3036103015",
"4163431000006119","Malignant mesothelioma of pericardium","CAN_COD","Codes for relevant malignancies","109383000","2660055011",
"4163451000006114","Overlapping malignant neoplasm of heart, mediastinum and pleura","CAN_COD","Codes for relevant malignancies","109384006","173942011",
"4163481000006118","Epidemic Kaposi's sarcoma","CAN_COD","Codes for relevant malignancies","109385007","1219471018",
"4163491000006115","KS - Kaposi's sarcoma","CAN_COD","Codes for relevant malignancies","109385007","1219472013",
"4163501000006111","Kaposi's sarcoma","CAN_COD","Codes for relevant malignancies","109385007","2660061014",
"4163511000006114","Kaposi sarcoma","CAN_COD","Codes for relevant malignancies","109385007","2841708014",
"4163531000006115","Kaposi sarcoma of skin","CAN_COD","Codes for relevant malignancies","109386008","2838305018",
"4163551000006110","Kaposi sarcoma of palate","CAN_COD","Codes for relevant malignancies","109388009","2839257010",
"4163611000006110","Kaposi sarcoma of lymph nodes","CAN_COD","Codes for relevant malignancies","109391009","2842256017",
"4163631000006116","Kaposi sarcoma of multiple organs","CAN_COD","Codes for relevant malignancies","109392002","2838110014",
"4170281000006118","Overlapping malignant neoplasm of tongue","CAN_COD","Codes for relevant malignancies","109823006","174500014",
"4170301000006119","Overlapping malignant neoplasm of major salivary gland","CAN_COD","Codes for relevant malignancies","109824000","174501013",
"4170321000006112","Cancer major salivary glands contiguous","CAN_COD","Codes for relevant malignancies","109824000","3036482019",
"4170401000006111","Overlapping malignant neoplasm of floor of mouth","CAN_COD","Codes for relevant malignancies","109830000","174508019",
"4170421000006118","Cancer of the floor of mouth, overlapping sites","CAN_COD","Codes for relevant malignancies","109830000","3036141010",
"4170491000006116","Overlapping malignant neoplasm of oesophagus","CAN_COD","Codes for relevant malignancies","109835005","202835014",
"4170501000006112","Overlapping malignant neoplasm of esophagus","CAN_COD","Codes for relevant malignancies","109835005","174513015",
"4170521000006119","Malignant neoplasm, overlapping lesion of esophagus","CAN_COD","Codes for relevant malignancies","109835005","1217364016",
"4170531000006116","Overlapping malignant neoplasm of stomach","CAN_COD","Codes for relevant malignancies","109836006","174514014",
"4170551000006111","Cancer of the stomach, overlapping sites","CAN_COD","Codes for relevant malignancies","109836006","3036074012",
"4170561000006113","Overlapping malignant neoplasm of small intestine","CAN_COD","Codes for relevant malignancies","109837002","174515010",
"4170581000006115","Cancer of the small intestine, overlapping sites","CAN_COD","Codes for relevant malignancies","109837002","3035935012",
"4170641000006110","Hepatocarcinoma","CAN_COD","Codes for relevant malignancies","109841003","342806019",
"4170661000006114","Malignant hepatoma","CAN_COD","Codes for relevant malignancies","109841003","342808018",
"4170671000006119","HCC - Hepatocellular carcinoma","CAN_COD","Codes for relevant malignancies","109841003","342809014",
"4170681000006116","LCC - Liver cell carcinoma","CAN_COD","Codes for relevant malignancies","109841003","342810016",
"4170691000006118","Liver carcinoma","CAN_COD","Codes for relevant malignancies","109841003","4170691000006118",
"4170711000006115","Hepatoblastoma","CAN_COD","Codes for relevant malignancies","109843000","2659826012",
"4170731000006114","Angiosarcoma of liver","CAN_COD","Codes for relevant malignancies","109844006","174523012",
"4170751000006119","Overlapping malignant neoplasm of biliary tract","CAN_COD","Codes for relevant malignancies","109847004","174526016",
"4170771000006112","Overlapping malignant neoplasm of pancreas","CAN_COD","Codes for relevant malignancies","109848009","174527013",
"4170791000006113","Cancer of the pancreas, overlapping sites","CAN_COD","Codes for relevant malignancies","109848009","3036579010",
"4170841000006111","Malignant mesothelioma of peritoneum","CAN_COD","Codes for relevant malignancies","109853004","2765130015",
"4170851000006113","Cancer of the peritoneum, mesothelioma","CAN_COD","Codes for relevant malignancies","109853004","3035968017",
"4171121000006117","Overlapping malignant neoplasm of male genital organs","CAN_COD","Codes for relevant malignancies","109874003","4171121000006117",
"4171141000006112","Overlapping malignant neoplasm of penis","CAN_COD","Codes for relevant malignancies","109875002","174561010",
"4171161000006111","Cancer of penis, overlapping sites","CAN_COD","Codes for relevant malignancies","109875002","3036073018",
"4171191000006115","Overlapping malignant neoplasm of female genital organs","CAN_COD","Codes for relevant malignancies","109878000","4171191000006115",
"4171631000006110","Cancer of the brain, overlapping sites","CAN_COD","Codes for relevant malignancies","109912006","3036184011",
"4171751000006113","Overlapping malignant neoplasm of peripheral nerves and autonomic nervous system","CAN_COD","Codes for relevant malignancies","109919002","4171751000006113",
"4172041000006118","Overlapping malignant neoplasm of eye and adnexa (primary)","CAN_COD","Codes for relevant malignancies","109948008","202855010",
"4172061000006119","Overlapping malignant neoplasm of eye and adnexa, primary","CAN_COD","Codes for relevant malignancies","109948008","2659761013",
"4172071000006114","Cancer of the eye and adnexa, overlapping sites","CAN_COD","Codes for relevant malignancies","109948008","3036054017",
"4172191000006111","Diffuse non-Hodgkin lymphoma","CAN_COD","Codes for relevant malignancies","109962001","2842375013",
"4172241000006111","Lymphoblastoma","CAN_COD","Codes for relevant malignancies","109965004","344538015",
"4172251000006113","Lymphoblastic lymphoma","CAN_COD","Codes for relevant malignancies","109965004","344539011",
"4172261000006110","Malignant lymphoma - lymphoblastic","CAN_COD","Codes for relevant malignancies","109965004","344540013",
"4172271000006115","Diffuse non-Hodgkin's lymphoma, lymphoblastic","CAN_COD","Codes for relevant malignancies","109965004","2659769010",
"4172281000006117","Diffuse non-Hodgkin lymphoma, lymphoblastic","CAN_COD","Codes for relevant malignancies","109965004","2838633011",
"4172291000006119","Lymphoblastic lymphoma, diffuse","CAN_COD","Codes for relevant malignancies","109965004","2901479017",
"4172311000006115","Diffuse non-Hodgkin's lymphoma, immunoblastic (clinical)","CAN_COD","Codes for relevant malignancies","109966003","174661016",
"4172321000006111","Malignant lymphoma - immunoblastic","CAN_COD","Codes for relevant malignancies","109966003","1219544015",
"4172341000006116","Immunoblastic malignant lymphoma - large cell","CAN_COD","Codes for relevant malignancies","109966003","1219546018",
"4172351000006119","Diffuse non-Hodgkin's lymphoma, immunoblastic","CAN_COD","Codes for relevant malignancies","109966003","2659770011",
"4172361000006117","Diffuse non-Hodgkin lymphoma, immunoblastic","CAN_COD","Codes for relevant malignancies","109966003","2838634017",
"4172371000006112","Lymphoma, immunoblastic, high grade","CAN_COD","Codes for relevant malignancies","109966003","3036380014",
"4172441000006112","Diffuse non-Hodgkin's lymphoma, large cell (clinical)","CAN_COD","Codes for relevant malignancies","109969005","174664012",
"4172451000006114","Diffuse malignant lymphoma - histiocytic","CAN_COD","Codes for relevant malignancies","109969005","1219547010",
"4172461000006111","Diffuse malignant lymphoma - large cell","CAN_COD","Codes for relevant malignancies","109969005","1219548017",
"4172471000006116","Malignant lymphoma - large cell cleaved and non-cleaved","CAN_COD","Codes for relevant malignancies","109969005","1219549013",
"4172481000006118","Diffuse non-Hodgkin's lymphoma, large cell","CAN_COD","Codes for relevant malignancies","109969005","2659749017",
"4172491000006115","Diffuse non-Hodgkin lymphoma, large cell","CAN_COD","Codes for relevant malignancies","109969005","2842258016",
"4172501000006111","Lymphoma, diffuse large B cell, non Hodgkins","CAN_COD","Codes for relevant malignancies","109969005","3036122012",
"4172641000006114","T-zone lymphoma (clinical)","CAN_COD","Codes for relevant malignancies","109975001","174670018",
"4172661000006113","Lymphoepithelioid lymphoma (clinical)","CAN_COD","Codes for relevant malignancies","109976000","174671019",
"4172681000006115","Lennert's lymphoma","CAN_COD","Codes for relevant malignancies","109976000","344671014",
"4172691000006117","Peripheral T-cell lymphoma (clinical)","CAN_COD","Codes for relevant malignancies","109977009","174673016",
"4172751000006118","Malignant immunoproliferative disease (clinical)","CAN_COD","Codes for relevant malignancies","109980005","4172751000006118",
"4172761000006116","Malignant immunoproliferative disease","CAN_COD","Codes for relevant malignancies","109980005","2659762018",
"4172771000006111","Alpha heavy chain disease (clinical)","CAN_COD","Codes for relevant malignancies","109982002","174678013",
"4172811000006111","Gamma heavy chain disease (clinical)","CAN_COD","Codes for relevant malignancies","109984001","174681015",
"4172861000006114","Histiocytic sarcoma (clinical)","CAN_COD","Codes for relevant malignancies","109988003","202871010",
"4172871000006119","True histiocytic lymphoma (clinical)","CAN_COD","Codes for relevant malignancies","109988003","202870011",
"4172911000006116","Multiple myeloma (clinical)","CAN_COD","Codes for relevant malignancies","109989006","174690010",
"4172921000006112","Plasmacytic myeloma","CAN_COD","Codes for relevant malignancies","109989006","344817019",
"4172951000006115","Myeloma","CAN_COD","Codes for relevant malignancies","109989006","344821014",
"4172971000006113","Acute myelofibrosis (clinical)","CAN_COD","Codes for relevant malignancies","109991003","174692019",
"4172991000006114","Polycythaemia vera (clinical)","CAN_COD","Codes for relevant malignancies","109992005","4172991000006114",
"4173001000006110","Vaquez's disease","CAN_COD","Codes for relevant malignancies","109992005","174693012",
"4173011000006113","Osler-Vaquez syndrome","CAN_COD","Codes for relevant malignancies","109992005","174694018",
"4173021000006117","Osler's disease","CAN_COD","Codes for relevant malignancies","109992005","174695017",
"4173031000006119","Erythrocythemia","CAN_COD","Codes for relevant malignancies","109992005","174696016",
"4173051000006114","Primary proliferative polycythaemia","CAN_COD","Codes for relevant malignancies","109992005","344857016",
"4173061000006111","PPP - Primary proliferative polycythaemia","CAN_COD","Codes for relevant malignancies","109992005","344858014",
"4173091000006115","PRV - Polycythaemia rubra vera","CAN_COD","Codes for relevant malignancies","109992005","344861010",
"4173101000006114","Polycythemia rubra vera","CAN_COD","Codes for relevant malignancies","109992005","344862015",
"4173111000006112","Polycythemia vera","CAN_COD","Codes for relevant malignancies","109992005","344863013",
"4173121000006116","PPP - Primary proliferative polycythemia","CAN_COD","Codes for relevant malignancies","109992005","344864019",
"4173131000006118","Primary proliferative polycythemia","CAN_COD","Codes for relevant malignancies","109992005","344865018",
"4173141000006111","PRV - Polycythemia rubra vera","CAN_COD","Codes for relevant malignancies","109992005","344866017",
"4173151000006113","Erythrocythaemia","CAN_COD","Codes for relevant malignancies","109992005","344867014",
"4173191000006119","Essential thrombocythemia (clinical disorder)","CAN_COD","Codes for relevant malignancies","109994006","344890016",
"4173201000006116","Essential thrombocythemia","CAN_COD","Codes for relevant malignancies","109994006","2532081013",
"4173211000006118","Idiopathic thrombocythemia","CAN_COD","Codes for relevant malignancies","109994006","2535664010",
"4173251000006117","MDS - Myelodysplastic syndrome","CAN_COD","Codes for relevant malignancies","109995007","1219552017",
"4173271000006110","Refractory anaemia (clinical)","CAN_COD","Codes for relevant malignancies","109996008","202875018",
"4173281000006113","Refractory anemia (clinical)","CAN_COD","Codes for relevant malignancies","109996008","202876017",
"4173291000006111","RA - Refractory anemia","CAN_COD","Codes for relevant malignancies","109996008","344909014",
"4173301000006112","Refractory anemia","CAN_COD","Codes for relevant malignancies","109996008","344910016",
"4173311000006110","Erythrodysplasia","CAN_COD","Codes for relevant malignancies","109996008","344911017",
"4173321000006119","RA - Refractory anaemia","CAN_COD","Codes for relevant malignancies","109996008","344912012",
"4173341000006114","Myelodysplastic syndrome: Refractory anaemia, without ringed sideroblasts, without excess blasts","CAN_COD","Codes for relevant malignancies","109996008","2765011018",
"4173351000006111","Myelodysplastic syndrome: Refractory anemia, without ringed sideroblasts, without excess blasts","CAN_COD","Codes for relevant malignancies","109996008","2773505014",
"4173361000006113","Refractory anaemia with ringed sideroblasts (clinical)","CAN_COD","Codes for relevant malignancies","109998009","202879012",
"4173371000006118","Refractory anemia with ringed sideroblasts (clinical)","CAN_COD","Codes for relevant malignancies","109998009","202880010",
"4173381000006115","Refractory anemia with sideroblasts","CAN_COD","Codes for relevant malignancies","109998009","2535667015",
"4173401000006115","Refractory anemia with ringed sideroblasts","CAN_COD","Codes for relevant malignancies","109998009","2764912016",
"4173431000006111","Refractory anemia with excess blasts in transformation (clinical)","CAN_COD","Codes for relevant malignancies","110000005","202884018",
"4173441000006118","RAEB-T - Refractory anaemia with excess blasts in transformation","CAN_COD","Codes for relevant malignancies","110000005","1215868014",
"4173451000006116","RAEB-T - Refractory anemia with excess blasts in transformation","CAN_COD","Codes for relevant malignancies","110000005","1217371014",
"4173461000006119","Refractory anaemia with excess blasts in transformation","CAN_COD","Codes for relevant malignancies","110000005","2771797016",
"4173471000006114","Refractory anemia with excess blasts in transformation","CAN_COD","Codes for relevant malignancies","110000005","2774157010",
"4173481000006112","Mast cell leukaemia (clinical)","CAN_COD","Codes for relevant malignancies","110002002","202886016",
"4173491000006110","Mast cell leukemia (clinical)","CAN_COD","Codes for relevant malignancies","110002002","174709013",
"4173511000006116","Mast cell leukemia","CAN_COD","Codes for relevant malignancies","110002002","2765333010",
"4173521000006112","Acute promyelocytic leukaemia, FAB M3","CAN_COD","Codes for relevant malignancies","110004001","345004011",
"4173531000006110","Acute promyelocytic leukaemia (clinical)","CAN_COD","Codes for relevant malignancies","110004001","202889011",
"4173541000006117","Acute promyelocytic leukemia, FAB M3","CAN_COD","Codes for relevant malignancies","110004001","202890019",
"4173551000006115","Acute promyelocytic leukemia (clinical)","CAN_COD","Codes for relevant malignancies","110004001","345003017",
"4173571000006113","M3 - Acute promyelocytic leukaemia","CAN_COD","Codes for relevant malignancies","110004001","1215870017",
"4173581000006111","APML - Acute promyelocytic leukaemia","CAN_COD","Codes for relevant malignancies","110004001","1215871018",
"4173591000006114","APL - Acute promyelocytic leukemia","CAN_COD","Codes for relevant malignancies","110004001","1217372019",
"4173601000006118","M3 - Acute promyelocytic leukemia","CAN_COD","Codes for relevant malignancies","110004001","1217373012",
"4173611000006115","APML - Acute promyelocytic leukemia","CAN_COD","Codes for relevant malignancies","110004001","1217374018",
"4173621000006111","Acute myelomonocytic leukaemia, FAB M4","CAN_COD","Codes for relevant malignancies","110005000","345017014",
"4173631000006114","Acute myelomonocytic leukaemia (clinical)","CAN_COD","Codes for relevant malignancies","110005000","202891015",
"4173641000006116","Acute myelomonocytic leukemia, FAB M4","CAN_COD","Codes for relevant malignancies","110005000","202892010",
"4173651000006119","Acute myelomonocytic leukemia (clinical)","CAN_COD","Codes for relevant malignancies","110005000","345016017",
"4173671000006112","AMML - Acute myelomonocytic leukaemia","CAN_COD","Codes for relevant malignancies","110005000","1215873015",
"4173681000006110","M4 - Acute myelomonocytic leukemia","CAN_COD","Codes for relevant malignancies","110005000","1217375017",
"4173691000006113","AMML - Acute myelomonocytic leukemia","CAN_COD","Codes for relevant malignancies","110005000","1217376016",
"4173701000006113","Prolymphocytic leukaemia (clinical)","CAN_COD","Codes for relevant malignancies","110006004","202893017",
"4173711000006111","Prolymphocytic leukemia (clinical)","CAN_COD","Codes for relevant malignancies","110006004","174713018",
"4173721000006115","PLL - Prolymphocytic leukaemia","CAN_COD","Codes for relevant malignancies","110006004","1215874014",
"4173731000006117","PLL - Prolymphocytic leukemia","CAN_COD","Codes for relevant malignancies","110006004","1217377013",
"4173751000006112","Prolymphocytic leukemia","CAN_COD","Codes for relevant malignancies","110006004","2773506010",
"4173771000006119","Adult T-cell leukemia/lymphoma","CAN_COD","Codes for relevant malignancies","110007008","202894011",
"4173781000006116","Adult T-cell leukemia/lymphoma (clinical)","CAN_COD","Codes for relevant malignancies","110007008","202896013",
"4173791000006118","Adult T-cell leukaemia/lymphoma (clinical)","CAN_COD","Codes for relevant malignancies","110007008","345040013",
"4173811000006119","Overlapping malignant neoplasm of palatine tonsil","CAN_COD","Codes for relevant malignancies","110013004","174721012",
"425771000006113","[X]Secondary malignant neoplasm/oth+unspc respiratory organs","CAN_COD","Codes for relevant malignancies","94515004","156631011",
"425781000006111","[X]Secondary malignant neoplasm/oth+unspcfd digestive organs","CAN_COD","Codes for relevant malignancies","94313005","156111011",
"4309271000006112","HD - Hodgkin's disease","CAN_COD","Codes for relevant malignancies","118599009","1220408019",
"4309281000006110","Malignant Hodgkin's lymphoma","CAN_COD","Codes for relevant malignancies","118599009","1220409010",
"4309301000006114","Hodgkin disease","CAN_COD","Codes for relevant malignancies","118599009","2838596011",
"4309311000006112","Lymphoma, Hodgkins","CAN_COD","Codes for relevant malignancies","118599009","3036293019",
"4309331000006118","Lymphoma (clinical)","CAN_COD","Codes for relevant malignancies","118600007","177018013",
"4309351000006113","Lymphoma","CAN_COD","Codes for relevant malignancies","118600007","2920860010",
"4309371000006115","Malignant lymphoma, non-Hodgkin's type","CAN_COD","Codes for relevant malignancies","118601006","1220410017",
"4309381000006117","Non-Hodgkin's lymphoma - disorder","CAN_COD","Codes for relevant malignancies","118601006","1220411018",
"4309391000006119","NHL - Non-Hodgkin's lymphoma","CAN_COD","Codes for relevant malignancies","118601006","1220412013",
"4309411000006119","Non-Hodgkin lymphoma","CAN_COD","Codes for relevant malignancies","118601006","2839871014",
"4309431000006113","Hodgkin's granuloma (clinical)","CAN_COD","Codes for relevant malignancies","118602004","177021010",
"4309451000006118","Hodgkin granuloma","CAN_COD","Codes for relevant malignancies","118602004","2839872019",
"4309471000006111","Hodgkin's paragranuloma (clinical)","CAN_COD","Codes for relevant malignancies","118605002","177024019",
"4309481000006114","Hodgkin lymphoma, nodular lymphocyte predominance","CAN_COD","Codes for relevant malignancies","118605002","2663375014",
"4309491000006112","Hodgkin's sarcoma (clinical)","CAN_COD","Codes for relevant malignancies","118606001","177025018",
"4309511000006118","Hodgkin sarcoma","CAN_COD","Codes for relevant malignancies","118606001","2839127013",
"4309531000006112","Hodgkin lymphoma, lymphocyte-rich (clinical)","CAN_COD","Codes for relevant malignancies","118607005","202989010",
"4309551000006117","Hodgkin's disease, nodular sclerosis (clinical)","CAN_COD","Codes for relevant malignancies","118608000","177027014",
"4309571000006110","Hodgkin disease, nodular sclerosis","CAN_COD","Codes for relevant malignancies","118608000","2839875017",
"4309581000006113","Hodgkin's disease, mixed cellularity (clinical)","CAN_COD","Codes for relevant malignancies","118609008","177028016",
"4309601000006115","Hodgkin disease, mixed cellularity","CAN_COD","Codes for relevant malignancies","118609008","2840454013",
"4309611000006117","Hodgkin mixed cellularity lymphoma","CAN_COD","Codes for relevant malignancies","118609008","3036449017",
"4309621000006113","Hodgkin's disease, lymphocytic depletion (clinical)","CAN_COD","Codes for relevant malignancies","118610003","177029012",
"4309641000006118","Hodgkin disease, lymphocytic depletion","CAN_COD","Codes for relevant malignancies","118610003","2839427015",
"4309651000006116","S+�-�zary's disease (clinical)","CAN_COD","Codes for relevant malignancies","118611004","177030019",
"4309661000006119","S+�-�zary's disease","CAN_COD","Codes for relevant malignancies","118611004","2663188017",
"4309681000006112","S+�-�zary disease","CAN_COD","Codes for relevant malignancies","118611004","2839274010",
"4309701000006110","Malignant histiocytosis (clinical)","CAN_COD","Codes for relevant malignancies","118612006","177031015",
"4309731000006119","Hairy cell leukaemia (clinical)","CAN_COD","Codes for relevant malignancies","118613001","445605010",
"4309741000006112","Leukemic reticuloendotheliosis (clinical) [obs]","CAN_COD","Codes for relevant malignancies","118613001","202990018",
"4309751000006114","Hairy cell leukemia (clinical)","CAN_COD","Codes for relevant malignancies","118613001","202991019",
"4309761000006111","Leukaemic reticuloendotheliosis (clinical) [obs]","CAN_COD","Codes for relevant malignancies","118613001","445604014",
"4309771000006116","LRE - Leukaemic reticuloendotheliosis","CAN_COD","Codes for relevant malignancies","118613001","4309771000006116",
"4309781000006118","HCL - Hairy cell leukaemia","CAN_COD","Codes for relevant malignancies","118613001","1215904014",
"4309791000006115","LRE - Leukemic reticuloendotheliosis","CAN_COD","Codes for relevant malignancies","118613001","1217406018",
"4309801000006119","HCL - Hairy cell leukemia","CAN_COD","Codes for relevant malignancies","118613001","1217407010",
"4309821000006112","Hairy cell leukemia","CAN_COD","Codes for relevant malignancies","118613001","2773660010",
"4309831000006110","Langerhans cell histiocytosis, disseminated (clinical)","CAN_COD","Codes for relevant malignancies","118614007","202992014",
"4309851000006115","Acute infancy reticulosis","CAN_COD","Codes for relevant malignancies","118614007","2535719017",
"4309861000006118","LSD - Letterer-Siwe disease","CAN_COD","Codes for relevant malignancies","118614007","2535720011",
"4309871000006113","Acute progressive histiocytosis X","CAN_COD","Codes for relevant malignancies","118614007","2535721010",
"4309881000006111","Langerhans cell histiocytosis, disseminated","CAN_COD","Codes for relevant malignancies","118614007","2663189013",
"4309891000006114","Malignant mast cell tumour (clinical)","CAN_COD","Codes for relevant malignancies","118615008","445629015",
"4309901000006113","Malignant mast cell tumor (clinical)","CAN_COD","Codes for relevant malignancies","118615008","177034011",
"4309911000006111","Mast cell sarcoma","CAN_COD","Codes for relevant malignancies","118615008","445628011",
"4309921000006115","Malignant mast cell tumour","CAN_COD","Codes for relevant malignancies","118615008","1783479012",
"4309931000006117","Malignant mast cell tumor","CAN_COD","Codes for relevant malignancies","118615008","1783848019",
"4309981000006116","Burkitt's lymphoma (clinical)","CAN_COD","Codes for relevant malignancies","118617000","177036013",
"4310001000006119","Burkitt's tumor","CAN_COD","Codes for relevant malignancies","118617000","1217408017",
"4310011000006116","Burkitt's type malignant lymphoma - undifferentiated","CAN_COD","Codes for relevant malignancies","118617000","1220415010",
"4310021000006112","Burkitt's lymphoma - disorder","CAN_COD","Codes for relevant malignancies","118617000","1220416011",
"4310031000006110","Burkitt's type malignant lymphoma - small non-cleaved","CAN_COD","Codes for relevant malignancies","118617000","1220417019",
"4310041000006117","BL - Burkitt's lymphoma","CAN_COD","Codes for relevant malignancies","118617000","1220418012",
"4310061000006118","Burkitt lymphoma","CAN_COD","Codes for relevant malignancies","118617000","2840006012",
"4310071000006113","Mycosis fungoides (clinical)","CAN_COD","Codes for relevant malignancies","118618005","177037016",
"4310081000006111","MF - Mycosis fungoides","CAN_COD","Codes for relevant malignancies","118618005","1220419016",
"4395141000006112","Chronic myelomonocytic leukemia","CAN_COD","Codes for relevant malignancies","127225006","513010",
"4409441000006113","Metastatic neoplasm (disease)","CAN_COD","Codes for relevant malignancies","128462008","206783017",
"4409451000006110","CA - Secondary cancer","CAN_COD","Codes for relevant malignancies","128462008","474416010",
"4409461000006112","Metastases","CAN_COD","Codes for relevant malignancies","128462008","474417018",
"4409471000006117","Metastatic neoplasm","CAN_COD","Codes for relevant malignancies","128462008","474418011",
"4409481000006119","Secondaries","CAN_COD","Codes for relevant malignancies","128462008","474419015",
"4409491000006116","Secondary cancer","CAN_COD","Codes for relevant malignancies","128462008","474420014",
"4409501000006112","Metastatic malignant disease","CAN_COD","Codes for relevant malignancies","128462008","474421013",
"4409511000006110","Secondary tumor","CAN_COD","Codes for relevant malignancies","128462008","474422018",
"4409521000006119","Tumor metastasis","CAN_COD","Codes for relevant malignancies","128462008","474423011",
"4409531000006116","Secondary malignant deposit","CAN_COD","Codes for relevant malignancies","128462008","474424017",
"4409541000006114","Secondary tumour","CAN_COD","Codes for relevant malignancies","128462008","474425016",
"4409551000006111","Tumour metastasis","CAN_COD","Codes for relevant malignancies","128462008","474426015",
"4409561000006113","Metastatic cancer","CAN_COD","Codes for relevant malignancies","128462008","2162156010",
"4419021000006111","Primary cutaneous CD30 antigen positive large T-cell lymphoma","CAN_COD","Codes for relevant malignancies","128875000","2838140011",
"4421241000006118","Langerhans cell histiocytosis, unifocal (clinical)","CAN_COD","Codes for relevant malignancies","129000002","207699010",
"4421251000006116","Eosinophilic granuloma (clinical)","CAN_COD","Codes for relevant malignancies","129000002","207698019",
"4421271000006114","Eosinophilic xanthomatous granuloma","CAN_COD","Codes for relevant malignancies","129000002","474704017",
"4421281000006112","Langerhans cell histiocytosis, unifocal","CAN_COD","Codes for relevant malignancies","129000002","2664883015",
"444773019","Phaeochromocytoma","CAN_COD","Codes for relevant malignancies","302835009","444773019",
"444799014","Diffuse non-Hodgkin's centroblastic lymphoma","CAN_COD","Codes for relevant malignancies","302842009","444799014",
"445586018","Malignant histiocytosis","CAN_COD","Codes for relevant malignancies","118612006","445586018",
"445587010","Malignant reticulosis","CAN_COD","Codes for relevant malignancies","118612006","445587010",
"450901012","Carcinomatosis","CAN_COD","Codes for relevant malignancies","307593001","450901012",
"450987014","Myelosclerosis with myeloid metaplasia","CAN_COD","Codes for relevant malignancies","307651005","450987014",
"450988016","Megakaryocytic myelosclerosis","CAN_COD","Codes for relevant malignancies","307651005","450988016",
"451428019","Malignant neoplasm of epiglottis NOS","CAN_COD","Codes for relevant malignancies","187842004","288796012",
"451429010","Follicular non-Hodgkin's lymphoma","CAN_COD","Codes for relevant malignancies","308121000","451429010",
"451430017","Plasmacytoma NOS","CAN_COD","Codes for relevant malignancies","415112005","2534490012",
"453301018","Malignant neoplasm of lip, unspecified","CAN_COD","Codes for relevant malignancies","363348004","482495016",
"454085011","Malignant melanoma of back","CAN_COD","Codes for relevant malignancies","310498001","454085011",
"454091013","Primary malignant neoplasm of unknown site","CAN_COD","Codes for relevant malignancies","310504009","454091013",
"454201010","Malignant neoplasm of canthus","CAN_COD","Codes for relevant malignancies","310599006","454201010",
"455404011","Malignant neoplasm of pinna NEC","CAN_COD","Codes for relevant malignancies","277156006","413589015",
"456641000006119","Acute erythraemia and erythroleukaemia","CAN_COD","Codes for relevant malignancies","93451002","154686014",
"457109011","Malignant melanoma of chest wall","CAN_COD","Codes for relevant malignancies","313248004","457109011",
"457110018","Malignant neoplasm of upper eyelid","CAN_COD","Codes for relevant malignancies","313249007","457110018",
"457111019","Malignant neoplasm of lower eyelid","CAN_COD","Codes for relevant malignancies","313250007","457111019",
"457317011","Lambda light chain myeloma","CAN_COD","Codes for relevant malignancies","313427003","457317011",
"457318018","Seminoma of undescended testis","CAN_COD","Codes for relevant malignancies","313428008","457318018",
"457319014","Seminoma of descended testis","CAN_COD","Codes for relevant malignancies","313429000","457319014",
"458201000006115","Acute myelomonocytic leukaemia","CAN_COD","Codes for relevant malignancies","110005000","1215872013",
"459378019","Local recurrence of malignant tumour of breast","CAN_COD","Codes for relevant malignancies","314955001","459378019",
"459399016","Local recurrence of malignant tumour of urinary bladder","CAN_COD","Codes for relevant malignancies","314968009","459399016",
"459527013","Hereditary nonpolyposis colon cancer","CAN_COD","Codes for relevant malignancies","315058005","459527013",
"459741000006115","Acute promyelocytic leukaemia","CAN_COD","Codes for relevant malignancies","110004001","1215869018",
"473991000000119","Malignant neoplasm of descended testis NOS","CAN_COD","Codes for relevant malignancies","1090261000000108","2731381000000113",
"474077018","Chronic myelomonocytic leukaemia","CAN_COD","Codes for relevant malignancies","127225006","474077018",
"4745221000006116","Malignant tumour of oral aspect of upper lip","CAN_COD","Codes for relevant malignancies","187606005","288356013",
"4745231000006118","Malignant tumour of inner aspect of upper lip","CAN_COD","Codes for relevant malignancies","187606005","288357016",
"4745241000006111","Malignant tumour of buccal aspect of upper lip","CAN_COD","Codes for relevant malignancies","187606005","288358014",
"4745251000006113","Malig tumour of mucosa of upper lip","CAN_COD","Codes for relevant malignancies","187606005","288359018",
"4745261000006110","Malignant tumor of upper labial mucosa","CAN_COD","Codes for relevant malignancies","187606005","288361010",
"4745301000006118","Malig tumor of mucosa of upper lip","CAN_COD","Codes for relevant malignancies","187606005","288365018",
"4745311000006115","Malignant tumor of buccal aspect of upper lip","CAN_COD","Codes for relevant malignancies","187606005","288366017",
"4745321000006111","Malignant tumor of inner aspect of upper lip","CAN_COD","Codes for relevant malignancies","187606005","288367014",
"4745331000006114","Malignant tumor of oral aspect of upper lip","CAN_COD","Codes for relevant malignancies","187606005","288368016",
"4745341000006116","Malignant tumour of fraenum of upper lip","CAN_COD","Codes for relevant malignancies","187608006","288370013",
"4745351000006119","Malignant tumor of frenum of upper lip","CAN_COD","Codes for relevant malignancies","187608006","288371012",
"4745381000006110","Malignant tumour of fraenum of lower lip","CAN_COD","Codes for relevant malignancies","187614004","288383014",
"4745391000006113","Malignant tumor of frenum of lower lip","CAN_COD","Codes for relevant malignancies","187614004","288381011",
"4745411000006113","Malignant tumour of labial mucosa","CAN_COD","Codes for relevant malignancies","187622006","4745411000006113",
"4745421000006117","Malignant tumor of labial mucosa","CAN_COD","Codes for relevant malignancies","187622006","288392012",
"4745441000006112","Malignant tumor of buccal aspect of lip","CAN_COD","Codes for relevant malignancies","187622006","288394013",
"4745451000006114","Malignant tumor of mucosa of lip","CAN_COD","Codes for relevant malignancies","187622006","288395014",
"4745461000006111","Malignant tumor of oral aspect of lip","CAN_COD","Codes for relevant malignancies","187622006","288396010",
"4745471000006116","Malignant tumor of inner aspect of lip","CAN_COD","Codes for relevant malignancies","187622006","288397018",
"4745481000006118","Malignant tumour of inner aspect of lip","CAN_COD","Codes for relevant malignancies","187622006","288398011",
"4745491000006115","Malignant tumour of buccal aspect of lip","CAN_COD","Codes for relevant malignancies","187622006","288399015",
"4745501000006111","Malignant tumour of oral aspect of lip","CAN_COD","Codes for relevant malignancies","187622006","288400010",
"4745511000006114","Malignant tumour of mucosa of lip","CAN_COD","Codes for relevant malignancies","187622006","288401014",
"4745551000006110","Malignant tumour of anterior two-thirds of tongue - dorsal surface","CAN_COD","Codes for relevant malignancies","187634003","288415011",
"4745571000006117","Malignant tumor of anterior two-thirds of tongue - dorsal surface","CAN_COD","Codes for relevant malignancies","187634003","288416012",
"4745621000006119","Malignant tumour of anterior two-thirds of tongue - ventral surface","CAN_COD","Codes for relevant malignancies","187640005","288425018",
"4745641000006114","Malignant tumor of anterior two-thirds of tongue - ventral surface","CAN_COD","Codes for relevant malignancies","187640005","288424019",
"4745651000006111","Malignant tumour of fraenum linguae","CAN_COD","Codes for relevant malignancies","187641009","288428016",
"4745661000006113","Malignant tumor of frenum linguae","CAN_COD","Codes for relevant malignancies","187641009","288426017",
"4745681000006115","Malignant tumour of junctional zone of tongue","CAN_COD","Codes for relevant malignancies","187644001","288431015",
"4745691000006117","Malignant tumor of junctional zone of tongue","CAN_COD","Codes for relevant malignancies","187644001","288432010",
"4745711000006119","Malignant tumour of anterior floor of mouth","CAN_COD","Codes for relevant malignancies","187652003","288441017",
"4745721000006110","Malignant tumor of anterior floor of mouth","CAN_COD","Codes for relevant malignancies","187652003","288442012",
"4745741000006115","Malignant tumour of lateral floor of mouth","CAN_COD","Codes for relevant malignancies","187653008","288446010",
"4745761000006116","Malignant tumor of lateral floor of mouth","CAN_COD","Codes for relevant malignancies","187653008","288445014",
"4745781000006114","Malignant tumor of vestibule of mouth","CAN_COD","Codes for relevant malignancies","187658004","288452011",
"4745801000006113","Malignant tumour of upper buccal sulcus","CAN_COD","Codes for relevant malignancies","187659007","288455013",
"4745821000006115","Malignant tumor of upper buccal sulcus","CAN_COD","Codes for relevant malignancies","187659007","288456014",
"4745831000006117","Malignant tumour of lower buccal sulcus","CAN_COD","Codes for relevant malignancies","187660002","288458010",
"4745841000006110","Malignant tumor of lower buccal sulcus","CAN_COD","Codes for relevant malignancies","187660002","288457017",
"4745861000006114","Malignant tumour of upper labial sulcus","CAN_COD","Codes for relevant malignancies","187661003","288461011",
"4745881000006116","Malignant tumor of upper labial sulcus","CAN_COD","Codes for relevant malignancies","187661003","288462016",
"4745891000006118","Malignant tumour of lower labial sulcus","CAN_COD","Codes for relevant malignancies","187662005","288464015",
"4745901000006119","Malignant tumor of lower labial sulcus","CAN_COD","Codes for relevant malignancies","187662005","288463014",
"4745931000006110","Malignant tumour of tonsillar pillar","CAN_COD","Codes for relevant malignancies","187675005","288483010",
"4745941000006117","Malignant tumour of palatopharyngeal arch","CAN_COD","Codes for relevant malignancies","187675005","288479010",
"4745951000006115","Malignant tumour of posterior tonsillar pillar","CAN_COD","Codes for relevant malignancies","187675005","288480013",
"4745961000006118","Malignant tumour of pharyngopalatine arch","CAN_COD","Codes for relevant malignancies","187675005","288481012",
"4745971000006113","Malignant tumour of posterior faucial pillar","CAN_COD","Codes for relevant malignancies","187675005","288482017",
"4745981000006111","Malignant tumor of tonsillar pillar","CAN_COD","Codes for relevant malignancies","187675005","288484016",
"4746011000006113","Malignant tumor of palatopharyngeal arch","CAN_COD","Codes for relevant malignancies","187675005","288487011",
"4746021000006117","Malignant tumor of pharyngopalatine arch","CAN_COD","Codes for relevant malignancies","187675005","288488018",
"4746031000006119","Malignant tumor of posterior faucial pillar","CAN_COD","Codes for relevant malignancies","187675005","288489014",
"474604011","Atypical chronic myeloid leukaemia, BCR/ABL negative","CAN_COD","Codes for relevant malignancies","449386007","2899857015",
"4746041000006112","Malignant tumor of posterior tonsillar pillar","CAN_COD","Codes for relevant malignancies","187675005","288490017",
"4746081000006118","Malignant tumour of glossoepiglottic fold","CAN_COD","Codes for relevant malignancies","187683004","1216075019",
"4746091000006115","Malignant tumor of glossoepiglottic fold","CAN_COD","Codes for relevant malignancies","187683004","1217583010",
"4746111000006112","Malignant tumour of posterior wall of oropharynx","CAN_COD","Codes for relevant malignancies","187688008","288513019",
"4746121000006116","Malignant tumor of posterior wall of oropharynx","CAN_COD","Codes for relevant malignancies","187688008","288514013",
"4746151000006113","Malignant tumor of epipharynx","CAN_COD","Codes for relevant malignancies","187692001","288519015",
"4746161000006110","Malignant tumor of postnasal space","CAN_COD","Codes for relevant malignancies","187692001","288520014",
"4746171000006115","Cancer of nasopharynx","CAN_COD","Codes for relevant malignancies","187692001","288521013",
"4746191000006119","CA - Cancer of nasopharynx","CAN_COD","Codes for relevant malignancies","187692001","288523011",
"4746201000006116","Malignant tumour of epipharynx","CAN_COD","Codes for relevant malignancies","187692001","288524017",
"4746211000006118","Malignant tumour of postnasal space","CAN_COD","Codes for relevant malignancies","187692001","288525016",
"4746221000006114","Malignant tumor of nasopharynx","CAN_COD","Codes for relevant malignancies","187692001","288527012",
"4746251000006117","Malignant tumor of posterior wall of nasopharynx","CAN_COD","Codes for relevant malignancies","187693006","288530017",
"4746261000006115","Malignant tumour of adenoid","CAN_COD","Codes for relevant malignancies","187694000","288538012",
"4746271000006110","Malignant tumor of adenoid","CAN_COD","Codes for relevant malignancies","187694000","288531018",
"4746301000006112","Malignant tumor of nasopharyngeal tonsil","CAN_COD","Codes for relevant malignancies","187694000","288534014",
"4746311000006110","Malignant tumor of pharyngeal tonsil","CAN_COD","Codes for relevant malignancies","187694000","288535010",
"4746321000006119","Malignant tumour of pharyngeal tonsil","CAN_COD","Codes for relevant malignancies","187694000","288536011",
"4746331000006116","Malignant tumour of nasopharyngeal tonsil","CAN_COD","Codes for relevant malignancies","187694000","288537019",
"4746341000006114","Malignant tumour of pharyngeal recess","CAN_COD","Codes for relevant malignancies","187697007","288543017",
"4746351000006111","Malignant tumour of fossa of Rosenmuller","CAN_COD","Codes for relevant malignancies","187697007","288542010",
"4746361000006113","Malignant tumor of pharyngeal recess","CAN_COD","Codes for relevant malignancies","187697007","288544011",
"4746371000006118","Malignant tumor of fossa of Rosenmuller","CAN_COD","Codes for relevant malignancies","187697007","288545012",
"4746391000006117","Malignant tumour of opening of auditory tube","CAN_COD","Codes for relevant malignancies","187698002","288549018",
"4746401000006115","Malignant tumor of opening of auditory tube","CAN_COD","Codes for relevant malignancies","187698002","288547016",
"4746431000006111","Malignant tumor of anterior wall of nasopharynx","CAN_COD","Codes for relevant malignancies","187700006","288551019",
"4746461000006119","Malignant tumour of nasopharyngeal soft palate surface","CAN_COD","Codes for relevant malignancies","187702003","288557015",
"4746471000006114","Malignant tumor of nasopharyngeal soft palate surface","CAN_COD","Codes for relevant malignancies","187702003","288555011",
"4746491000006110","Malignant tumour aryepiglottic fold - hypopharyngeal aspect","CAN_COD","Codes for relevant malignancies","187708004","288567013",
"4746501000006119","Malignant tumor aryepiglottic fold - hypopharyngeal aspect","CAN_COD","Codes for relevant malignancies","187708004","288565017",
"4746541000006117","Malignant tumour of Waldeyer's ring","CAN_COD","Codes for relevant malignancies","187716008","288576018",
"4746551000006115","Malignant tumor of Waldeyer's ring","CAN_COD","Codes for relevant malignancies","187716008","288577010",
"4746571000006113","Malignant tumor of Waldeyer ring","CAN_COD","Codes for relevant malignancies","187716008","2842279016",
"4746581000006111","Malignant tumour of cervical part of oesophagus","CAN_COD","Codes for relevant malignancies","187722004","288588016",
"4746601000006118","Malignant tumor of cervical part of esophagus","CAN_COD","Codes for relevant malignancies","187722004","288590015",
"4746611000006115","Malignant neoplasm of cervical esophagus","CAN_COD","Codes for relevant malignancies","187722004","288591016",
"4746621000006111","Malignant tumour of thoracic part of oesophagus","CAN_COD","Codes for relevant malignancies","187723009","288595013",
"4746631000006114","Malignant neoplasm of thoracic esophagus","CAN_COD","Codes for relevant malignancies","187723009","288592011",
"4746641000006116","Malignant tumor of thoracic part of esophagus","CAN_COD","Codes for relevant malignancies","187723009","288593018",
"4746661000006117","Malignant tumour of abdominal part of oesophagus","CAN_COD","Codes for relevant malignancies","187724003","288596014",
"4746681000006110","Malignant tumor of abdominal part of esophagus","CAN_COD","Codes for relevant malignancies","187724003","288598010",
"4746691000006113","Malignant neoplasm of abdominal esophagus","CAN_COD","Codes for relevant malignancies","187724003","288599019",
"4746701000006113","Malignant tumour of upper third of oesophagus","CAN_COD","Codes for relevant malignancies","187725002","288603019",
"4746711000006111","Malignant neoplasm of upper third of esophagus","CAN_COD","Codes for relevant malignancies","187725002","288600016",
"4746721000006115","Malignant tumor of upper third of esophagus","CAN_COD","Codes for relevant malignancies","187725002","288601017",
"4746751000006112","Ca upper third esophagus","CAN_COD","Codes for relevant malignancies","187725002","1217584016",
"4746761000006114","Malignant tumour of middle third of oesophagus","CAN_COD","Codes for relevant malignancies","187726001","288606010",
"4746771000006119","Malignant tumor of middle third of esophagus","CAN_COD","Codes for relevant malignancies","187726001","288604013",
"4746781000006116","Malignant neoplasm of middle third of esophagus","CAN_COD","Codes for relevant malignancies","187726001","288605014",
"4746811000006119","Ca middle third esophagus","CAN_COD","Codes for relevant malignancies","187726001","1217585015",
"4746821000006110","Malignant tumour of lower third of oesophagus","CAN_COD","Codes for relevant malignancies","187727005","288609015",
"4746841000006115","Malignant neoplasm of lower third of esophagus","CAN_COD","Codes for relevant malignancies","187727005","288610013",
"4746851000006118","Malignant tumor of lower third of esophagus","CAN_COD","Codes for relevant malignancies","187727005","288611012",
"4746871000006111","Ca lower third esophagus","CAN_COD","Codes for relevant malignancies","187727005","1217586019",
"4746881000006114","Malignant tumour of cardia","CAN_COD","Codes for relevant malignancies","187732006","288627017",
"4746901000006111","Malignant tumor of cardia","CAN_COD","Codes for relevant malignancies","187732006","288626014",
"4746941000006113","Malignant neoplasm of cardio-esophageal junction of stomach","CAN_COD","Codes for relevant malignancies","187734007","288629019",
"4746951000006110","Malignant neoplasm of gastro-esophageal junction","CAN_COD","Codes for relevant malignancies","187734007","288630012",
"4746971000006117","Malignant neoplasm of cardioesophageal junction of stomach","CAN_COD","Codes for relevant malignancies","187734007","2772105011",
"4746981000006119","Malignant tumour of pylorus","CAN_COD","Codes for relevant malignancies","187736009","288636018",
"4746991000006116","Malignant tumor of pylorus","CAN_COD","Codes for relevant malignancies","187736009","288634015",
"474703011","Eosinophilic granuloma","CAN_COD","Codes for relevant malignancies","129000002","474703011",
"4747031000006116","Malignant tumour of pyloric antrum","CAN_COD","Codes for relevant malignancies","187740000","288642019",
"4747041000006114","Malignant tumor of pyloric antrum","CAN_COD","Codes for relevant malignancies","187740000","288640010",
"4747061000006113","Malignant tumour of fundus of stomach","CAN_COD","Codes for relevant malignancies","187741001","288643012",
"4747081000006115","Malignant tumor of fundus of stomach","CAN_COD","Codes for relevant malignancies","187741001","288645017",
"4747101000006111","Malignant tumour of body of stomach","CAN_COD","Codes for relevant malignancies","187742008","288648015",
"4747111000006114","Malignant tumor of body of stomach","CAN_COD","Codes for relevant malignancies","187742008","288646016",
"4747141000006113","Malignant tumour of Meckel's diverticulum","CAN_COD","Codes for relevant malignancies","187752007","288660019",
"4747151000006110","Malignant tumor of Meckel's diverticulum","CAN_COD","Codes for relevant malignancies","187752007","288658016",
"4747171000006117","Malignant tumor of Meckel diverticulum","CAN_COD","Codes for relevant malignancies","187752007","2837960017",
"4747261000006117","Ca intrahepatic bile ducts","CAN_COD","Codes for relevant malignancies","187777008","1222171014",
"4747281000006110","Intrahepatic bile duct cancer","CAN_COD","Codes for relevant malignancies","187777008","3036505017",
"4747311000006112","Malignant tumour of body of pancreas","CAN_COD","Codes for relevant malignancies","187791002","288718014",
"4747321000006116","Malignant tumor of body of pancreas","CAN_COD","Codes for relevant malignancies","187791002","288716013",
"4747341000006111","Ca body of pancreas","CAN_COD","Codes for relevant malignancies","187791002","1222172019",
"4747351000006113","Malignant tumour of tail of pancreas","CAN_COD","Codes for relevant malignancies","187792009","288719018",
"4747371000006115","Malignant tumor of tail of pancreas","CAN_COD","Codes for relevant malignancies","187792009","288721011",
"4747381000006117","Ca tail of pancreas","CAN_COD","Codes for relevant malignancies","187792009","1222173012",
"4747391000006119","Malignant tumour of pancreatic duct","CAN_COD","Codes for relevant malignancies","187793004","288724015",
"4747401000006117","Malignant tumor of pancreatic duct","CAN_COD","Codes for relevant malignancies","187793004","288722016",
"4747421000006110","Malignant tumour of Islets of Langerhans","CAN_COD","Codes for relevant malignancies","187794005","288725019",
"4747431000006113","Malignant Islet cell tumour","CAN_COD","Codes for relevant malignancies","187794005","288726018",
"4747451000006118","Malignant Islet cell tumor","CAN_COD","Codes for relevant malignancies","187794005","288728017",
"4747461000006116","Malignant tumor of Islets of Langerhans","CAN_COD","Codes for relevant malignancies","187794005","288729013",
"4747501000006116","Malignant tumor of peritoneum and retroperitoneum","CAN_COD","Codes for relevant malignancies","187801002","288738010",
"4747541000006119","Malignant neoplasm of retrocecal tissue","CAN_COD","Codes for relevant malignancies","187804005","288743015",
"4747591000006111","Malignant neoplasm of mesocecum","CAN_COD","Codes for relevant malignancies","187810005","288750016",
"4747681000006112","Malignant neoplasm of nasal turbinate","CAN_COD","Codes for relevant malignancies","187830009","2475563011",
"4747701000006110","Malignant tumour of nasal vestibule","CAN_COD","Codes for relevant malignancies","187831008","288773012",
"4747711000006113","Malignant tumor of nasal vestibule","CAN_COD","Codes for relevant malignancies","187831008","288774018",
"4747741000006112","Malignant tumour of Eustachian tube","CAN_COD","Codes for relevant malignancies","187834000","288782018",
"4747751000006114","Malignant tumor of Eustachian tube","CAN_COD","Codes for relevant malignancies","187834000","288778015",
"4747771000006116","Malignant tumor of auditory tube","CAN_COD","Codes for relevant malignancies","187834000","288780014",
"4747781000006118","Malignant tumour of auditory tube","CAN_COD","Codes for relevant malignancies","187834000","288781013",
"4747791000006115","Malignant tumour of tympanic cavity","CAN_COD","Codes for relevant malignancies","187835004","288783011",
"4747811000006116","Malignant tumor of tympanic cavity","CAN_COD","Codes for relevant malignancies","187835004","288785016",
"4747821000006112","Malignant tumour of tympanic antrum","CAN_COD","Codes for relevant malignancies","187836003","288788019",
"4747831000006110","Malignant tumor of tympanic antrum","CAN_COD","Codes for relevant malignancies","187836003","288786015",
"4747861000006118","Malignant tumour of glottis","CAN_COD","Codes for relevant malignancies","187841006","288795011",
"4747871000006113","Malignant tumor of glottis","CAN_COD","Codes for relevant malignancies","187841006","288793016",
"4747901000006113","Malignant tumour of supraglottis","CAN_COD","Codes for relevant malignancies","187842004","288796012",
"4747921000006115","Malignant tumor of supraglottis","CAN_COD","Codes for relevant malignancies","187842004","288798013",
"4748061000006112","Malignant neoplasm of right middle lobe of lung","CAN_COD","Codes for relevant malignancies","187866005","3443979013",
"4748181000006118","Malignant neoplasm of ribs and/or sternum and/or clavicle","CAN_COD","Codes for relevant malignancies","187920001","1489769014",
"4748231000006113","Malignant neoplasm of costovertebral joint","CAN_COD","Codes for relevant malignancies","187926007","288895018",
"4748281000006114","Malignant neoplasm of navicular bone of hand","CAN_COD","Codes for relevant malignancies","187937008","1222178015",
"4748331000006117","Malignant neoplasm of trapezial bone","CAN_COD","Codes for relevant malignancies","187941007","1222179011",
"4748651000006115","Malignant neoplasm of connective and soft tissue of forearm","CAN_COD","Codes for relevant malignancies","187994003","2987526018",
"4748931000006116","Kaposi's sarcoma of soft tissues","CAN_COD","Codes for relevant malignancies","188029000","1222186015",
"4748941000006114","Kaposi sarcoma of soft tissue","CAN_COD","Codes for relevant malignancies","188029000","2839407016",
"4748961000006113","Malignant melanoma of ear and/or external auditory canal","CAN_COD","Codes for relevant malignancies","188032002","2837847010",
"4748981000006115","Malignant melanoma of ear and/or external auricular canal","CAN_COD","Codes for relevant malignancies","188032002","1775483015",
"4749171000006112","Malignant melanoma of forearm","CAN_COD","Codes for relevant malignancies","188062008","2987616017",
"4749431000006116","Malignant neoplasm of scalp AND/OR skin of neck","CAN_COD","Codes for relevant malignancies","188102008","3037352015",
"4749761000006118","Chorioepithelioma","CAN_COD","Codes for relevant malignancies","188188009","289185017",
"4749771000006113","Chorionepithelioma","CAN_COD","Codes for relevant malignancies","188188009","289186016",
"4749881000006118","Malignant neoplasm of Gartner duct","CAN_COD","Codes for relevant malignancies","188208002","2840176011",
"4749921000006114","Malignant tumor of undescended testis","CAN_COD","Codes for relevant malignancies","188219004","289221015",
"4749931000006112","Cancer of undescended testis","CAN_COD","Codes for relevant malignancies","188219004","289222010",
"4749951000006117","Malignant tumour of retained testis","CAN_COD","Codes for relevant malignancies","188219004","2474968017",
"4749961000006115","Malignant tumor of retained testis","CAN_COD","Codes for relevant malignancies","188219004","2475173018",
"4749971000006110","Malignant tumour of ectopic testis","CAN_COD","Codes for relevant malignancies","188220005","289227016",
"4749991000006111","Cancer of ectopic testis","CAN_COD","Codes for relevant malignancies","188220005","289225012",
"4750001000006111","Malignant tumor of ectopic testis","CAN_COD","Codes for relevant malignancies","188220005","289226013",
"4750011000006114","Malignant tumour of body of penis","CAN_COD","Codes for relevant malignancies","188230001","289244017",
"4750021000006118","Malignant tumour of shaft of penis","CAN_COD","Codes for relevant malignancies","188230001","289243011",
"4750031000006115","Malignant tumor of body of penis","CAN_COD","Codes for relevant malignancies","188230001","289245016",
"4750051000006110","Cancer of body of penis","CAN_COD","Codes for relevant malignancies","188230001","289247012",
"4750061000006112","Malignant tumor of shaft of penis","CAN_COD","Codes for relevant malignancies","188230001","289248019",
"4750071000006117","Malignant tumour of seminal vesicle","CAN_COD","Codes for relevant malignancies","188234005","289253012",
"4750091000006116","Malignant tumor of seminal vesicle","CAN_COD","Codes for relevant malignancies","188234005","289254018",
"4750101000006110","Malignant tumour of tunica vaginalis","CAN_COD","Codes for relevant malignancies","188235006","289256016",
"4750111000006113","Malignant tumor of tunica vaginalis","CAN_COD","Codes for relevant malignancies","188235006","289255017",
"4750131000006119","Malignant tumour of trigone of urinary bladder","CAN_COD","Codes for relevant malignancies","188239000","289263016",
"4750141000006112","Malignant tumor of trigone of urinary bladder","CAN_COD","Codes for relevant malignancies","188239000","289261019",
"4750161000006111","Malignant tumour of trigone of bladder","CAN_COD","Codes for relevant malignancies","188239000","2474969013",
"4750171000006116","Malignant tumor of trigone of bladder","CAN_COD","Codes for relevant malignancies","188239000","2475174012",
"4750181000006118","Malignant tumour of vault of bladder","CAN_COD","Codes for relevant malignancies","188240003","289264010",
"4750191000006115","Malignant tumour of bladder dome","CAN_COD","Codes for relevant malignancies","188240003","289265011",
"4750201000006117","Malignant neoplasm of vault of bladder","CAN_COD","Codes for relevant malignancies","188240003","289266012",
"4750221000006110","Malignant tumor of bladder dome","CAN_COD","Codes for relevant malignancies","188240003","289268013",
"4750231000006113","Malignant tumor of vault of bladder","CAN_COD","Codes for relevant malignancies","188240003","289269017",
"4750271000006111","Malignant tumour of bladder neck","CAN_COD","Codes for relevant malignancies","188244007","289273019",
"4750281000006114","Malignant tumor of bladder neck","CAN_COD","Codes for relevant malignancies","188244007","289274013",
"4750301000006113","Malignant tumour of ureteric orifice","CAN_COD","Codes for relevant malignancies","188245008","289278011",
"4750321000006115","Malignant tumor of ureteric orifice","CAN_COD","Codes for relevant malignancies","188245008","289277018",
"4750341000006110","Overlapping malignant neoplasm of urinary bladder","CAN_COD","Codes for relevant malignancies","188247000","1784806017",
"4750351000006112","Overlapping malignant neoplasm of bladder","CAN_COD","Codes for relevant malignancies","188247000","1784807014",
"4750361000006114","Malignant tumour of kidney parenchyma","CAN_COD","Codes for relevant malignancies","188250002","289286011",
"4750381000006116","Malignant tumor of kidney parenchyma","CAN_COD","Codes for relevant malignancies","188250002","289287019",
"4750401000006116","Malignant tumour of renal calyx","CAN_COD","Codes for relevant malignancies","188252005","289291012",
"4750411000006118","Malignant neoplasm of renal calyx","CAN_COD","Codes for relevant malignancies","188252005","289289016",
"4750421000006114","Malignant tumor of renal calyx","CAN_COD","Codes for relevant malignancies","188252005","289290013",
"4750431000006112","Malignant tumour of pelviureteric junction","CAN_COD","Codes for relevant malignancies","188253000","289292017",
"4750441000006119","Malignant tumor of pelviureteric junction","CAN_COD","Codes for relevant malignancies","188253000","289293010",
"4750461000006115","Malignant neoplasm of pelviureteric junction","CAN_COD","Codes for relevant malignancies","188253000","289295015",
"4750501000006115","Malignant tumour of ciliary body","CAN_COD","Codes for relevant malignancies","188263008","289310010",
"4750521000006113","Malignant tumor of ciliary body","CAN_COD","Codes for relevant malignancies","188263008","289309017",
"4750531000006111","Malignant tumour of iris","CAN_COD","Codes for relevant malignancies","188264002","289312019",
"4750551000006116","Malignant tumor of iris","CAN_COD","Codes for relevant malignancies","188264002","289313012",
"4750601000006119","Malignant tumour of lacrimal gland","CAN_COD","Codes for relevant malignancies","188272000","289323015",
"4750621000006112","Malignant tumor of lacrimal gland","CAN_COD","Codes for relevant malignancies","188272000","289324014",
"4750651000006115","Malignant neoplasm of lacrimal duct","CAN_COD","Codes for relevant malignancies","188274004","2579145017",
"4750711000006112","Malignant tumour of hypothalamus","CAN_COD","Codes for relevant malignancies","188286001","289344015",
"4750721000006116","Malignant tumor of hypothalamus","CAN_COD","Codes for relevant malignancies","188286001","289342016",
"4750771000006115","Malignant tumour of choroid plexus","CAN_COD","Codes for relevant malignancies","188292007","289350013",
"4750781000006117","Malignant tumor of choroid plexus","CAN_COD","Codes for relevant malignancies","188292007","289351012",
"4750881000006110","Malignant tumor of cranial nerve","CAN_COD","Codes for relevant malignancies","188307009","289368011",
"4751011000006118","Peripheral nerve cancer, thorax","CAN_COD","Codes for relevant malignancies","188325002","3036419019",
"4751071000006110","Malignant tumour of craniopharyngeal duct","CAN_COD","Codes for relevant malignancies","188340000","289410014",
"4751081000006113","Malignant tumor of craniopharyngeal duct","CAN_COD","Codes for relevant malignancies","188340000","289408012",
"4751131000006113","Malignant tumour of thorax","CAN_COD","Codes for relevant malignancies","188361007","289433010",
"4751141000006115","Malignant tumor of thorax","CAN_COD","Codes for relevant malignancies","188361007","289434016",
"4751161000006116","Malignant tumor of abdomen","CAN_COD","Codes for relevant malignancies","188366002","289439014",
"4751171000006111","Malignant tumour of abdomen","CAN_COD","Codes for relevant malignancies","188366002","289440011",
"4751301000006119","Metastatic malignant neoplasm to uterine cervix","CAN_COD","Codes for relevant malignancies","188469005","1784808016",
"4751311000006116","Metastatic malignant neoplasm to cervix uteri","CAN_COD","Codes for relevant malignancies","188469005","1784809012",
"4751321000006112","Secondary malignant neoplasm of uterine cervix","CAN_COD","Codes for relevant malignancies","188469005","1784810019",
"4751331000006110","Cancer metastatic to cervix","CAN_COD","Codes for relevant malignancies","188469005","3036537016",
"4751341000006117","Secondary malignant neoplasm of epididymis and vas deferens","CAN_COD","Codes for relevant malignancies","188471005","289557012",
"4751511000006110","Burkitt lymphoma of lymph nodes of head, face and neck","CAN_COD","Codes for relevant malignancies","188510001","2840209014",
"4751531000006116","Burkitt lymphoma of intrathoracic lymph nodes","CAN_COD","Codes for relevant malignancies","188511002","2842585010",
"4751551000006111","Burkitt lymphoma of intra-abdominal lymph nodes","CAN_COD","Codes for relevant malignancies","188512009","2838944018",
"4751571000006118","Burkitt lymphoma of lymph nodes of axilla and upper limb","CAN_COD","Codes for relevant malignancies","188513004","2840463010",
"4751591000006117","Burkitt lymphoma of lymph nodes of inguinal region and lower limb","CAN_COD","Codes for relevant malignancies","188514005","2840464016",
"4751611000006111","Burkitt lymphoma of intrapelvic lymph nodes","CAN_COD","Codes for relevant malignancies","188515006","2839866019",
"4751631000006117","Burkitt lymphoma of spleen","CAN_COD","Codes for relevant malignancies","188516007","2838644015",
"4751651000006112","Burkitt lymphoma of lymph nodes of multiple sites","CAN_COD","Codes for relevant malignancies","188517003","2838645019",
"4751671000006119","Hodgkin paragranuloma of intrathoracic lymph nodes","CAN_COD","Codes for relevant malignancies","188524002","2842575014",
"4751741000006116","Hodgkin paragranuloma of intrapelvic lymph nodes","CAN_COD","Codes for relevant malignancies","188529007","2840029016",
"4751761000006117","Hodgkin paragranuloma of lymph nodes of multiple sites","CAN_COD","Codes for relevant malignancies","188531003","2839123012",
"4751781000006110","Hodgkin granuloma of lymph nodes of head, face and neck","CAN_COD","Codes for relevant malignancies","188534006","2840030014",
"4751801000006114","Hodgkin granuloma of intra-abdominal lymph nodes","CAN_COD","Codes for relevant malignancies","188536008","2840031013",
"4751821000006116","Hodgkin granuloma of lymph nodes of axilla and upper limb","CAN_COD","Codes for relevant malignancies","188537004","2838157010",
"4751841000006111","Hodgkin granuloma of lymph nodes of inguinal region and lower limb","CAN_COD","Codes for relevant malignancies","188538009","2841814012",
"4751861000006110","Hodgkin granuloma of lymph nodes of multiple sites","CAN_COD","Codes for relevant malignancies","188541000","2840388018",
"4751881000006117","Hodgkin sarcoma of lymph nodes of head, face and neck","CAN_COD","Codes for relevant malignancies","188544008","2838158017",
"4751901000006115","Hodgkin sarcoma of lymph nodes of axilla and upper limb","CAN_COD","Codes for relevant malignancies","188547001","2838946016",
"4751921000006113","Hodgkin sarcoma of lymph nodes of inguinal region and lower limb","CAN_COD","Codes for relevant malignancies","188548006","2838899014",
"4751941000006118","Hodgkin sarcoma of lymph nodes of multiple sites","CAN_COD","Codes for relevant malignancies","188551004","2839019019",
"4751961000006119","Hodgkin disease, lymphocytic-histiocytic predominance of lymph nodes of head, face and neck","CAN_COD","Codes for relevant malignancies","188554007","2840032018",
"4751991000006110","Hodgkin disease, lymphocytic-histiocytic predominance of lymph nodes of axilla and upper limb","CAN_COD","Codes for relevant malignancies","188558005","2842357012",
"4752011000006110","Hodgkin disease, lymphocytic-histiocytic predominance of lymph nodes of inguinal region and lower limb","CAN_COD","Codes for relevant malignancies","188559002","2839018010",
"4752031000006116","Hodgkin disease, lymphocytic-histiocytic predominance of lymph nodes of multiple sites","CAN_COD","Codes for relevant malignancies","188562004","2837947011",
"4752051000006111","Hodgkin disease, nodular sclerosis of lymph nodes of head, face and neck","CAN_COD","Codes for relevant malignancies","188565002","2838938017",
"4752071000006118","Hodgkin disease, nodular sclerosis of intrathoracic lymph nodes","CAN_COD","Codes for relevant malignancies","188566001","2838939013",
"4752091000006117","Hodgkin disease, nodular sclerosis of intra-abdominal lymph nodes","CAN_COD","Codes for relevant malignancies","188567005","2838247017",
"4752111000006114","Hodgkin disease, nodular sclerosis of lymph nodes of axilla and upper limb","CAN_COD","Codes for relevant malignancies","188568000","2839313014",
"4752131000006115","Hodgkin disease, nodular sclerosis of lymph nodes of inguinal region and lower limb","CAN_COD","Codes for relevant malignancies","188569008","2839132014",
"4752151000006110","Hodgkin disease, nodular sclerosis of intrapelvic lymph nodes","CAN_COD","Codes for relevant malignancies","188570009","2837941012",
"4752171000006117","Hodgkin disease, nodular sclerosis of lymph nodes of multiple sites","CAN_COD","Codes for relevant malignancies","188572001","2840177019",
"4752191000006116","Hodgkin disease, mixed cellularity of lymph nodes of head, face and neck","CAN_COD","Codes for relevant malignancies","188575004","2838104014",
"4752211000006115","Hodgkin disease, mixed cellularity of intrathoracic lymph nodes","CAN_COD","Codes for relevant malignancies","188576003","2837802014",
"4752231000006114","Hodgkin disease, mixed cellularity of intra-abdominal lymph nodes","CAN_COD","Codes for relevant malignancies","188577007","2838308016",
"4752251000006119","Hodgkin disease, mixed cellularity of lymph nodes of axilla and upper limb","CAN_COD","Codes for relevant malignancies","188578002","2838265018",
"4752271000006112","Hodgkin disease, mixed cellularity of lymph nodes of inguinal region and lower limb","CAN_COD","Codes for relevant malignancies","188579005","2839332015",
"4752291000006113","Hodgkin disease, mixed cellularity of intrapelvic lymph nodes","CAN_COD","Codes for relevant malignancies","188580008","2838948015",
"4752311000006112","Hodgkin disease, mixed cellularity of lymph nodes of multiple sites","CAN_COD","Codes for relevant malignancies","188582000","2839867011",
"4752331000006118","Hodgkin disease, lymphocytic depletion of lymph nodes of head, face and neck","CAN_COD","Codes for relevant malignancies","188585003","2840213019",
"4752351000006113","Hodgkin disease, lymphocytic depletion of intrathoracic lymph nodes","CAN_COD","Codes for relevant malignancies","188586002","2841767019",
"4752371000006115","Hodgkin disease, lymphocytic depletion of intra-abdominal lymph nodes","CAN_COD","Codes for relevant malignancies","188587006","2840212012",
"4752391000006119","Hodgkin disease, lymphocytic depletion of lymph nodes of axilla and upper limb","CAN_COD","Codes for relevant malignancies","188589009","2839172017",
"4752411000006119","Hodgkin disease, lymphocytic depletion of lymph nodes of inguinal region and lower limb","CAN_COD","Codes for relevant malignancies","188590000","2840201012",
"4752431000006113","Hodgkin disease, lymphocytic depletion of intrapelvic lymph nodes","CAN_COD","Codes for relevant malignancies","188591001","2841990018",
"4752451000006118","Hodgkin disease, lymphocytic depletion of spleen","CAN_COD","Codes for relevant malignancies","188592008","2837785016",
"4752471000006111","Hodgkin disease, lymphocytic depletion of lymph nodes of multiple sites","CAN_COD","Codes for relevant malignancies","188593003","2841987012",
"4752551000006117","S+�-�zary's disease of lymph nodes of head, face and neck","CAN_COD","Codes for relevant malignancies","188630009","2642295018",
"4752571000006110","S+�-�zary disease of lymph nodes of head, face and neck","CAN_COD","Codes for relevant malignancies","188630009","2842009012",
"4752581000006113","S+�-�zary's disease of intrathoracic lymph nodes","CAN_COD","Codes for relevant malignancies","188631008","2547710015",
"4752601000006115","S+�-�zary disease of intrathoracic lymph nodes","CAN_COD","Codes for relevant malignancies","188631008","2842377017",
"4752611000006117","S+�-�zary's disease of intra-abdominal lymph nodes","CAN_COD","Codes for relevant malignancies","188632001","2547711016",
"4752631000006111","S+�-�zary disease of intra-abdominal lymph nodes","CAN_COD","Codes for relevant malignancies","188632001","2842242019",
"4752641000006118","Lymphoma intra abdominal, Sezarys","CAN_COD","Codes for relevant malignancies","188632001","3036399017",
"4752651000006116","S+�-�zary's disease of lymph nodes of axilla AND/OR upper limb","CAN_COD","Codes for relevant malignancies","188633006","2547712011",
"4752671000006114","S+�-�zary's disease of lymph nodes of axilla and upper limb","CAN_COD","Codes for relevant malignancies","188633006","2770251012",
"4752681000006112","S+�-�zary disease of lymph nodes of axilla and upper limb","CAN_COD","Codes for relevant malignancies","188633006","2838947013",
"4752691000006110","S+�-�zary's disease of lymph nodes of inguinal region and lower limb","CAN_COD","Codes for relevant malignancies","188634000","2547713018",
"4752711000006113","S+�-�zary disease of lymph nodes of inguinal region and lower limb","CAN_COD","Codes for relevant malignancies","188634000","2839830015",
"4752721000006117","S+�-�zary's disease of intrapelvic lymph nodes","CAN_COD","Codes for relevant malignancies","188635004","2547714012",
"4752741000006112","S+�-�zary disease of intrapelvic lymph nodes","CAN_COD","Codes for relevant malignancies","188635004","2839281015",
"4752751000006114","S+�-�zary's disease of lymph nodes of multiple sites","CAN_COD","Codes for relevant malignancies","188637007","2547717017",
"4752771000006116","S+�-�zary disease of lymph nodes of multiple sites","CAN_COD","Codes for relevant malignancies","188637007","2840411015",
"4752821000006112","Leukemic reticuloendotheliosis of lymph nodes of head, face and neck","CAN_COD","Codes for relevant malignancies","188645002","289758016",
"4752841000006117","Leukemic reticuloendotheliosis of lymph nodes of axilla and upper limb","CAN_COD","Codes for relevant malignancies","188648000","289763017",
"4752861000006118","Leukemic reticuloendotheliosis of lymph nodes of inguinal region and lower limb","CAN_COD","Codes for relevant malignancies","188649008","289766013",
"4752881000006111","Malignant mast cell tumors","CAN_COD","Codes for relevant malignancies","188660004","289782014",
"4752981000006116","Follicular non-Hodgkin mixed small cleaved and large cell lymphoma","CAN_COD","Codes for relevant malignancies","188672005","2842055014",
"4752991000006118","Diffuse malignant lymphoma - small non-cleaved cell","CAN_COD","Codes for relevant malignancies","188674006","289797012",
"4753001000006117","Non-Burkitt's malignant lymphoma - undifferentiated cell","CAN_COD","Codes for relevant malignancies","188674006","289798019",
"4753021000006110","Malignant lymphoma - undifferentiated cell type","CAN_COD","Codes for relevant malignancies","188674006","289800014",
"4753031000006113","Malignant lymphoma - small cleaved cell","CAN_COD","Codes for relevant malignancies","188675007","289804017",
"4753051000006118","Lymphoblastic lymphosarcoma","CAN_COD","Codes for relevant malignancies","188675007","289802018",
"4753061000006116","Malignant lymphoma, lymphocytic - poorly differentiated","CAN_COD","Codes for relevant malignancies","188675007","289803011",
"4753071000006111","Malignant lymphoma - mixed small and large cell","CAN_COD","Codes for relevant malignancies","188676008","289805016",
"4753081000006114","Reticulolymphosarcoma, diffuse","CAN_COD","Codes for relevant malignancies","188676008","289806015",
"4753101000006118","Reticulolymphosarcoma","CAN_COD","Codes for relevant malignancies","188676008","289808019",
"4753111000006115","Malignant lymphoma - mixed lymphocytic-histiocytic","CAN_COD","Codes for relevant malignancies","188676008","289809010",
"4753131000006114","Diffuse non-Hodgkin lymphoma undifferentiated (diffuse)","CAN_COD","Codes for relevant malignancies","188679001","2839958010",
"4753171000006112","Extramedullary plasmacytoma (clinical)","CAN_COD","Codes for relevant malignancies","188718006","289866017",
"4753211000006114","Lymphoid leukemia","CAN_COD","Codes for relevant malignancies","188725004","289877011",
"4753221000006118","Lymphatic leukemia","CAN_COD","Codes for relevant malignancies","188725004","289878018",
"4753241000006113","Subacute lymphoid leukemia","CAN_COD","Codes for relevant malignancies","188726003","289879014",
"4753261000006112","Aleukemic lymphoid leukemia","CAN_COD","Codes for relevant malignancies","188728002","289883014",
"4753281000006119","Adult T-cell leukemia","CAN_COD","Codes for relevant malignancies","188729005","289886018",
"4753301000006115","Myeloid leukemia","CAN_COD","Codes for relevant malignancies","188732008","289891017",
"4753311000006117","Granulocytic leukemia","CAN_COD","Codes for relevant malignancies","188732008","289893019",
"4753321000006113","Granulocytic leukaemia","CAN_COD","Codes for relevant malignancies","188732008","289894013",
"4753341000006118","Chronic eosinophilic leukemia","CAN_COD","Codes for relevant malignancies","188733003","289896010",
"4753361000006119","Chronic neutrophilic leukemia","CAN_COD","Codes for relevant malignancies","188734009","289897018",
"4753381000006112","Subacute myeloid leukemia","CAN_COD","Codes for relevant malignancies","188736006","289902017",
"4753391000006110","Smouldering leukaemia","CAN_COD","Codes for relevant malignancies","188736006","1783491015",
"4753401000006112","Smoldering leukemia","CAN_COD","Codes for relevant malignancies","188736006","1783860018",
"4753441000006114","Aleukemic myeloid leukemia","CAN_COD","Codes for relevant malignancies","188741003","289909014",
"4753461000006113","Histiocytic leukemia","CAN_COD","Codes for relevant malignancies","188744006","289914013",
"4753471000006118","Schilling-type monocytic leukemia","CAN_COD","Codes for relevant malignancies","188744006","289915014",
"4753481000006115","Monoblastic leukemia","CAN_COD","Codes for relevant malignancies","188744006","289916010",
"4753491000006117","Monocytic leukemia","CAN_COD","Codes for relevant malignancies","188744006","289918011",
"4753511000006111","Schilling-type monocytic leukaemia","CAN_COD","Codes for relevant malignancies","188744006","289920014",
"4753541000006110","Chronic monocytic leukemia","CAN_COD","Codes for relevant malignancies","188745007","289922018",
"4753561000006114","Subacute monocytic leukemia","CAN_COD","Codes for relevant malignancies","188746008","289925016",
"4753581000006116","Aleukemic monocytic leukemia","CAN_COD","Codes for relevant malignancies","188748009","289929010",
"4753601000006114","Thrombocytic leukemia","CAN_COD","Codes for relevant malignancies","188754005","289946013",
"4753611000006112","Megakaryocytic leukemia","CAN_COD","Codes for relevant malignancies","188754005","289947016",
"4753641000006111","Myelomonocytic leukemia","CAN_COD","Codes for relevant malignancies","188768003","289975019",
"4753661000006110","Subacute myelomonocytic leukemia","CAN_COD","Codes for relevant malignancies","188770007","289981010",
"4756951000006113","Refractory anemia without sideroblasts, so stated","CAN_COD","Codes for relevant malignancies","189509003","291253013",
"4760001000006116","Waldenstr+�-�m macroglobulinaemia","CAN_COD","Codes for relevant malignancies","190818004","2474973011",
"4760011000006118","Waldenstrom's macroglobulinemia","CAN_COD","Codes for relevant malignancies","190818004","293379014",
"4760031000006112","Waldenstr+�-�m macroglobulinemia","CAN_COD","Codes for relevant malignancies","190818004","2475178010",
"476225016","Acute erythroid leukaemia","CAN_COD","Codes for relevant malignancies","93451002","154686014",
"482537012","Malignant neoplasm of mesentery","CAN_COD","Codes for relevant malignancies","363370001","482537012",
"482641017","Malignant neoplasm of omentum","CAN_COD","Codes for relevant malignancies","363421004","482641017",
"482690017","Malignant neoplasm of labia majora","CAN_COD","Codes for relevant malignancies","363446004","482690017",
"482691018","Malignant neoplasm of labia minora","CAN_COD","Codes for relevant malignancies","363447008","482691018",
"482730011","Malignant neoplasm of frontal lobe","CAN_COD","Codes for relevant malignancies","363467004","482730011",
"482731010","Malignant neoplasm of temporal lobe","CAN_COD","Codes for relevant malignancies","363468009","482731010",
"482732015","Malignant neoplasm of parietal lobe","CAN_COD","Codes for relevant malignancies","363469001","482732015",
"482733013","Malignant neoplasm of occipital lobe","CAN_COD","Codes for relevant malignancies","363470000","482733013",
"482734019","Malignant neoplasm of cerebral ventricles","CAN_COD","Codes for relevant malignancies","363471001","482734019",
"482737014","Malignant neoplasm of cerebral meninges","CAN_COD","Codes for relevant malignancies","363474009","482737014",
"482740014","Malignant neoplasm of spinal meninges","CAN_COD","Codes for relevant malignancies","363476006","482740014",
"482741013","Malignant neoplasm of cauda equina","CAN_COD","Codes for relevant malignancies","363477002","482741013",
"501272016","Naevoid basal cell carcinoma syndrome","CAN_COD","Codes for relevant malignancies","69408002","501272016",
"501273014","Basal cell naevus syndrome","CAN_COD","Codes for relevant malignancies","69408002","501273014",
"5028061000006116","Malignant tumor of eyelid","CAN_COD","Codes for relevant malignancies","231829006","347399016",
"5028071000006111","Malignant neoplasm of eyelid","CAN_COD","Codes for relevant malignancies","231829006","2773744015",
"509741017","Acute lymphoid leukaemia","CAN_COD","Codes for relevant malignancies","91857003","509741017",
"510217015","Leukaemic reticuloendotheliosis of intrapelvic lymph nodes","CAN_COD","Codes for relevant malignancies","93145002","510217015",
"510218013","Leukaemic reticuloendotheliosis of intrathoracic lymph nodes","CAN_COD","Codes for relevant malignancies","93146001","510218013",
"511250010","Secondary malignant neoplasm of breast","CAN_COD","Codes for relevant malignancies","94297009","511250010",
"511385013","Secondary cancer of the vulva","CAN_COD","Codes for relevant malignancies","94681006","511385013",
"51325019","Multiple endocrine neoplasia, type 1","CAN_COD","Codes for relevant malignancies","30664006","51325019",
"517421000000115","Bowel cancer detected by national screening programme","CAN_COD","Codes for relevant malignancies","294301000000103","517421000000115",
"51959012","Lymphomatoid papulosis","CAN_COD","Codes for relevant malignancies","31047003","51959012",
"527801000006112","Burkitt's lymphoma of lymph nodes of inguinal region and leg","CAN_COD","Codes for relevant malignancies","188514005","289607014",
"531851000006119","Ca female breast","CAN_COD","Codes for relevant malignancies","372064008","1210642019",
"5324481000006113","Delta cell tumor","CAN_COD","Codes for relevant malignancies","253006001","376810012",
"5324491000006111","Delta cell tumour","CAN_COD","Codes for relevant malignancies","253006001","376811011",
"533321000006119","Cancers","CAN_COD","Codes for relevant malignancies","363346000","1228478017",
"5344681000006113","Malignant tumor of anterior pillar of fauces","CAN_COD","Codes for relevant malignancies","254459004","378846010",
"5344691000006111","Malignant tumour of anterior faucial pillar","CAN_COD","Codes for relevant malignancies","254459004","2474990017",
"5344701000006111","Malignant tumour of anterior tonsillar pillar","CAN_COD","Codes for relevant malignancies","254459004","2474991018",
"5344711000006114","Malignant tumour of palatoglossal arch","CAN_COD","Codes for relevant malignancies","254459004","2474992013",
"5344721000006118","Malignant tumor of palatoglossal arch","CAN_COD","Codes for relevant malignancies","254459004","2475192016",
"5344731000006115","Malignant tumor of anterior tonsillar pillar","CAN_COD","Codes for relevant malignancies","254459004","2475193014",
"5344741000006113","Malignant tumor of anterior faucial pillar","CAN_COD","Codes for relevant malignancies","254459004","2475194015",
"5345241000006118","Malignant tumor of posterior margin of nasal septum and choanae","CAN_COD","Codes for relevant malignancies","254484001","378896011",
"5346461000006110","Adenocarcinoma of rectum","CAN_COD","Codes for relevant malignancies","254582000","379090011",
"5347121000006111","Carcinoid tumor of lung","CAN_COD","Codes for relevant malignancies","254627002","379174014",
"5347161000006117","Small cell carcinoma of lung","CAN_COD","Codes for relevant malignancies","254632001","379179016",
"5347171000006112","SCLC - Small cell lung cancer","CAN_COD","Codes for relevant malignancies","254632001","379180018",
"5347211000006114","Epidermoid carcinoma of lung","CAN_COD","Codes for relevant malignancies","254634000","379185011",
"5347221000006118","SCC - Squamous cell carcinoma of lung","CAN_COD","Codes for relevant malignancies","254634000","379186012",
"5347301000006115","NSCLC - Non-small cell lung cancer","CAN_COD","Codes for relevant malignancies","254637007","379196015",
"5351491000006113","Malignant tumour of breast","CAN_COD","Codes for relevant malignancies","254837009","5351491000006113",
"5351501000006117","Malignant tumor of breast","CAN_COD","Codes for relevant malignancies","254837009","379661016",
"5351511000006119","Breast cancer","CAN_COD","Codes for relevant malignancies","254837009","379662011",
"5351521000006110","CA - Breast cancer","CAN_COD","Codes for relevant malignancies","254837009","379663018",
"5351531000006113","Malignant neoplasm of breast","CAN_COD","Codes for relevant malignancies","254837009","3446624010",
"535221000006113","Carcinoma gallbladder","CAN_COD","Codes for relevant malignancies","372140005","1210716013",
"5353931000006117","Malignant tumour of acoustic vestibular nerve","CAN_COD","Codes for relevant malignancies","254980001","379934019",
"5353941000006110","Malignant tumor of acoustic vestibular nerve","CAN_COD","Codes for relevant malignancies","254980001","379933013",
"5354481000006112","Iris melanoma","CAN_COD","Codes for relevant malignancies","255012009","2619952015",
"5355201000006117","Malignant tumor of unknown origin","CAN_COD","Codes for relevant malignancies","255052006","380056018",
"5355211000006119","Malignant tumor - unknown primary","CAN_COD","Codes for relevant malignancies","255052006","380057010",
"5355221000006110","UKP - Malignant tumor - unknown primary","CAN_COD","Codes for relevant malignancies","255052006","380058017",
"5355231000006113","Malignant tumour - unknown primary","CAN_COD","Codes for relevant malignancies","255052006","380060015",
"5355241000006115","UKP - Malignant tumour - unknown primary","CAN_COD","Codes for relevant malignancies","255052006","380061016",
"5355251000006118","CA - Cancer of unknown origin","CAN_COD","Codes for relevant malignancies","255052006","380062011",
"5355261000006116","Metastasis - unknown primary","CAN_COD","Codes for relevant malignancies","255052006","380063018",
"5355271000006111","Cancer - unknown origin","CAN_COD","Codes for relevant malignancies","255052006","380064012",
"5355361000006114","Malignant tumour of head and neck","CAN_COD","Codes for relevant malignancies","255056009","5355361000006114",
"5355381000006116","Malignant tumour of head and/or neck","CAN_COD","Codes for relevant malignancies","255056009","2764606011",
"5355391000006118","Malignant tumor of head and/or neck","CAN_COD","Codes for relevant malignancies","255056009","2772373013",
"5355601000006119","Carcinoma of lip, oral cavity and/or pharynx","CAN_COD","Codes for relevant malignancies","255069008","3084319016",
"5355751000006113","Malignant tumor of digestive organ","CAN_COD","Codes for relevant malignancies","255077007","380112016",
"5355791000006119","Carcinoma of cecum","CAN_COD","Codes for relevant malignancies","255081007","380128014",
"5356031000006112","Angioendotheliomatosis","CAN_COD","Codes for relevant malignancies","255102004","380165011",
"5356041000006119","Intravascular lymphomatosis","CAN_COD","Codes for relevant malignancies","255102004","380166012",
"5356051000006117","Malignant angioendotheliomatosis","CAN_COD","Codes for relevant malignancies","255102004","380167015",
"543041000006111","Cerebral metastasis","CAN_COD","Codes for relevant malignancies","94248000","1235820013",
"543111000006111","Cerebral tumour - malignant","CAN_COD","Codes for relevant malignancies","428061005","2692069010",
"543481000006111","Cervical carcinoma (uterus)","CAN_COD","Codes for relevant malignancies","363354003","482507015",
"5511581000006116","Malignant tumor of lesser curve of stomach","CAN_COD","Codes for relevant malignancies","269459004","403679018",
"5511591000006118","Ca lesser curvature - stomach","CAN_COD","Codes for relevant malignancies","269459004","1225147014",
"5511601000006114","Malignant tumour of greater curve of stomach","CAN_COD","Codes for relevant malignancies","269460009","403681016",
"5511611000006112","Malignant tumor of greater curve of stomach","CAN_COD","Codes for relevant malignancies","269460009","403680015",
"5511621000006116","Ca greater curvature - stomach","CAN_COD","Codes for relevant malignancies","269460009","1225148016",
"5511671000006115","Malignant neoplasm of soft tissue","CAN_COD","Codes for relevant malignancies","269469005","403699012",
"5511681000006117","Malignant tumour of soft tissue","CAN_COD","Codes for relevant malignancies","269469005","1783515011",
"5511691000006119","Malignant tumor of soft tissue","CAN_COD","Codes for relevant malignancies","269469005","1783884014",
"5511731000006110","Malignant neoplasm of lymphatic and hemopoietic tissue","CAN_COD","Codes for relevant malignancies","269475001","403707011",
"5511741000006117","Malignant tumor of lymphoid hemopoietic and related tissue","CAN_COD","Codes for relevant malignancies","269475001","403708018",
"5511751000006115","Hematologic malignancy","CAN_COD","Codes for relevant malignancies","269475001","2536042011",
"5511761000006118","Haematologic malignancy","CAN_COD","Codes for relevant malignancies","269475001","2536043018",
"5511771000006113","Malignant tumor of lymphoid, hemopoietic AND/OR related tissue","CAN_COD","Codes for relevant malignancies","269475001","3084765015",
"5523391000006118","Malignant neoplasm of lip, oral cavity and/or pharynx","CAN_COD","Codes for relevant malignancies","271323007","3084215013",
"5526171000006110","Malignant tumour of mucosa of lower lip","CAN_COD","Codes for relevant malignancies","271568003","406401017",
"5526181000006113","Malignant tumour of oral aspect of lower lip","CAN_COD","Codes for relevant malignancies","271568003","406402012",
"5526191000006111","Malignant tumour of inner aspect of lower lip","CAN_COD","Codes for relevant malignancies","271568003","406403019",
"5526201000006114","Malignant tumour of buccal aspect of lower lip","CAN_COD","Codes for relevant malignancies","271568003","406404013",
"5526211000006112","Malignant tumor of lower labial mucosa","CAN_COD","Codes for relevant malignancies","271568003","406405014",
"5526221000006116","Malignant tumor of buccal aspect of lower lip","CAN_COD","Codes for relevant malignancies","271568003","406406010",
"5526231000006118","Malignant tumor of inner aspect of lower lip","CAN_COD","Codes for relevant malignancies","271568003","406407018",
"5526241000006111","Malignant tumor of oral aspect of lower lip","CAN_COD","Codes for relevant malignancies","271568003","406408011",
"5526251000006113","Malignant tumor of mucosa of lower lip","CAN_COD","Codes for relevant malignancies","271568003","406409015",
"552641000006110","Choriadenoma (destruens)","CAN_COD","Codes for relevant malignancies","416669000","2553896010",
"552661000006114","Choriocarcinoma","CAN_COD","Codes for relevant malignancies","188188009","289184018",
"554151000006112","Chronic erythraemia","CAN_COD","Codes for relevant malignancies","109992005","174698015",
"554641000006115","Chronic granulocytic leukaemia","CAN_COD","Codes for relevant malignancies","92818009","1217279014",
"555131000006118","Chronic lymphatic leukaemia","CAN_COD","Codes for relevant malignancies","92814006","1207831017",
"5560011000006114","MM - Malignant melanoma of eye","CAN_COD","Codes for relevant malignancies","274087000","409843018",
"5572871000006116","Malignant tumour of lipstick area of lip","CAN_COD","Codes for relevant malignancies","275399006","5572871000006116",
"5572881000006118","Malignant tumor of lipstick area of lip","CAN_COD","Codes for relevant malignancies","275399006","411377010",
"5590681000006113","DFSP - Dermatofibrosarcoma protruberans","CAN_COD","Codes for relevant malignancies","276799004","413088018",
"5590691000006111","Dermatofibrosarcoma","CAN_COD","Codes for relevant malignancies","276799004","1785077019",
"5595371000006112","Malignant tumour of external ear","CAN_COD","Codes for relevant malignancies","277156006","413589015",
"5595381000006110","Malignant tumor of external ear","CAN_COD","Codes for relevant malignancies","277156006","413590012",
"5599791000006114","B-CLL - B-cell chronic lymphocytic leukemia","CAN_COD","Codes for relevant malignancies","277473004","414005010",
"5599801000006110","B-CLL - B-cell chronic lymphocytic leukaemia","CAN_COD","Codes for relevant malignancies","277473004","414006011",
"5599811000006113","B-cell chronic lymphocytic leukemia","CAN_COD","Codes for relevant malignancies","277473004","414007019",
"5601191000006118","T-cell prolymphocytic leukemia","CAN_COD","Codes for relevant malignancies","277567002","414150010",
"5601291000006110","B-cell acute lymphoblastic leukemia","CAN_COD","Codes for relevant malignancies","277571004","414159011",
"5601301000006111","Burkitt's leukemia","CAN_COD","Codes for relevant malignancies","277571004","414161019",
"5601311000006114","Burkitt's leukaemia","CAN_COD","Codes for relevant malignancies","277571004","414162014",
"5601331000006115","Mature B-cell leukemia Burkitt-type","CAN_COD","Codes for relevant malignancies","277571004","2872861019",
"5601341000006113","Mature B-cell leukemia Burkitt type","CAN_COD","Codes for relevant malignancies","277571004","3036186013",
"5601351000006110","Mature B-cell leukaemia Burkitt type","CAN_COD","Codes for relevant malignancies","277571004","3038062017",
"5601801000006116","Myelodysplastic syndrome with isolated del(5q)","CAN_COD","Codes for relevant malignancies","277597005","2872269012",
"5601831000006112","Myelodysplastic syndrome with 5Q deletion","CAN_COD","Codes for relevant malignancies","277597005","3037633016",
"5601881000006113","Acute monocytoid leukaemia","CAN_COD","Codes for relevant malignancies","277601005","414213018",
"5601891000006111","Naegeli-type monocytic leukaemia","CAN_COD","Codes for relevant malignancies","277601005","414214012",
"5601901000006110","M5a - Acute monoblastic leukaemia","CAN_COD","Codes for relevant malignancies","277601005","414215013",
"5601911000006113","Acute monocytoid leukemia","CAN_COD","Codes for relevant malignancies","277601005","414216014",
"5601921000006117","M5a - Acute monoblastic leukemia","CAN_COD","Codes for relevant malignancies","277601005","414217017",
"5601931000006119","Naegeli-type monocytic leukemia","CAN_COD","Codes for relevant malignancies","277601005","414218010",
"5601941000006112","Acute monoblastic leukemia","CAN_COD","Codes for relevant malignancies","277601005","414219019",
"5602061000006117","Tumor lysis syndrome","CAN_COD","Codes for relevant malignancies","277605001","414229014",
"5602281000006115","B-cell prolymphocytic leukemia","CAN_COD","Codes for relevant malignancies","277619001","414249017",
"5602291000006117","Prolymphocytic leukemia of B-cell type","CAN_COD","Codes for relevant malignancies","277619001","3037637015",
"5602371000006110","Follicular malignant lymphoma - small cleaved cell","CAN_COD","Codes for relevant malignancies","277625002","414258012",
"5602571000006115","Follicular malignant lymphoma - large cell","CAN_COD","Codes for relevant malignancies","277641001","414279012",
"5602581000006117","Malignant lymphoma - histiocytic, nodular","CAN_COD","Codes for relevant malignancies","277641001","414276017",
"5602591000006119","Malignant lymphoma - non-cleaved, follicular","CAN_COD","Codes for relevant malignancies","277641001","414277014",
"5602751000006116","EACTL - Enteropathy-associated T-cell lymphoma","CAN_COD","Codes for relevant malignancies","277654008","414299018",
"5602761000006119","Enteropathy type (intestinal) T-cell lymphoma","CAN_COD","Codes for relevant malignancies","277654008","2872730017",
"5602771000006114","Enteropathy-type T-cell lymphoma","CAN_COD","Codes for relevant malignancies","277654008","3037167010",
"5608261000006111","Superior pulmonary sulcus syndrome","CAN_COD","Codes for relevant malignancies","278065000","414848017",
"5608271000006116","Pancoast syndrome","CAN_COD","Codes for relevant malignancies","278065000","2839808016",
"5645721000006112","Malignant tumour of lacrimal drainage structure","CAN_COD","Codes for relevant malignancies","280959007","418842013",
"5645731000006110","Malignant tumor of lacrimal drainage structure","CAN_COD","Codes for relevant malignancies","280959007","418843015",
"573611000006118","Colonic cancer","CAN_COD","Codes for relevant malignancies","363406005","482611019",
"587201000006115","Non - Hodgkin's lymphoma","CAN_COD","Codes for relevant malignancies","118601006","2663475013",
"5911401000006116","Malignant tumour of fraenum of lip","CAN_COD","Codes for relevant malignancies","302815008","444721015",
"5911411000006118","Malignant tumor of frenum of lip","CAN_COD","Codes for relevant malignancies","302815008","444722010",
"5911421000006114","Malignant tumour of soft tissue of head, face and neck","CAN_COD","Codes for relevant malignancies","302816009","444723017",
"5911431000006112","Malignant tumor of soft tissue of head, face and neck","CAN_COD","Codes for relevant malignancies","302816009","444724011",
"5911441000006119","Malignant tumour of unknown origin or ill-defined site","CAN_COD","Codes for relevant malignancies","302817000","444728014",
"5911451000006117","Malignant tumor of unknown origin or ill-defined site","CAN_COD","Codes for relevant malignancies","302817000","444727016",
"5911761000006110","Pheochromocytoma","CAN_COD","Codes for relevant malignancies","302835009","444774013",
"5911771000006115","Chromaffin paraganglioma","CAN_COD","Codes for relevant malignancies","302835009","1227133014",
"5911781000006117","Adrenal medullary paraganglioma","CAN_COD","Codes for relevant malignancies","302835009","2901271017",
"5912011000006117","Diffuse malignant lymphoma - centroblastic","CAN_COD","Codes for relevant malignancies","302842009","444797011",
"5912021000006113","Germinoblastic sarcoma","CAN_COD","Codes for relevant malignancies","302842009","444798018",
"5912041000006118","Malignant lymphoma, centroblastic type","CAN_COD","Codes for relevant malignancies","302842009","444800013",
"5912131000006112","Nephroblastoma","CAN_COD","Codes for relevant malignancies","302849000","444810016",
"5912141000006119","Nephroma","CAN_COD","Codes for relevant malignancies","302849000","444812012",
"5912151000006117","Wilm's tumor","CAN_COD","Codes for relevant malignancies","302849000","2988937013",
"5912161000006115","Wilms tumour","CAN_COD","Codes for relevant malignancies","302849000","3037411011",
"5912171000006110","Wilms tumor","CAN_COD","Codes for relevant malignancies","302849000","3037540011",
"5912221000006116","Subacute leukemia","CAN_COD","Codes for relevant malignancies","302855005","444828019",
"5915541000006116","Metastasis to multiple lymph nodes","CAN_COD","Codes for relevant malignancies","303201005","445249018",
"5969991000006119","Osteosarcoma of bone","CAN_COD","Codes for relevant malignancies","307576001","450873010",
"5970011000006113","Osteosarcoma - disorder","CAN_COD","Codes for relevant malignancies","307576001","2164654013",
"5970261000006115","Disseminated carcinomatosis","CAN_COD","Codes for relevant malignancies","307593001","450900013",
"5971121000006114","Primary myelofibrosis","CAN_COD","Codes for relevant malignancies","307651005","2870705011",
"5971131000006112","Myelofibrosis with myeloid metaplasia","CAN_COD","Codes for relevant malignancies","307651005","3036375017",
"5975501000006113","Follicular non-Hodgkin lymphoma","CAN_COD","Codes for relevant malignancies","308121000","2839991018",
"59846018","Carcinoid syndrome","CAN_COD","Codes for relevant malignancies","35868009","59846018",
"59921000006116","Wermer's syndrome","CAN_COD","Codes for relevant malignancies","30664006","51325019",
"6051931000006117","Local recurrence of malignant tumor of breast","CAN_COD","Codes for relevant malignancies","314955001","459377012",
"6052161000006116","Local recurrence of malignant tumor of urinary bladder","CAN_COD","Codes for relevant malignancies","314968009","459400011",
"6053471000006110","HNPCC - hereditary nonpolyposis colon cancer","CAN_COD","Codes for relevant malignancies","315058005","459528015",
"6053491000006111","HNPCC - hereditary nonpolyposis colorectal cancer","CAN_COD","Codes for relevant malignancies","315058005","2971230015",
"621041000006116","Diffuse non-Hodgkin mixed sml & lge cell (diffuse) lymphoma","CAN_COD","Codes for relevant malignancies","188676008","289807012",
"621071000006112","Diffuse non-Hodgkin's lymphoblastic (diffuse) lymphoma","CAN_COD","Codes for relevant malignancies","109965004","174660015",
"621091000006113","Diffuse non-Hodgkin's lymphoma, unspecified","CAN_COD","Codes for relevant malignancies","109962001","174656018",
"6242751000006114","Malignant tumour","CAN_COD","Codes for relevant malignancies","363346000","482491013",
"6242761000006111","Malignant tumor","CAN_COD","Codes for relevant malignancies","363346000","482492018",
"6242781000006118","CA - Cancer","CAN_COD","Codes for relevant malignancies","363346000","1228479013",
"6242811000006116","Malignant tumor of lip","CAN_COD","Codes for relevant malignancies","363348004","482496015",
"6242821000006112","CA - Cancer of lip","CAN_COD","Codes for relevant malignancies","363348004","1228481010",
"6242831000006110","Cancer of lip","CAN_COD","Codes for relevant malignancies","363348004","1228482015",
"6242841000006117","Malignant tumour of stomach","CAN_COD","Codes for relevant malignancies","363349007","6242841000006117",
"6242861000006118","Cancer of stomach","CAN_COD","Codes for relevant malignancies","363349007","1228483013",
"6242871000006113","Gastric cancer","CAN_COD","Codes for relevant malignancies","363349007","1228484019",
"6242881000006111","CA - Cancer of stomach","CAN_COD","Codes for relevant malignancies","363349007","1228485018",
"6242891000006114","Malignant tumour of caecum","CAN_COD","Codes for relevant malignancies","363350007","482499010",
"6242901000006113","Malignant tumor of cecum","CAN_COD","Codes for relevant malignancies","363350007","482500018",
"6242911000006111","CA - Cancer of caecum","CAN_COD","Codes for relevant malignancies","363350007","1216462014",
"6242921000006115","Cancer of caecum","CAN_COD","Codes for relevant malignancies","363350007","1216463016",
"6242941000006110","Malignant neoplasm of cecum","CAN_COD","Codes for relevant malignancies","363350007","1217952015",
"6242951000006112","CA - Cancer of cecum","CAN_COD","Codes for relevant malignancies","363350007","1217953013",
"6242961000006114","Cancer of cecum","CAN_COD","Codes for relevant malignancies","363350007","1217954019",
"6242971000006119","Cecal cancer","CAN_COD","Codes for relevant malignancies","363350007","3288530014",
"6242981000006116","Malignant tumour of rectum","CAN_COD","Codes for relevant malignancies","363351006","6242981000006116",
"6243001000006117","Rectal cancer","CAN_COD","Codes for relevant malignancies","363351006","1228486017",
"6243011000006119","CA - Cancer of rectum","CAN_COD","Codes for relevant malignancies","363351006","1228487014",
"6243031000006113","Malignant tumor of anal canal","CAN_COD","Codes for relevant malignancies","363352004","482504010",
"6243041000006115","Cancer of anal canal","CAN_COD","Codes for relevant malignancies","363352004","1228488016",
"6243051000006118","Malignant tumour of gallbladder","CAN_COD","Codes for relevant malignancies","363353009","6243051000006118",
"6243071000006111","Gallbladder Ca","CAN_COD","Codes for relevant malignancies","363353009","1228489012",
"6243091000006112","Malignant tumor of cervix","CAN_COD","Codes for relevant malignancies","363354003","482508013",
"6243101000006118","Cancer of cervix","CAN_COD","Codes for relevant malignancies","363354003","1228490015",
"6243111000006115","Malignant neoplasm of cervix","CAN_COD","Codes for relevant malignancies","363354003","1228491016",
"6243131000006114","Cancer of the uterine cervix","CAN_COD","Codes for relevant malignancies","363354003","3036162011",
"6243141000006116","Cervical cancer","CAN_COD","Codes for relevant malignancies","363354003","3036569013",
"6243151000006119","Malignant tumour of adrenal gland","CAN_COD","Codes for relevant malignancies","363355002","6243151000006119",
"6243161000006117","Malignant tumor of adrenal gland","CAN_COD","Codes for relevant malignancies","363355002","482509017",
"6243171000006112","CA - Cancer of adrenal gland","CAN_COD","Codes for relevant malignancies","363355002","1228494012",
"6243181000006110","Cancer of adrenal gland","CAN_COD","Codes for relevant malignancies","363355002","1228495013",
"6243191000006113","Adrenal gland malignancy","CAN_COD","Codes for relevant malignancies","363355002","2579393015",
"6243241000006113","Malignant tumour of lung","CAN_COD","Codes for relevant malignancies","363358000","6243241000006113",
"6243261000006112","CA - Lung cancer","CAN_COD","Codes for relevant malignancies","363358000","1228498010",
"6243291000006116","Malignant tumour of anterior two-thirds of tongue","CAN_COD","Codes for relevant malignancies","363360003","482520017",
"6243301000006115","Malignant tumor of anterior two-thirds of tongue","CAN_COD","Codes for relevant malignancies","363360003","482519011",
"6243371000006114","Malignant tumour of soft tissue of thorax","CAN_COD","Codes for relevant malignancies","363365008","482530014",
"6243381000006112","Malignant tumor of soft tissue of thorax","CAN_COD","Codes for relevant malignancies","363365008","482529016",
"6243391000006110","Malignant neoplasm of soft tissue of thorax","CAN_COD","Codes for relevant malignancies","363365008","1228502015",
"6243401000006112","Malignant tumour of soft tissue of pelvis","CAN_COD","Codes for relevant malignancies","363366009","482531013",
"6243411000006110","Malignant tumor of soft tissue of pelvis","CAN_COD","Codes for relevant malignancies","363366009","482532018",
"6243421000006119","Malignant tumour of vulva","CAN_COD","Codes for relevant malignancies","363367000","6243421000006119",
"6243441000006114","Cancer of vulva","CAN_COD","Codes for relevant malignancies","363367000","1228503013",
"6243491000006117","Malignant tumor of vermilion border of upper lip","CAN_COD","Codes for relevant malignancies","363372009","482540012",
"6243501000006113","Malignant tumour of lipstick area of upper lip","CAN_COD","Codes for relevant malignancies","363372009","1216465011",
"6243511000006111","Malignant tumor of lipstick area of upper lip","CAN_COD","Codes for relevant malignancies","363372009","1217955018",
"6243541000006110","Malignant tumor of vermilion border of lower lip","CAN_COD","Codes for relevant malignancies","363373004","482543014",
"6243551000006112","Malignant tumour of lipstick area of lower lip","CAN_COD","Codes for relevant malignancies","363373004","1216466012",
"6243561000006114","Malignant tumor of lipstick area of lower lip","CAN_COD","Codes for relevant malignancies","363373004","1217956017",
"6243591000006118","Malignant tumour of commissure of lip","CAN_COD","Codes for relevant malignancies","363374005","482545019",
"6243601000006114","Malignant tumor of commissure of lip","CAN_COD","Codes for relevant malignancies","363374005","482544015",
"6243611000006112","Malignant tumour of labial commissure","CAN_COD","Codes for relevant malignancies","363374005","1216467015",
"6243621000006116","Malignant tumor of labial commissure","CAN_COD","Codes for relevant malignancies","363374005","1217957014",
"6243641000006111","Malignant tumor of tongue","CAN_COD","Codes for relevant malignancies","363375006","482547010",
"6243651000006113","CA - Cancer of tongue","CAN_COD","Codes for relevant malignancies","363375006","1228507014",
"6243661000006110","Cancer of tongue","CAN_COD","Codes for relevant malignancies","363375006","1228508016",
"6243671000006115","Malignant tumour of base of tongue","CAN_COD","Codes for relevant malignancies","363376007","6243671000006115",
"6243691000006119","Malignant tumour of posterior third of tongue","CAN_COD","Codes for relevant malignancies","363376007","1216468013",
"6243701000006119","Malignant tumour of fixed part of tongue","CAN_COD","Codes for relevant malignancies","363376007","1216469017",
"6243711000006116","Malignant tumour of tongue posterior to vallate papillae","CAN_COD","Codes for relevant malignancies","363376007","1216470016",
"6243721000006112","Malignant tumor of fixed part of tongue","CAN_COD","Codes for relevant malignancies","363376007","1217958016",
"6243731000006110","Malignant tumor of tongue posterior to vallate papillae","CAN_COD","Codes for relevant malignancies","363376007","1217959012",
"6243741000006117","Malignant tumor of posterior third of tongue","CAN_COD","Codes for relevant malignancies","363376007","1217960019",
"6243761000006118","Malignant tumour of lingual tonsil","CAN_COD","Codes for relevant malignancies","363377003","482550013",
"6243771000006113","Malignant tumor of lingual tonsil","CAN_COD","Codes for relevant malignancies","363377003","482551012",
"6243791000006114","Malignant tumor of major salivary gland","CAN_COD","Codes for relevant malignancies","363378008","482552017",
"6243821000006117","Malignant tumor of parotid gland","CAN_COD","Codes for relevant malignancies","363379000","482555015",
"6243831000006119","Cancer of parotid gland","CAN_COD","Codes for relevant malignancies","363379000","1228511015",
"6243841000006112","CA - Cancer of parotid gland","CAN_COD","Codes for relevant malignancies","363379000","1228512010",
"6243851000006114","Malignant tumour of submandibular gland","CAN_COD","Codes for relevant malignancies","363380002","482557011",
"6243861000006111","Malignant tumor of submandibular gland","CAN_COD","Codes for relevant malignancies","363380002","482556019",
"6243881000006118","Malignant tumour of sublingual gland","CAN_COD","Codes for relevant malignancies","363381003","482558018",
"6243891000006115","Malignant tumor of sublingual gland","CAN_COD","Codes for relevant malignancies","363381003","482559014",
"6243901000006116","Malignant tumour of gum","CAN_COD","Codes for relevant malignancies","363382005","482561017",
"6243911000006118","Malignant tumor of gum","CAN_COD","Codes for relevant malignancies","363382005","482560016",
"6243921000006114","Malignant tumour of alveolar mucosa","CAN_COD","Codes for relevant malignancies","363382005","1216471017",
"6243931000006112","Malignant tumour of gingiva","CAN_COD","Codes for relevant malignancies","363382005","1216472012",
"6243941000006119","Malignant tumor of alveolar mucosa","CAN_COD","Codes for relevant malignancies","363382005","1217961015",
"6243951000006117","Malignant tumor of gingiva","CAN_COD","Codes for relevant malignancies","363382005","1217962010",
"6243961000006115","Cancer of gum","CAN_COD","Codes for relevant malignancies","363382005","1228514011",
"6243971000006110","CA - Cancer of gum","CAN_COD","Codes for relevant malignancies","363382005","1228515012",
"6243981000006113","Malignant tumour of upper gingiva","CAN_COD","Codes for relevant malignancies","363383000","482562012",
"6243991000006111","Malignant tumor of upper gingiva","CAN_COD","Codes for relevant malignancies","363383000","482563019",
"6244001000006119","Malignant tumour of upper gum","CAN_COD","Codes for relevant malignancies","363383000","1216473019",
"6244011000006116","Malignant tumor of upper gum","CAN_COD","Codes for relevant malignancies","363383000","1217963017",
"6244021000006112","Malignant tumour of lower gingiva","CAN_COD","Codes for relevant malignancies","363384006","482567018",
"6244031000006110","Malignant tumor of lower gingiva","CAN_COD","Codes for relevant malignancies","363384006","482568011",
"6244041000006117","Malignant tumour of lower gum","CAN_COD","Codes for relevant malignancies","363384006","1216474013",
"6244051000006115","Malignant tumor of lower gum","CAN_COD","Codes for relevant malignancies","363384006","1217964011",
"6244071000006113","Malignant tumor of floor of mouth","CAN_COD","Codes for relevant malignancies","363385007","482569015",
"6244081000006111","FOM - Malignant tumour of floor of mouth","CAN_COD","Codes for relevant malignancies","363385007","1216475014",
"6244091000006114","FOM - Malignant tumor of floor of mouth","CAN_COD","Codes for relevant malignancies","363385007","1217965012",
"6244101000006115","FOM - Cancer of floor of mouth","CAN_COD","Codes for relevant malignancies","363385007","1228516013",
"6244111000006117","Cancer of floor of mouth","CAN_COD","Codes for relevant malignancies","363385007","1228517016",
"6244121000006113","CA - Cancer of floor of mouth","CAN_COD","Codes for relevant malignancies","363385007","1228518014",
"6244141000006118","Malignant tumour of buccal mucosa","CAN_COD","Codes for relevant malignancies","363386008","482571015",
"6244151000006116","Malignant tumor of buccal mucosa","CAN_COD","Codes for relevant malignancies","363386008","482572010",
"6244161000006119","Malignant tumour of internal cheek","CAN_COD","Codes for relevant malignancies","363386008","1216476010",
"6244171000006114","Malignant tumour of cheek mucosa","CAN_COD","Codes for relevant malignancies","363386008","1216477018",
"6244181000006112","Malignant tumor of internal cheek","CAN_COD","Codes for relevant malignancies","363386008","1217966013",
"6244191000006110","Malignant tumor of cheek mucosa","CAN_COD","Codes for relevant malignancies","363386008","1217967016",
"6244201000006113","CA - Cancer of cheek mucosa","CAN_COD","Codes for relevant malignancies","363386008","1228519018",
"6244211000006111","CA - Cancer of buccal mucosa","CAN_COD","Codes for relevant malignancies","363386008","1228520012",
"6244221000006115","Cancer of cheek mucosa","CAN_COD","Codes for relevant malignancies","363386008","1228521011",
"6244231000006117","Cancer of buccal mucosa","CAN_COD","Codes for relevant malignancies","363386008","1228522016",
"6244241000006110","Malignant tumour of hard palate","CAN_COD","Codes for relevant malignancies","363387004","482574011",
"6244251000006112","Malignant tumor of hard palate","CAN_COD","Codes for relevant malignancies","363387004","482573017",
"6244261000006114","Malignant tumour of soft palate","CAN_COD","Codes for relevant malignancies","363388009","482575012",
"6244271000006119","Malignant tumor of soft palate","CAN_COD","Codes for relevant malignancies","363388009","482576013",
"6244281000006116","Malignant tumour of uvula","CAN_COD","Codes for relevant malignancies","363389001","482578014",
"6244291000006118","Malignant tumor of uvula","CAN_COD","Codes for relevant malignancies","363389001","482577016",
"6244311000006119","Malignant tumor of palate","CAN_COD","Codes for relevant malignancies","363390005","482580015",
"6244321000006110","Malignant tumour of roof of mouth","CAN_COD","Codes for relevant malignancies","363390005","1216478011",
"6244331000006113","Malignant tumor of roof of mouth","CAN_COD","Codes for relevant malignancies","363390005","1217968014",
"6244351000006118","Cancer of palate","CAN_COD","Codes for relevant malignancies","363390005","1228524015",
"6244361000006116","CA - Cancer of palate","CAN_COD","Codes for relevant malignancies","363390005","1228525019",
"6244371000006111","Malignant tumour of retromolar area","CAN_COD","Codes for relevant malignancies","363391009","482582011",
"6244381000006114","Malignant tumor of retromolar area","CAN_COD","Codes for relevant malignancies","363391009","482581016",
"6244401000006114","Malignant tumor of oropharynx","CAN_COD","Codes for relevant malignancies","363392002","482584012",
"6244411000006112","Cancer of oropharynx","CAN_COD","Codes for relevant malignancies","363392002","1228526018",
"6244421000006116","CA - Cancer of oropharynx","CAN_COD","Codes for relevant malignancies","363392002","1228527010",
"6244431000006118","Malignant tumour of mesopharynx","CAN_COD","Codes for relevant malignancies","363392002","2475015015",
"6244441000006111","Malignant tumor of mesopharynx","CAN_COD","Codes for relevant malignancies","363392002","2475225019",
"6244451000006113","Malignant tumour of tonsil","CAN_COD","Codes for relevant malignancies","363393007","6244451000006113",
"6244471000006115","Malignant tumour of palatine tonsil","CAN_COD","Codes for relevant malignancies","363393007","1216479015",
"6244481000006117","Malignant tumour of faucial tonsil","CAN_COD","Codes for relevant malignancies","363393007","1216480017",
"6244491000006119","Malignant tumor of faucial tonsil","CAN_COD","Codes for relevant malignancies","363393007","1217969018",
"6244501000006110","Malignant tumor of palatine tonsil","CAN_COD","Codes for relevant malignancies","363393007","1217970017",
"6244511000006113","Cancer of tonsil","CAN_COD","Codes for relevant malignancies","363393007","1228528017",
"6244541000006112","CA - Cancer of tonsil","CAN_COD","Codes for relevant malignancies","363393007","1228531016",
"6244561000006111","Malignant tumor of tonsillar fossa","CAN_COD","Codes for relevant malignancies","363394001","482588010",
"6244571000006116","Malignant tumour of vallecula","CAN_COD","Codes for relevant malignancies","363395000","482590011",
"6244581000006118","Malignant tumor of vallecula","CAN_COD","Codes for relevant malignancies","363395000","482589019",
"6244591000006115","Malignant tumour of branchial cleft","CAN_COD","Codes for relevant malignancies","363396004","482591010",
"6244601000006111","Malignant tumor of branchial cleft","CAN_COD","Codes for relevant malignancies","363396004","482592015",
"6244611000006114","Malignant tumour of roof of nasopharynx","CAN_COD","Codes for relevant malignancies","363397008","482594019",
"6244621000006118","Malignant tumor of roof of nasopharynx","CAN_COD","Codes for relevant malignancies","363397008","482593013",
"6244631000006115","Malignant tumour of superior wall of nasopharynx","CAN_COD","Codes for relevant malignancies","363397008","1216481018",
"6244641000006113","Malignant tumor of superior wall of nasopharynx","CAN_COD","Codes for relevant malignancies","363397008","1217971018",
"6244671000006117","Malignant tumor of lateral wall of nasopharynx","CAN_COD","Codes for relevant malignancies","363398003","482596017",
"6244691000006116","Malignant tumor of hypopharynx","CAN_COD","Codes for relevant malignancies","363399006","482597014",
"6244701000006116","Malignant tumour of laryngopharynx","CAN_COD","Codes for relevant malignancies","363399006","1216482013",
"6244711000006118","Malignant tumor of laryngopharynx","CAN_COD","Codes for relevant malignancies","363399006","1217972013",
"6244731000006112","Malignant tumour of postcricoid region","CAN_COD","Codes for relevant malignancies","363400004","482599012",
"6244741000006119","Malignant tumor of postcricoid region","CAN_COD","Codes for relevant malignancies","363400004","482600010",
"6244751000006117","Malignant tumour of pharyngo-oesophageal junction","CAN_COD","Codes for relevant malignancies","363400004","1216483015",
"6244761000006115","Malignant tumor of pharyngoesophageal junction","CAN_COD","Codes for relevant malignancies","363400004","1217973015",
"6244771000006110","Malignant tumour of pyriform fossa","CAN_COD","Codes for relevant malignancies","363401000","482602019",
"6244781000006113","Malignant tumor of pyriform fossa","CAN_COD","Codes for relevant malignancies","363401000","482601014",
"6244791000006111","Malignant tumour of pyriform sinus","CAN_COD","Codes for relevant malignancies","363401000","1216484014",
"6244801000006112","Malignant tumor of pyriform sinus","CAN_COD","Codes for relevant malignancies","363401000","1217974014",
"6244811000006110","Malignant tumour of oesophagus","CAN_COD","Codes for relevant malignancies","363402007","482603012",
"6244821000006119","Malignant tumor of esophagus","CAN_COD","Codes for relevant malignancies","363402007","482604018",
"6244831000006116","Cancer of oesophagus","CAN_COD","Codes for relevant malignancies","363402007","1216485010",
"6244851000006111","CA - Cancer of oesophagus","CAN_COD","Codes for relevant malignancies","363402007","1216487019",
"6244871000006118","Cancer of esophagus","CAN_COD","Codes for relevant malignancies","363402007","1217975010",
"6244881000006115","CA - Cancer of esophagus","CAN_COD","Codes for relevant malignancies","363402007","1217976011",
"6244891000006117","Esophageal cancer","CAN_COD","Codes for relevant malignancies","363402007","1217977019",
"6244901000006118","Malignant neoplasm of esophagus","CAN_COD","Codes for relevant malignancies","363402007","1217978012",
"6244911000006115","Malignant tumour of duodenum","CAN_COD","Codes for relevant malignancies","363403002","6244911000006115",
"6244931000006114","Duodenal cancer","CAN_COD","Codes for relevant malignancies","363403002","1228534012",
"6244941000006116","Malignant tumour of jejunum","CAN_COD","Codes for relevant malignancies","363404008","482607013",
"6244951000006119","Malignant tumor of jejunum","CAN_COD","Codes for relevant malignancies","363404008","482608015",
"6244971000006112","Malignant tumor of ileum","CAN_COD","Codes for relevant malignancies","363405009","482609011",
"6244991000006113","Malignant tumor of colon","CAN_COD","Codes for relevant malignancies","363406005","482612014",
"6245001000006118","CA - Cancer of colon","CAN_COD","Codes for relevant malignancies","363406005","1228535013",
"6245011000006115","Cancer of colon","CAN_COD","Codes for relevant malignancies","363406005","1228536014",
"6245031000006114","Malignant tumour of hepatic flexure","CAN_COD","Codes for relevant malignancies","363407001","6245031000006114",
"6245061000006117","Hepatic flexure colon cancer","CAN_COD","Codes for relevant malignancies","363407001","3288712016",
"6245081000006110","Malignant tumor of transverse colon","CAN_COD","Codes for relevant malignancies","363408006","482616012",
"6245101000006119","Transverse colon cancer","CAN_COD","Codes for relevant malignancies","363408006","3288737014",
"6245111000006116","Malignant tumour of descending colon","CAN_COD","Codes for relevant malignancies","363409003","6245111000006116",
"6245131000006110","Descending colon cancer","CAN_COD","Codes for relevant malignancies","363409003","3289030012",
"6245151000006115","Malignant tumor of sigmoid colon","CAN_COD","Codes for relevant malignancies","363410008","482620011",
"6245161000006118","Sigmoid colon cancer","CAN_COD","Codes for relevant malignancies","363410008","3288335015",
"6245171000006113","Malignant tumour of appendix","CAN_COD","Codes for relevant malignancies","363411007","482622015",
"6245181000006111","Malignant tumor of appendix","CAN_COD","Codes for relevant malignancies","363411007","482621010",
"6245201000006112","Malignant tumor of ascending colon","CAN_COD","Codes for relevant malignancies","363412000","482624019",
"6245211000006110","Ascending colon cancer","CAN_COD","Codes for relevant malignancies","363412000","3288993017",
"6245221000006119","Malignant tumour of splenic flexure","CAN_COD","Codes for relevant malignancies","363413005","482626017",
"6245231000006116","Malignant tumor of splenic flexure","CAN_COD","Codes for relevant malignancies","363413005","482625018",
"6245251000006111","Splenic flexure colon cancer","CAN_COD","Codes for relevant malignancies","363413005","3288598016",
"6245271000006118","Malignant tumor of rectosigmoid junction","CAN_COD","Codes for relevant malignancies","363414004","482628016",
"6245281000006115","Rectosigmoid colon cancer","CAN_COD","Codes for relevant malignancies","363414004","3288987013",
"6245291000006117","Malignant tumour of biliary tract","CAN_COD","Codes for relevant malignancies","363415003","482630019",
"6245301000006116","Malignant tumor of biliary tract","CAN_COD","Codes for relevant malignancies","363415003","482629012",
"6245321000006114","Malignant tumor of extrahepatic bile duct","CAN_COD","Codes for relevant malignancies","363416002","482632010",
"6245341000006119","Extrahepatic bile duct cancer","CAN_COD","Codes for relevant malignancies","363416002","3036201013",
"6245351000006117","Malignant tumour of ampulla of Vater","CAN_COD","Codes for relevant malignancies","363417006","482634011",
"6245361000006115","Malignant tumor of ampulla of Vater","CAN_COD","Codes for relevant malignancies","363417006","482633017",
"6245381000006113","Malignant tumor of pancreas","CAN_COD","Codes for relevant malignancies","363418001","482636013",
"6245391000006111","CA - Cancer of pancreas","CAN_COD","Codes for relevant malignancies","363418001","1228545010",
"6245401000006113","Pancreatic cancer","CAN_COD","Codes for relevant malignancies","363418001","1228546011",
"6245411000006111","CA - Pancreatic cancer","CAN_COD","Codes for relevant malignancies","363418001","1228547019",
"6245421000006115","Malignant tumour of head of pancreas","CAN_COD","Codes for relevant malignancies","363419009","6245421000006115",
"6245441000006110","Ca head of pancreas","CAN_COD","Codes for relevant malignancies","363419009","1228548012",
"6245451000006112","Malignant retroperitoneal tumour","CAN_COD","Codes for relevant malignancies","363420003","482639018",
"6245461000006114","Malignant retroperitoneal tumor","CAN_COD","Codes for relevant malignancies","363420003","482640016",
"6245491000006118","Cancer of omentum","CAN_COD","Codes for relevant malignancies","363421004","1228550016",
"6245501000006114","CA - Cancer of omentum","CAN_COD","Codes for relevant malignancies","363421004","1228551017",
"6245511000006112","Malignant tumour of nasal cavity","CAN_COD","Codes for relevant malignancies","363422006","482643019",
"6245521000006116","Malignant tumor of nasal cavity","CAN_COD","Codes for relevant malignancies","363422006","482642012",
"6245541000006111","Malignant tumour of nasal septum","CAN_COD","Codes for relevant malignancies","363423001","482644013",
"6245551000006113","Malignant tumor of nasal septum","CAN_COD","Codes for relevant malignancies","363423001","482645014",
"6245561000006110","Malignant tumour of mastoid air cells","CAN_COD","Codes for relevant malignancies","363424007","482647018",
"6245571000006115","Malignant tumor of mastoid air cells","CAN_COD","Codes for relevant malignancies","363424007","482646010",
"6245581000006117","Malignant tumour of maxillary sinus","CAN_COD","Codes for relevant malignancies","363425008","482648011",
"6245591000006119","Malignant tumor of maxillary sinus","CAN_COD","Codes for relevant malignancies","363425008","482649015",
"6245601000006110","Malignant tumour of maxillary antrum","CAN_COD","Codes for relevant malignancies","363425008","1216489016",
"6245611000006113","Malignant tumor of maxillary antrum","CAN_COD","Codes for relevant malignancies","363425008","1217979016",
"6245621000006117","Malignant tumour of ethmoid sinus","CAN_COD","Codes for relevant malignancies","363426009","482651016",
"6245631000006119","Malignant tumor of ethmoid sinus","CAN_COD","Codes for relevant malignancies","363426009","482650015",
"6245651000006114","Malignant tumour of frontal sinus","CAN_COD","Codes for relevant malignancies","363427000","482652011",
"6245661000006111","Malignant tumor of frontal sinus","CAN_COD","Codes for relevant malignancies","363427000","482653018",
"6245671000006116","Malignant tumour of sphenoid sinus","CAN_COD","Codes for relevant malignancies","363428005","482655013",
"6245681000006118","Malignant tumor of sphenoid sinus","CAN_COD","Codes for relevant malignancies","363428005","482654012",
"6245701000006115","Malignant tumor of larynx","CAN_COD","Codes for relevant malignancies","363429002","482657017",
"6245711000006117","CA - Cancer of larynx","CAN_COD","Codes for relevant malignancies","363429002","1228554013",
"6245721000006113","Laryngeal cancer","CAN_COD","Codes for relevant malignancies","363429002","1228555014",
"6245731000006111","Cancer of larynx","CAN_COD","Codes for relevant malignancies","363429002","1228556010",
"6245741000006118","Malignant tumour of subglottis","CAN_COD","Codes for relevant malignancies","363430007","482659019",
"6245751000006116","Malignant tumor of subglottis","CAN_COD","Codes for relevant malignancies","363430007","482658010",
"6245781000006112","Malignant tumor of laryngeal cartilage","CAN_COD","Codes for relevant malignancies","363431006","482661011",
"6245791000006110","Malignant tumour of trachea","CAN_COD","Codes for relevant malignancies","363432004","482663014",
"6245801000006111","Malignant tumor of trachea","CAN_COD","Codes for relevant malignancies","363432004","482662016",
"6245811000006114","Tracheal cancer","CAN_COD","Codes for relevant malignancies","363432004","1228558011",
"6245821000006118","CA - Cancer of trachea","CAN_COD","Codes for relevant malignancies","363432004","1228559015",
"6245831000006115","Malignant tracheal tumor","CAN_COD","Codes for relevant malignancies","363432004","3289017011",
"6245841000006113","Malignant tracheal tumour","CAN_COD","Codes for relevant malignancies","363432004","3289020015",
"6245861000006112","Malignant tumor of pleura","CAN_COD","Codes for relevant malignancies","363433009","482665019",
"6245871000006117","Cancer of pleura","CAN_COD","Codes for relevant malignancies","363433009","1228560013",
"6245881000006119","CA - Cancer of pleura","CAN_COD","Codes for relevant malignancies","363433009","1228561012",
"6245891000006116","Malignant tumour of thymus","CAN_COD","Codes for relevant malignancies","363434003","482667010",
"6245901000006117","Malignant tumor of thymus","CAN_COD","Codes for relevant malignancies","363434003","482666018",
"6245921000006110","Malignant tumor of heart","CAN_COD","Codes for relevant malignancies","363435002","482669013",
"6245931000006113","Malignant tumour of endocardium","CAN_COD","Codes for relevant malignancies","363436001","482671013",
"6245941000006115","Malignant tumor of endocardium","CAN_COD","Codes for relevant malignancies","363436001","482670014",
"6245951000006118","Malignant tumour of myocardium","CAN_COD","Codes for relevant malignancies","363437005","482672018",
"6245961000006116","Malignant tumor of myocardium","CAN_COD","Codes for relevant malignancies","363437005","482673011",
"6245971000006111","Malignant tumour of vertebral column","CAN_COD","Codes for relevant malignancies","363438000","482675016",
"6245981000006114","Malignant tumor of vertebral column","CAN_COD","Codes for relevant malignancies","363438000","482674017",
"6245991000006112","CA - Cancer of spine","CAN_COD","Codes for relevant malignancies","363438000","1228562017",
"6246001000006113","Cancer of spine","CAN_COD","Codes for relevant malignancies","363438000","1228563010",
"6246011000006111","Malignant neoplasm of spine","CAN_COD","Codes for relevant malignancies","363438000","1228564016",
"6246021000006115","Malignant tumour of soft tissue of head","CAN_COD","Codes for relevant malignancies","363439008","482676015",
"6246031000006117","Malignant tumor of soft tissue of head","CAN_COD","Codes for relevant malignancies","363439008","482677012",
"6246051000006112","Malignant tumour of soft tissue of face","CAN_COD","Codes for relevant malignancies","363440005","482679010",
"6246061000006114","Malignant tumor of soft tissue of face","CAN_COD","Codes for relevant malignancies","363440005","482678019",
"6246081000006116","Malignant tumour of soft tissue of neck","CAN_COD","Codes for relevant malignancies","363441009","482680013",
"6246091000006118","Malignant tumor of soft tissue of neck","CAN_COD","Codes for relevant malignancies","363441009","482681012",
"6246121000006119","Malignant tumor of ovary","CAN_COD","Codes for relevant malignancies","363443007","482685015",
"6246131000006116","CA - Cancer of ovary","CAN_COD","Codes for relevant malignancies","363443007","1228569014",
"6246151000006111","Ovarian cancer","CAN_COD","Codes for relevant malignancies","363443007","3035729016",
"6246161000006113","Malignant tumour of fallopian tube","CAN_COD","Codes for relevant malignancies","363444001","482687011",
"6246171000006118","Malignant tumor of fallopian tube","CAN_COD","Codes for relevant malignancies","363444001","482686019",
"6246191000006117","Malignant tumor of vagina","CAN_COD","Codes for relevant malignancies","363445000","482689014",
"6246201000006119","Cancer of vagina","CAN_COD","Codes for relevant malignancies","363445000","1228571014",
"6246241000006117","Malignant tumor of testis","CAN_COD","Codes for relevant malignancies","363449006","482695010",
"6246321000006117","Malignant tumour of glans penis","CAN_COD","Codes for relevant malignancies","363451005","482698012",
"6246331000006119","Malignant tumor of glans penis","CAN_COD","Codes for relevant malignancies","363451005","482699016",
"6246341000006112","Cancer of glans penis","CAN_COD","Codes for relevant malignancies","363451005","1228578015",
"6246351000006114","Malignant tumour of epididymis","CAN_COD","Codes for relevant malignancies","363452003","482701016",
"6246361000006111","Malignant tumor of epididymis","CAN_COD","Codes for relevant malignancies","363452003","482700015",
"6246371000006116","Malignant tumour of spermatic cord","CAN_COD","Codes for relevant malignancies","363453008","482702011",
"6246381000006118","Malignant tumor of spermatic cord","CAN_COD","Codes for relevant malignancies","363453008","482703018",
"6246391000006115","Spermatic cord Ca","CAN_COD","Codes for relevant malignancies","363453008","1228579011",
"6246401000006118","Malignant tumour of scrotum","CAN_COD","Codes for relevant malignancies","363454002","482705013",
"6246411000006115","Malignant tumor of scrotum","CAN_COD","Codes for relevant malignancies","363454002","482704012",
"6246421000006111","Malignant scrotal tumour","CAN_COD","Codes for relevant malignancies","363454002","1216492017",
"6246431000006114","Malignant scrotal tumor","CAN_COD","Codes for relevant malignancies","363454002","1217982014",
"6246441000006116","CA - Cancer of scrotum","CAN_COD","Codes for relevant malignancies","363454002","1228580014",
"6246451000006119","Cancer of scrotum","CAN_COD","Codes for relevant malignancies","363454002","1228581013",
"6246461000006117","Scrotal Ca","CAN_COD","Codes for relevant malignancies","363454002","1228582018",
"6246471000006112","Malignant tumour of urachus","CAN_COD","Codes for relevant malignancies","363456000","482709019",
"6246481000006110","Malignant tumor of urachus","CAN_COD","Codes for relevant malignancies","363456000","482708010",
"6246501000006117","Malignant tumor of renal pelvis","CAN_COD","Codes for relevant malignancies","363457009","482711011",
"6246511000006119","Malignant tumour of ureter","CAN_COD","Codes for relevant malignancies","363458004","6246511000006119",
"6246531000006113","Cancer of ureter","CAN_COD","Codes for relevant malignancies","363458004","1228587012",
"6246541000006115","Ureter Ca","CAN_COD","Codes for relevant malignancies","363458004","1228588019",
"6246551000006118","Malignant tumour of urethra","CAN_COD","Codes for relevant malignancies","363459007","482714015",
"6246561000006116","Malignant tumor of urethra","CAN_COD","Codes for relevant malignancies","363459007","482715019",
"6246571000006111","Malignant urethral tumour","CAN_COD","Codes for relevant malignancies","363459007","1216493010",
"6246581000006114","Malignant urethral tumor","CAN_COD","Codes for relevant malignancies","363459007","1217983016",
"6246591000006112","Urethral Ca","CAN_COD","Codes for relevant malignancies","363459007","1228589010",
"6246601000006116","CA - Cancer of urethra","CAN_COD","Codes for relevant malignancies","363459007","1228590018",
"6246611000006118","Malignant tumour of paraurethral gland","CAN_COD","Codes for relevant malignancies","363460002","482717010",
"6246621000006114","Malignant tumor of paraurethral gland","CAN_COD","Codes for relevant malignancies","363460002","482716018",
"6246631000006112","Malignant neoplasm of paraurethral gland","CAN_COD","Codes for relevant malignancies","363460002","1228591019",
"6246651000006117","Malignant tumour of eye","CAN_COD","Codes for relevant malignancies","363461003","482718017",
"6246661000006115","Malignant tumor of eye","CAN_COD","Codes for relevant malignancies","363461003","482719013",
"6246671000006110","Malignant tumour of orbit","CAN_COD","Codes for relevant malignancies","363462005","482721015",
"6246681000006113","Malignant tumor of orbit","CAN_COD","Codes for relevant malignancies","363462005","482720019",
"6246691000006111","Malignant orbital tumour","CAN_COD","Codes for relevant malignancies","363462005","1216494016",
"6246701000006111","Malignant orbital tumor","CAN_COD","Codes for relevant malignancies","363462005","1217984010",
"6246711000006114","Malignant tumour of conjunctiva","CAN_COD","Codes for relevant malignancies","363463000","482722010",
"6246721000006118","Malignant tumor of conjunctiva","CAN_COD","Codes for relevant malignancies","363463000","482723017",
"6246731000006115","Malignant tumour of cornea","CAN_COD","Codes for relevant malignancies","363464006","482725012",
"6246741000006113","Malignant tumor of cornea","CAN_COD","Codes for relevant malignancies","363464006","482724011",
"6246751000006110","Malignant tumour of retina","CAN_COD","Codes for relevant malignancies","363465007","482726013",
"6246761000006112","Malignant tumor of retina","CAN_COD","Codes for relevant malignancies","363465007","482727016",
"6246771000006117","Malignant retinal tumour","CAN_COD","Codes for relevant malignancies","363465007","1216495015",
"6246781000006119","Malignant retinal tumor","CAN_COD","Codes for relevant malignancies","363465007","1217985011",
"6246791000006116","Malignant tumour of choroid","CAN_COD","Codes for relevant malignancies","363466008","482729018",
"6246801000006115","Malignant tumor of choroid","CAN_COD","Codes for relevant malignancies","363466008","482728014",
"6246881000006112","Cancer of the cerebral meninges","CAN_COD","Codes for relevant malignancies","363474009","3035959019",
"6246891000006110","Malignant tumour of spinal cord","CAN_COD","Codes for relevant malignancies","363475005","482738016",
"6246901000006114","Malignant tumor of spinal cord","CAN_COD","Codes for relevant malignancies","363475005","482739012",
"6246931000006118","Malignant tumour of thyroid gland","CAN_COD","Codes for relevant malignancies","363478007","6246931000006118",
"6246951000006113","Thyroid cancer","CAN_COD","Codes for relevant malignancies","363478007","1228592014",
"6246961000006110","Thyroid Ca","CAN_COD","Codes for relevant malignancies","363478007","1228593016",
"6246971000006115","Malignant tumour of parathyroid gland","CAN_COD","Codes for relevant malignancies","363481002","482748019",
"6246981000006117","Malignant tumor of parathyroid gland","CAN_COD","Codes for relevant malignancies","363481002","482749010",
"6246991000006119","Parathyroid cancer","CAN_COD","Codes for relevant malignancies","363481002","1228595011",
"6247001000006110","Malignant tumour of pituitary gland","CAN_COD","Codes for relevant malignancies","363482009","482751014",
"6247011000006113","Malignant tumor of pituitary gland","CAN_COD","Codes for relevant malignancies","363482009","482750010",
"6247021000006117","Cancer of pituitary gland","CAN_COD","Codes for relevant malignancies","363482009","1228596012",
"6247031000006119","CA - Cancer of pituitary gland","CAN_COD","Codes for relevant malignancies","363482009","1228597015",
"6247041000006112","Pituitary cancer","CAN_COD","Codes for relevant malignancies","363482009","3036534011",
"6247051000006114","Malignant tumour of pineal gland","CAN_COD","Codes for relevant malignancies","363483004","482752019",
"6247061000006111","Malignant tumor of pineal gland","CAN_COD","Codes for relevant malignancies","363483004","482753012",
"6247071000006116","Pineal cancer","CAN_COD","Codes for relevant malignancies","363483004","3036221014",
"6247081000006118","Cancer of pineal gland","CAN_COD","Codes for relevant malignancies","363483004","3036239017",
"6247091000006115","Malignant tumour of pelvis","CAN_COD","Codes for relevant malignancies","363484005","482756016",
"6247101000006114","Malignant tumor of pelvis","CAN_COD","Codes for relevant malignancies","363484005","482755017",
"6247291000006111","Malignant tumor of neck","CAN_COD","Codes for relevant malignancies","363489000","482766012",
"6247301000006112","Malignant tumour of anus","CAN_COD","Codes for relevant malignancies","363490009","6247301000006112",
"6247311000006110","Malignant tumor of anus","CAN_COD","Codes for relevant malignancies","363490009","482767015",
"6247321000006119","Malignant tumour of cloacogenic zone","CAN_COD","Codes for relevant malignancies","363491008","482769017",
"6247331000006116","Malignant tumor of cloacogenic zone","CAN_COD","Codes for relevant malignancies","363491008","482770016",
"6247341000006114","Malignant tumour of peritoneum","CAN_COD","Codes for relevant malignancies","363492001","482772012",
"6247351000006111","Malignant tumor of peritoneum","CAN_COD","Codes for relevant malignancies","363492001","482771017",
"6247361000006113","Peritoneal cancer","CAN_COD","Codes for relevant malignancies","363492001","1228602010",
"6247371000006118","CA - Cancer of peritoneum","CAN_COD","Codes for relevant malignancies","363492001","1228603017",
"6247381000006115","Cancer of peritoneum","CAN_COD","Codes for relevant malignancies","363492001","1228604011",
"6247431000006111","Malignant tumour of mediastinum","CAN_COD","Codes for relevant malignancies","363494000","6247431000006111",
"6247451000006116","Malignant neoplasm of mediastinum","CAN_COD","Codes for relevant malignancies","363494000","2670628016",
"6247461000006119","Malignant mediastinal tumor","CAN_COD","Codes for relevant malignancies","363494000","3288966015",
"6247471000006114","Malignant mediastinal tumour","CAN_COD","Codes for relevant malignancies","363494000","3289008011",
"6247551000006115","Malignant tumor of meninges","CAN_COD","Codes for relevant malignancies","363497007","482782013",
"6247561000006118","Malignant tumour of optic nerve","CAN_COD","Codes for relevant malignancies","363498002","482784014",
"6247571000006113","Malignant tumor of optic nerve","CAN_COD","Codes for relevant malignancies","363498002","482783015",
"6247591000006114","Malignant tumor of spleen","CAN_COD","Codes for relevant malignancies","363499005","482786011",
"6247661000006117","Malignant tumor of axilla","CAN_COD","Codes for relevant malignancies","363502009","482791012",
"6247671000006112","Malignant tumour of upper limb","CAN_COD","Codes for relevant malignancies","363503004","482793010",
"6247681000006110","Malignant tumor of upper limb","CAN_COD","Codes for relevant malignancies","363503004","482792017",
"6247701000006113","Malignant tumor of lower limb","CAN_COD","Codes for relevant malignancies","363504005","482795015",
"6247711000006111","Malignant tumour of oral cavity","CAN_COD","Codes for relevant malignancies","363505006","482797011",
"6247721000006115","Malignant tumor of oral cavity","CAN_COD","Codes for relevant malignancies","363505006","482796019",
"6247731000006117","Malignant tumour of mouth","CAN_COD","Codes for relevant malignancies","363505006","1216500017",
"6247741000006110","Malignant tumor of mouth","CAN_COD","Codes for relevant malignancies","363505006","1217990014",
"6247751000006112","Cancer of oral cavity","CAN_COD","Codes for relevant malignancies","363505006","1228611010",
"6247761000006114","CA - Mouth cancer","CAN_COD","Codes for relevant malignancies","363505006","1228612015",
"6247771000006119","Mouth cancer","CAN_COD","Codes for relevant malignancies","363505006","1228613013",
"6247781000006116","Malignant neoplasm of mouth","CAN_COD","Codes for relevant malignancies","363505006","2984473018",
"6247791000006118","Malignant tumour of nasal sinuses","CAN_COD","Codes for relevant malignancies","363506007","6247791000006118",
"6247801000006117","Malignant tumor of nasal sinuses","CAN_COD","Codes for relevant malignancies","363506007","482799014",
"6247811000006119","Malignant tumour of pharynx","CAN_COD","Codes for relevant malignancies","363507003","482801012",
"6247821000006110","Malignant tumor of pharynx","CAN_COD","Codes for relevant malignancies","363507003","482800013",
"6247831000006113","Cancer of pharynx","CAN_COD","Codes for relevant malignancies","363507003","1228614019",
"6247841000006115","CA - Cancer of pharynx","CAN_COD","Codes for relevant malignancies","363507003","1228615018",
"6247851000006118","Malignant neoplasm of pharynx","CAN_COD","Codes for relevant malignancies","363507003","3321140016",
"6247871000006111","Malignant tumor of intestine","CAN_COD","Codes for relevant malignancies","363508008","482803010",
"6247881000006114","Cancer of intestine","CAN_COD","Codes for relevant malignancies","363508008","1228616017",
"6247891000006112","Malignant neoplasm of intestine","CAN_COD","Codes for relevant malignancies","363508008","1228617014",
"6247901000006111","CA - Cancer of intestine","CAN_COD","Codes for relevant malignancies","363508008","1228618016",
"6247911000006114","Intestinal cancer","CAN_COD","Codes for relevant malignancies","363508008","1228619012",
"6247931000006115","CA - Cancer of bowel","CAN_COD","Codes for relevant malignancies","363508008","1228621019",
"6247941000006113","Malignant tumour of small intestine","CAN_COD","Codes for relevant malignancies","363509000","6247941000006113",
"6247961000006112","Malignant tumour of small bowel","CAN_COD","Codes for relevant malignancies","363509000","1216501018",
"6247971000006117","Malignant tumor of small bowel","CAN_COD","Codes for relevant malignancies","363509000","1217991013",
"6248051000006113","Malignant tumor of female genital organ","CAN_COD","Codes for relevant malignancies","363514001","6248051000006113",
"6248061000006110","Malignant tumour of male genital organ","CAN_COD","Codes for relevant malignancies","363515000","6248061000006110",
"6248091000006119","Malignant tumor of penis","CAN_COD","Codes for relevant malignancies","363516004","482820014",
"6248101000006113","Cancer of penis","CAN_COD","Codes for relevant malignancies","363516004","1228631014",
"6248111000006111","Penile Ca","CAN_COD","Codes for relevant malignancies","363516004","1228632019",
"6248121000006115","Ca penis","CAN_COD","Codes for relevant malignancies","363516004","1228633012",
"6248131000006117","CA - Cancer of penis","CAN_COD","Codes for relevant malignancies","363516004","1228634018",
"6248191000006118","Malignant tumor of kidney","CAN_COD","Codes for relevant malignancies","363518003","482824017",
"6248201000006115","Renal malignant tumour","CAN_COD","Codes for relevant malignancies","363518003","1216502013",
"6248211000006117","Renal malignant tumor","CAN_COD","Codes for relevant malignancies","363518003","1217992018",
"6248221000006113","CA - Renal cancer","CAN_COD","Codes for relevant malignancies","363518003","1228635017",
"6248231000006111","CA - Cancer of kidney","CAN_COD","Codes for relevant malignancies","363518003","1228636016",
"6248241000006118","Renal cancer","CAN_COD","Codes for relevant malignancies","363518003","2990214011",
"6362181000006119","Malignant tumour of adrenal cortex","CAN_COD","Codes for relevant malignancies","371964008","1216530013",
"6362191000006116","Malignant tumor of adrenal cortex","CAN_COD","Codes for relevant malignancies","371964008","1218020015",
"6362211000006115","Malignant tumour of adrenal medulla","CAN_COD","Codes for relevant malignancies","371965009","1216531012",
"6362221000006111","Malignant tumor of adrenal medulla","CAN_COD","Codes for relevant malignancies","371965009","1218021016",
"6362301000006114","Malignant tumour of body of uterus","CAN_COD","Codes for relevant malignancies","371972005","1216532017",
"6362311000006112","Malignant tumor of body of uterus","CAN_COD","Codes for relevant malignancies","371972005","1218022011",
"6362321000006116","Body of uterus Ca","CAN_COD","Codes for relevant malignancies","371972005","1229104018",
"6362341000006111","Malignant tumour of uterus","CAN_COD","Codes for relevant malignancies","371973000","1216533010",
"6362351000006113","Malignant tumor of uterus","CAN_COD","Codes for relevant malignancies","371973000","1218023018",
"6362361000006110","CA - Cancer of uterus","CAN_COD","Codes for relevant malignancies","371973000","1229105017",
"6362371000006115","Cancer of uterus","CAN_COD","Codes for relevant malignancies","371973000","3036191014",
"6362381000006117","Uterine cancer","CAN_COD","Codes for relevant malignancies","371973000","3036277011",
"6362481000006114","Clitoral Ca","CAN_COD","Codes for relevant malignancies","371979001","1229107013",
"6362531000006112","Malignant tumour of endocrine gland","CAN_COD","Codes for relevant malignancies","371982006","1216534016",
"6362541000006119","Malignant tumor of endocrine gland","CAN_COD","Codes for relevant malignancies","371982006","1218024012",
"6363601000006114","Malignant tumour of nervous system","CAN_COD","Codes for relevant malignancies","372063002","1216537011",
"6363611000006112","Malignant tumor of nervous system","CAN_COD","Codes for relevant malignancies","372063002","1218027017",
"6363631000006118","Female breast cancer","CAN_COD","Codes for relevant malignancies","372064008","3036010011",
"6363641000006111","Cancer of female breast","CAN_COD","Codes for relevant malignancies","372064008","3036344014",
"6363661000006110","Ca main bronchus","CAN_COD","Codes for relevant malignancies","372065009","1218028010",
"6363951000006117","Primary malignant neoplasm","CAN_COD","Codes for relevant malignancies","372087000","1210665012",
"6364031000006110","Ca breast - male","CAN_COD","Codes for relevant malignancies","372095001","1229129012",
"6364061000006118","Ca cervix uteri - endocervix","CAN_COD","Codes for relevant malignancies","372097009","1229130019",
"6364091000006114","Cancer of exocervix","CAN_COD","Codes for relevant malignancies","372099007","3034718013",
"6364691000006116","Primary malignant neoplasm of gallbladder","CAN_COD","Codes for relevant malignancies","372139008","1210715012",
"6377241000006110","Reticulum cell sarcoma","CAN_COD","Codes for relevant malignancies","373168002","1229182017",
"638721000000113","Siewert type II adenocarcinoma","CAN_COD","Codes for relevant malignancies","342511000000104","638721000000113",
"638821000000118","Siewert type III adenocarcinoma","CAN_COD","Codes for relevant malignancies","342561000000102","638821000000118",
"638841000000113","Siewert type I adenocarcinoma","CAN_COD","Codes for relevant malignancies","342571000000109","638841000000113",
"648841000006119","Essential (haemorrhagic) thrombocythaemia","CAN_COD","Codes for relevant malignancies","109994006","1476449014",
"6608491000006119","Refractory anaemia with excess blasts (clinical)","CAN_COD","Codes for relevant malignancies","398623004","1773227016",
"6608501000006110","Refractory anemia with excess blasts (clinical)","CAN_COD","Codes for relevant malignancies","398623004","1774513019",
"6608521000006117","RAEB - Refractory anaemia with excess blasts","CAN_COD","Codes for relevant malignancies","398623004","1783651012",
"6608531000006119","Refractory anemia with excess blasts","CAN_COD","Codes for relevant malignancies","398623004","1784038011",
"6608541000006112","RAEB - Refractory anemia with excess blasts","CAN_COD","Codes for relevant malignancies","398623004","1784039015",
"6616721000006113","Malignant tumor of prostate","CAN_COD","Codes for relevant malignancies","399068003","1774579013",
"6616731000006111","Malignant prostatic tumour","CAN_COD","Codes for relevant malignancies","399068003","1783694019",
"6616741000006118","Malignant prostatic tumor","CAN_COD","Codes for relevant malignancies","399068003","1784079012",
"6616751000006116","CA - Cancer of prostate","CAN_COD","Codes for relevant malignancies","399068003","1786664015",
"6616761000006119","Cancer of prostate","CAN_COD","Codes for relevant malignancies","399068003","1786665019",
"6620961000006112","Malignant tumour of urinary bladder","CAN_COD","Codes for relevant malignancies","399326009","1773307015",
"6620971000006117","Malignant tumor of urinary bladder","CAN_COD","Codes for relevant malignancies","399326009","1774593018",
"6620981000006119","Bladder cancer","CAN_COD","Codes for relevant malignancies","399326009","1786810016",
"6621001000006115","CA - Bladder cancer","CAN_COD","Codes for relevant malignancies","399326009","1786812012",
"6635071000006113","Primary cutaneous T-cell lymphoma","CAN_COD","Codes for relevant malignancies","400122007","1779380014",
"6635091000006114","CTCL - Cutaneous T-cell lymphoma","CAN_COD","Codes for relevant malignancies","400122007","1787105011",
"6691671000006111","Malignant peripheral nerve sheath tumour","CAN_COD","Codes for relevant malignancies","404037002","1773785011",
"6691681000006114","Malignant peripheral nerve sheath tumor","CAN_COD","Codes for relevant malignancies","404037002","1775071011",
"6691691000006112","Neurofibrosarcoma","CAN_COD","Codes for relevant malignancies","404037002","1787961016",
"6691701000006112","Malignant schwannoma","CAN_COD","Codes for relevant malignancies","404037002","1787962011",
"6693221000006112","Subcutaneous panniculitic cutaneous T-cell lymphoma","CAN_COD","Codes for relevant malignancies","404133000","1783095019",
"6719331000006114","Widespread metastatic malignant neoplastic disease","CAN_COD","Codes for relevant malignancies","405843009","2157614015",
"6719341000006116","Generalised cancer","CAN_COD","Codes for relevant malignancies","405843009","2161379019",
"6719351000006119","Generalised malignancy","CAN_COD","Codes for relevant malignancies","405843009","2161380016",
"6719361000006117","Generalized malignancy","CAN_COD","Codes for relevant malignancies","405843009","2161521015",
"6719371000006112","Generalized cancer","CAN_COD","Codes for relevant malignancies","405843009","2161522010",
"6719391000006113","Disseminated cancer","CAN_COD","Codes for relevant malignancies","405843009","2163173019",
"6719401000006110","Malignant neoplasm, disseminated","CAN_COD","Codes for relevant malignancies","405843009","2163174013",
"6719411000006113","CA - Disseminated cancer","CAN_COD","Codes for relevant malignancies","405843009","2163175014",
"673611000006113","Nodular lymphoma (Brill - Symmers disease)","CAN_COD","Codes for relevant malignancies","269476000","403709014",
"673681000006118","Nodular lymphoma of lymph nodes of inguinal region and leg","CAN_COD","Codes for relevant malignancies","188613007","289722011",
"683041000006112","Myelodysplasia","CAN_COD","Codes for relevant malignancies","109995007","174702016",
"683051000006114","Myelodysplasia","CAN_COD","Codes for relevant malignancies","109995007","174702016",
"683071000006116","Myelodysplastic syndrome, unspecified","CAN_COD","Codes for relevant malignancies","109995007","2659757019",
"683191000006119","Myeloma - solitary","CAN_COD","Codes for relevant malignancies","415112005","2534490012",
"683351000006111","Myeloproliferative disease","CAN_COD","Codes for relevant malignancies","425333006","2645960018",
"683691000006113","Mycosis fungoides of lymph nodes of inguinal region and leg","CAN_COD","Codes for relevant malignancies","94712003","157079011",
"683721000006115","Mycosis fungoides of the lymph nodes of head, face and neck","CAN_COD","Codes for relevant malignancies","94711005","157076016",
"6841281000006114","Acute monocytic leukemia","CAN_COD","Codes for relevant malignancies","413441006","2534414019",
"6841291000006112","Acute monocytic leukemia, FAB M5b","CAN_COD","Codes for relevant malignancies","413441006","2537359016",
"6841301000006113","M5b - Acute monocytic leukemia","CAN_COD","Codes for relevant malignancies","413441006","2537360014",
"6841311000006111","M5b - Acute monocytic leukaemia","CAN_COD","Codes for relevant malignancies","413441006","2537361013",
"6841321000006115","Acute monocytic leukaemia, FAB M5b","CAN_COD","Codes for relevant malignancies","413441006","2553540013",
"6853311000006112","Angiocentric T-cell lymphoma","CAN_COD","Codes for relevant malignancies","414166008","2537375018",
"6853321000006116","T/NK-cell lymphoma","CAN_COD","Codes for relevant malignancies","414166008","2871697012",
"6853331000006118","Extranodal natural killer/T-cell lymphoma, nasal type","CAN_COD","Codes for relevant malignancies","414166008","2974022012",
"6891681000006115","GTD - Gestational trophoblastic disease","CAN_COD","Codes for relevant malignancies","416402001","2553797012",
"6891691000006117","Trophoblastic disease","CAN_COD","Codes for relevant malignancies","416402001","2553798019",
"6895451000006111","Chorioadenoma","CAN_COD","Codes for relevant malignancies","416669000","2553895014",
"6895461000006113","Chorioadenoma destruens","CAN_COD","Codes for relevant malignancies","416669000","2553896010",
"6895471000006118","IM - Invasive mole","CAN_COD","Codes for relevant malignancies","416669000","2553897018",
"6895481000006115","Invasive mole","CAN_COD","Codes for relevant malignancies","416669000","2553898011",
"6906531000006119","Malignant teratoma of undescended testis","CAN_COD","Codes for relevant malignancies","417417007","2548377014",
"6908591000006119","Malignant teratoma of descended testis","CAN_COD","Codes for relevant malignancies","417554000","6908591000006119",
"6931041000006119","Malignant tumor of urinary system","CAN_COD","Codes for relevant malignancies","419052002","2577716017",
"695561000006118","Multiple myeloma and immunoproliferative neoplasms","CAN_COD","Codes for relevant malignancies","109989006","344820010",
"6955711000006116","Kaposi sarcoma associated with AIDS","CAN_COD","Codes for relevant malignancies","420524008","2841244015",
"6955721000006112","Kaposi's sarcoma associated with acquired immunodeficiency syndrome","CAN_COD","Codes for relevant malignancies","420524008","2970930018",
"6968521000006115","Malignant tumor of vermilion border of lip","CAN_COD","Codes for relevant malignancies","421249001","2618243013",
"698821000006119","Megakaryocytic myelosclerosis","CAN_COD","Codes for relevant malignancies","307651005","450988016",
"704711000006119","Metastases of respiratory and/or digestive systems","CAN_COD","Codes for relevant malignancies","269473008","403703010",
"705211000006111","Mesothelioma of pleura","CAN_COD","Codes for relevant malignancies","254645002","379214013",
"7083431000006116","Malignant neoplasm of thoracic cavity structure","CAN_COD","Codes for relevant malignancies","428100006","7083431000006116",
"7083441000006114","Intrathoracic malignant neoplasm","CAN_COD","Codes for relevant malignancies","428100006","2912766017",
"716871000006112","Mast cell leukaemia","CAN_COD","Codes for relevant malignancies","110002002","2765332017",
"716911000006110","Mast cell malignancy of lymph nodes inguinal region and leg","CAN_COD","Codes for relevant malignancies","188666005","289788013",
"719021000006111","Malignant neoplasm of frontal sinus","CAN_COD","Codes for relevant malignancies","363427000","482652011",
"719931000006113","Malignant neoplasm, overlapping lesion of major saliv gland","CAN_COD","Codes for relevant malignancies","109824000","1219532018",
"720001000006119","Malignant neoplasm,overlap lesion periph nerve & auton ns","CAN_COD","Codes for relevant malignancies","109919002","1219543014",
"720011000006116","Malignant neoplasm-pluriglandular involvement,unspecified","CAN_COD","Codes for relevant malignancies","1090931000000108","2732741000000112",
"720021000006112","Malignant neoplasm/bones+articular cartilage/limb,unspfd","CAN_COD","Codes for relevant malignancies","1090871000000102","2732621000000111",
"720031000006110","Malignant neoplasm/overlap lesion/bone+articulr cartilage","CAN_COD","Codes for relevant malignancies","109347009","173899016",
"720041000006117","Malignant neoplasm/overlapping lesion/feml genital organs","CAN_COD","Codes for relevant malignancies","109878000","174564019",
"720051000006115","Malignant neoplasm/peripheral nerves of trunk,unspecified","CAN_COD","Codes for relevant malignancies","1090901000000102","2732681000000112",
"720161000006119","Malignant reticuloendotheliosis","CAN_COD","Codes for relevant malignancies","118614007","177033017",
"720341000006115","Malignant neoplasm of vertebral column","CAN_COD","Codes for relevant malignancies","363438000","482674017",
"720451000006113","Malignant neoplasm other gallbladder/extrahepatic bile duct","CAN_COD","Codes for relevant malignancies","363415003","482629012",
"720461000006110","Malignant neoplasm other spec digestive tract and peritoneum","CAN_COD","Codes for relevant malignancies","255077007","380111011",
"720471000006115","Malignant neoplasm overlapping lesion of skin","CAN_COD","Codes for relevant malignancies","109264009","173812014",
"720481000006117","Malignant neoplasm pituitary gland and craniopharyngeal duct","CAN_COD","Codes for relevant malignancies","188339002","289407019",
"720491000006119","Malignant neoplasm posterior margin nasal septum and choanae","CAN_COD","Codes for relevant malignancies","254484001","378896011",
"720501000006110","Malignant neoplasm rectum,rectosigmoid junction and anus NOS","CAN_COD","Codes for relevant malignancies","187760008","288675010",
"720561000006111","Malignant neoplasm, overlap les bone and artic cart of limbs","CAN_COD","Codes for relevant malignancies","109348004","1219463017",
"720581000006118","Malignant neoplasm, overlap lesion of resp & intrathor orgs","CAN_COD","Codes for relevant malignancies","93841009","510723012",
"720591000006115","Malignant neoplasm, overlapping lesion male genital orgs","CAN_COD","Codes for relevant malignancies","109874003","1219539010",
"720631000006115","Malignant neoplasm, overlapping lesion of brain","CAN_COD","Codes for relevant malignancies","109912006","174605010",
"720761000006115","Malignant neoplasm of upper gum","CAN_COD","Codes for relevant malignancies","363383000","482562012",
"720791000006111","Malignant neoplasm of upper lip, buccal aspect","CAN_COD","Codes for relevant malignancies","187606005","288356013",
"720801000006112","Malignant neoplasm of upper lip, external","CAN_COD","Codes for relevant malignancies","421249001","2618242015",
"720951000006119","Malignant neoplasm of urachus","CAN_COD","Codes for relevant malignancies","363456000","482708010",
"720961000006117","Malignant neoplasm of ureter","CAN_COD","Codes for relevant malignancies","363458004","482713014",
"720991000006113","Malignant neoplasm of urethra","CAN_COD","Codes for relevant malignancies","363459007","482714015",
"721041000006111","Malignant neoplasm of uvula","CAN_COD","Codes for relevant malignancies","363389001","482577016",
"721051000006113","Malignant neoplasm of vagina","CAN_COD","Codes for relevant malignancies","363445000","482688018",
"721091000006119","Malignant neoplasm of sweat gland","CAN_COD","Codes for relevant malignancies","94081005","155602015",
"721171000006119","Malignant neoplasm of testis","CAN_COD","Codes for relevant malignancies","363449006","482694014",
"721271000006114","Malignant neoplasm of thymus","CAN_COD","Codes for relevant malignancies","363434003","482666018",
"721291000006110","Malignant neoplasm of thyroid gland","CAN_COD","Codes for relevant malignancies","363478007","482743011",
"721311000006114","Malignant neoplasm of tongue","CAN_COD","Codes for relevant malignancies","363375006","482546018",
"721351000006110","Malignant neoplasm of tonsil","CAN_COD","Codes for relevant malignancies","363393007","482586014",
"721361000006112","Malignant neoplasm of tonsillar fossa","CAN_COD","Codes for relevant malignancies","363394001","482587017",
"721391000006116","Malignant neoplasm of trachea","CAN_COD","Codes for relevant malignancies","363432004","482662016",
"721421000006112","Malignant neoplasm of transverse colon","CAN_COD","Codes for relevant malignancies","363408006","482615011",
"721481000006111","Malignant neoplasm of vallecula","CAN_COD","Codes for relevant malignancies","363395000","482589019",
"721601000006117","Malignant neoplasm of small intestine and duodenum","CAN_COD","Codes for relevant malignancies","363509000","482805015",
"721621000006110","Malignant neoplasm of soft palate","CAN_COD","Codes for relevant malignancies","363388009","482575012",
"721701000006112","Malignant neoplasm of spermatic cord","CAN_COD","Codes for relevant malignancies","363453008","482702011",
"721721000006119","Malignant neoplasm of sphenoidal sinus","CAN_COD","Codes for relevant malignancies","363428005","482654012",
"721751000006111","Malignant neoplasm of spinal cord","CAN_COD","Codes for relevant malignancies","363475005","482738016",
"721821000006114","Malignant neoplasm of splenic flexure of colon","CAN_COD","Codes for relevant malignancies","363413005","482625018",
"721851000006117","Malignant neoplasm of stomach","CAN_COD","Codes for relevant malignancies","363349007","482498019",
"721871000006110","Malignant neoplasm of subglottis","CAN_COD","Codes for relevant malignancies","363430007","482658010",
"721881000006113","Malignant neoplasm of sublingual gland","CAN_COD","Codes for relevant malignancies","363381003","482558018",
"721961000006111","Malignant neoplasm of septum of nose","CAN_COD","Codes for relevant malignancies","363423001","482644013",
"721991000006115","Malignant neoplasm of sigmoid colon","CAN_COD","Codes for relevant malignancies","363410008","482619017",
"722341000006119","Malignant neoplasm of prepylorus of stomach","CAN_COD","Codes for relevant malignancies","1090291000000102","2731441000000111",
"722361000006115","Malignant neoplasm of prostate","CAN_COD","Codes for relevant malignancies","399068003","1773293010",
"722421000006115","Malignant neoplasm of pyriform sinus","CAN_COD","Codes for relevant malignancies","363401000","482602019",
"722441000006110","Malignant neoplasm of rectosigmoid junction","CAN_COD","Codes for relevant malignancies","363414004","482627014",
"722471000006119","Malignant neoplasm of renal calyces","CAN_COD","Codes for relevant malignancies","188252005","289289016",
"722481000006116","Malignant neoplasm of renal pelvis","CAN_COD","Codes for relevant malignancies","363457009","482710012",
"722511000006112","Malignant neoplasm of retained testis","CAN_COD","Codes for relevant malignancies","188219004","289220019",
"722521000006116","Malignant neoplasm of retina","CAN_COD","Codes for relevant malignancies","363465007","482726013",
"722541000006111","Malignant neoplasm of retromolar area","CAN_COD","Codes for relevant malignancies","363391009","482581016",
"722761000006119","Malignant neoplasm of pelvis","CAN_COD","Codes for relevant malignancies","363484005","482755017",
"722871000006117","Malignant neoplasm of peripheral nerve of low limb, incl hip","CAN_COD","Codes for relevant malignancies","188324003","289387017",
"722901000006117","Malignant neoplasm of peripheral nerve,upp limb,incl should","CAN_COD","Codes for relevant malignancies","188323009","289386014",
"722911000006119","Malignant neoplasm of peripheral nerves of head, face & neck","CAN_COD","Codes for relevant malignancies","188322004","289385013",
"722961000006116","Malignant neoplasm of pineal gland","CAN_COD","Codes for relevant malignancies","363483004","482752019",
"722981000006114","Malignant neoplasm of pituitary gland","CAN_COD","Codes for relevant malignancies","363482009","482750010",
"723001000006113","Malignant neoplasm of pleura","CAN_COD","Codes for relevant malignancies","363433009","482664015",
"723031000006117","Malignant neoplasm of postcricoid region","CAN_COD","Codes for relevant malignancies","363400004","482599012",
"723111000006110","Malignant neoplasm of scrotum","CAN_COD","Codes for relevant malignancies","363454002","482704012",
"723221000006112","Malignant neoplasm of other specified site small intestine","CAN_COD","Codes for relevant malignancies","363509000","482804016",
"723281000006111","Malignant neoplasm of ovary","CAN_COD","Codes for relevant malignancies","363443007","482684016",
"723301000006110","Malignant neoplasm of overlapping lesion of bronchus & lung","CAN_COD","Codes for relevant malignancies","109371002","1219469018",
"723321000006117","Malignant neoplasm of overlapping lesion of tonsil","CAN_COD","Codes for relevant malignancies","110013004","174720013",
"723341000006112","Malignant neoplasm of overlapping lesion of vulva","CAN_COD","Codes for relevant malignancies","109885001","174573010",
"723391000006115","Malignant neoplasm of palatopharyngeal arch","CAN_COD","Codes for relevant malignancies","187675005","288479010",
"723401000006118","Malignant neoplasm of pancreas","CAN_COD","Codes for relevant malignancies","363418001","482635012",
"723441000006116","Malignant neoplasm of parathyroid gland","CAN_COD","Codes for relevant malignancies","363481002","482748019",
"723451000006119","Malignant neoplasm of paraurethral glands","CAN_COD","Codes for relevant malignancies","363460002","1228591019",
"723501000006117","Malignant neoplasm of parotid gland","CAN_COD","Codes for relevant malignancies","363379000","482554016",
"723541000006115","Malignant neoplasm of orbit","CAN_COD","Codes for relevant malignancies","363462005","482720019",
"723571000006111","Malignant neoplasm of oropharynx","CAN_COD","Codes for relevant malignancies","363392002","482583018",
"723601000006116","Malignant neoplasm of other and ill defined site NOS","CAN_COD","Codes for relevant malignancies","302817000","444727016",
"723641000006119","Malignant neoplasm of other and unspecified site OS","CAN_COD","Codes for relevant malignancies","363346000","482491013",
"723801000006115","Malignant neoplasm of other sites lip, oral cavity, pharynx","CAN_COD","Codes for relevant malignancies","271323007","406052010",
"723951000006113","Malignant neoplasm of metatarsal bones of foot","CAN_COD","Codes for relevant malignancies","712525007","3082865010",
"724051000006110","Malignant neoplasm of myocardium","CAN_COD","Codes for relevant malignancies","363437005","482672018",
"724311000006111","Malignant neoplasm of lower gum","CAN_COD","Codes for relevant malignancies","363384006","482567018",
"724401000006116","Malignant neoplasm of lower lip, mucosa","CAN_COD","Codes for relevant malignancies","271568003","406400016",
"724411000006118","Malignant neoplasm of lower lip, oral aspect","CAN_COD","Codes for relevant malignancies","271568003","406398015",
"724421000006114","Malignant neoplasm of lower lip, vermilion border","CAN_COD","Codes for relevant malignancies","363373004","1228505018",
"724621000006112","Malignant neoplasm of mastoid air cells","CAN_COD","Codes for relevant malignancies","363424007","482646010",
"724641000006117","Malignant neoplasm of maxillary sinus","CAN_COD","Codes for relevant malignancies","363425008","482648011",
"724671000006113","Malignant neoplasm of mediastinum, part unspecified","CAN_COD","Codes for relevant malignancies","363494000","482776010",
"724681000006111","Malignant neoplasm of meninges, unspecified","CAN_COD","Codes for relevant malignancies","363497007","482781018",
"724721000006116","Malignant neoplasm of lacrimal duct","CAN_COD","Codes for relevant malignancies","188272000","289322013",
"724761000006110","Malignant neoplasm of laryngeal cartilage","CAN_COD","Codes for relevant malignancies","363431006","482660012",
"724781000006117","Malignant neoplasm of laryngopharynx","CAN_COD","Codes for relevant malignancies","363399006","1228533018",
"724791000006119","Malignant neoplasm of larynx","CAN_COD","Codes for relevant malignancies","363429002","482656014",
"724841000006116","Malignant neoplasm of lateral wall of nasopharynx","CAN_COD","Codes for relevant malignancies","363398003","482595018",
"724881000006110","Malignant neoplasm of lingual tonsil","CAN_COD","Codes for relevant malignancies","363377003","482550013",
"724891000006113","Malignant neoplasm of lip","CAN_COD","Codes for relevant malignancies","363348004","482495016",
"724901000006112","Malignant neoplasm of lip unspecified, buccal aspect","CAN_COD","Codes for relevant malignancies","187622006","288392012",
"725101000006111","Malignant neoplasm of hard palate","CAN_COD","Codes for relevant malignancies","363387004","482573017",
"725121000006118","Malignant neoplasm of head of pancreas","CAN_COD","Codes for relevant malignancies","363419009","482638014",
"725151000006110","Malignant neoplasm of heart","CAN_COD","Codes for relevant malignancies","363435002","482668017",
"725191000006116","Malignant neoplasm of hepatic flexure of colon","CAN_COD","Codes for relevant malignancies","363407001","482614010",
"725221000006111","Malignant neoplasm of histiocytic tissue","CAN_COD","Codes for relevant malignancies","269475001","403706019",
"725241000006116","Malignant neoplasm of hypopharynx","CAN_COD","Codes for relevant malignancies","363399006","482598016",
"725271000006112","Malignant neoplasm of ileum","CAN_COD","Codes for relevant malignancies","363405009","482610018",
"725451000006118","Malignant neoplasm of jejunum","CAN_COD","Codes for relevant malignancies","363404008","482607013",
"725611000006117","Malignant neoplasm of floor of mouth","CAN_COD","Codes for relevant malignancies","363385007","2969212012",
"725711000006113","Malignant neoplasm of gallbladder","CAN_COD","Codes for relevant malignancies","363353009","482506012",
"725761000006111","Malignant neoplasm of genitourinary organ OS","CAN_COD","Codes for relevant malignancies","271468000","406263015",
"725771000006116","Malignant neoplasm of glans penis","CAN_COD","Codes for relevant malignancies","363451005","482698012",
"725811000006116","Malignant neoplasm of glossopalatine fold","CAN_COD","Codes for relevant malignancies","254459004","378845014",
"725861000006118","Malignant neoplasm of gum","CAN_COD","Codes for relevant malignancies","363382005","482560016",
"725951000006112","Malignant neoplasm of descending colon","CAN_COD","Codes for relevant malignancies","363409003","482618013",
"726021000006110","Malignant neoplasm of duodenum","CAN_COD","Codes for relevant malignancies","363403002","482606016",
"726071000006111","Malignant neoplasm of endocardium","CAN_COD","Codes for relevant malignancies","363436001","482670014",
"726141000006116","Malignant neoplasm of epididymis","CAN_COD","Codes for relevant malignancies","363452003","482700015",
"726201000006111","Malignant neoplasm of extrahepatic bile ducts","CAN_COD","Codes for relevant malignancies","363416002","482631015",
"726261000006112","Malignant neoplasm of eyelid including canthus","CAN_COD","Codes for relevant malignancies","231829006","347398012",
"726271000006117","Malignant neoplasm of fallopian tube","CAN_COD","Codes for relevant malignancies","363444001","482686019",
"726331000006111","Malignant neoplasm of colon","CAN_COD","Codes for relevant malignancies","363406005","3446619012",
"726351000006116","Malignant neoplasm of commissure of lip","CAN_COD","Codes for relevant malignancies","363374005","482544015",
"726361000006119","Malignant neoplasm of common bile duct","CAN_COD","Codes for relevant malignancies","93763008","155198014",
"726371000006114","Malignant neoplasm of conjunctiva","CAN_COD","Codes for relevant malignancies","363463000","482722010",
"726561000006114","Malignant neoplasm of cornea","CAN_COD","Codes for relevant malignancies","363464006","482724011",
"726631000006118","Malignant neoplasm of costo-vertebral joint","CAN_COD","Codes for relevant malignancies","187926007","288895018",
"726641000006111","Malignant neoplasm of cranial nerves","CAN_COD","Codes for relevant malignancies","188307009","289367018",
"727151000006117","Malignant neoplasm of cheek mucosa","CAN_COD","Codes for relevant malignancies","363386008","482571015",
"727181000006113","Malignant neoplasm of choroid","CAN_COD","Codes for relevant malignancies","363466008","482728014",
"727281000006117","Malignant neoplasm of appendix","CAN_COD","Codes for relevant malignancies","363411007","482621010",
"727321000006111","Malignant neoplasm of ascending colon","CAN_COD","Codes for relevant malignancies","363412000","482623013",
"727381000006110","Malignant neoplasm of base of tongue","CAN_COD","Codes for relevant malignancies","363376007","482549013",
"727511000006114","Malignant neoplasm of brain stem","CAN_COD","Codes for relevant malignancies","363473003","482736017",
"727521000006118","Malignant neoplasm of brain stem NOS","CAN_COD","Codes for relevant malignancies","363473003","482736017",
"727531000006115","Malignant neoplasm of branchial cleft","CAN_COD","Codes for relevant malignancies","363396004","482591010",
"727561000006112","Malignant neoplasm of buccal mucosa","CAN_COD","Codes for relevant malignancies","363386008","482571015",
"727731000006113","Malignant melanoma of upper limb and shoulder","CAN_COD","Codes for relevant malignancies","269580008","403894016",
"727761000006116","Malignant neoplasm aryepiglottic fold, hypopharyngeal aspect","CAN_COD","Codes for relevant malignancies","187708004","288566016",
"727771000006111","Malignant neoplasm cerebrum (excluding lobes and ventricles)","CAN_COD","Codes for relevant malignancies","188280007","289336015",
"727781000006114","Malignant neoplasm gallbladder and extrahepatic bile ducts","CAN_COD","Codes for relevant malignancies","363415003","482629012",
"727791000006112","Malignant neoplasm gallbladder/extrahepatic bile ducts NOS","CAN_COD","Codes for relevant malignancies","363415003","482629012",
"727811000006111","Malignant neoplasm lymphatic or haematopoietic tissue OS","CAN_COD","Codes for relevant malignancies","269475001","403705015",
"727841000006110","Malignant neoplasm of acoustic nerve","CAN_COD","Codes for relevant malignancies","254980001","379934019",
"727911000006116","Malignant neoplasm of ampulla of Vater","CAN_COD","Codes for relevant malignancies","363417006","482633017",
"728201000006110","Malignant melanoma of eyelid including canthus","CAN_COD","Codes for relevant malignancies","231834005","347406017",
"728451000006110","Malig neopl of connective and soft tissue - sacrum or coccyx","CAN_COD","Codes for relevant malignancies","188023004","289002019",
"728461000006112","Malig neopl peripheral nerves and autonomic nervous system","CAN_COD","Codes for relevant malignancies","188321006","289384012",
"728471000006117","Malig neopl, overlap lesion brain & other part of CNS","CAN_COD","Codes for relevant malignancies","109911004","174604014",
"728481000006119","Malig neoplasm of connective and soft tissues of lumb spine","CAN_COD","Codes for relevant malignancies","188017009","288993014",
"728491000006116","Malig neoplasm of connective and soft tissues of thor spine","CAN_COD","Codes for relevant malignancies","188013008","288989015",
"728571000006118","Malignant histiocytosis of lymph nodes head, face and neck","CAN_COD","Codes for relevant malignancies","188640007","289751010",
"728581000006115","Malignant histiocytosis of lymph nodes inguinal and leg","CAN_COD","Codes for relevant malignancies","188642004","289753013",
"728591000006117","Malignant histiocytosis of lymph nodes of axilla and arm","CAN_COD","Codes for relevant malignancies","188641006","289752015",
"728721000006111","Malignant lymphoma NOS","CAN_COD","Codes for relevant malignancies","118600007","2663474012",
"728771000006112","Malignant lymphoma NOS of lymph node inguinal region and leg","CAN_COD","Codes for relevant malignancies","93196000","154208019",
"728781000006110","Malignant lymphoma NOS of lymph nodes of axilla and arm","CAN_COD","Codes for relevant malignancies","93194002","154202018",
"729281000006113","Malig neop connective and soft tissue other specified site","CAN_COD","Codes for relevant malignancies","269469005","403699012",
"729291000006111","Malig neop connective and soft tissue upper limb/shoulder","CAN_COD","Codes for relevant malignancies","187991006","288966011",
"729301000006112","Malig neop connective soft tissue upper limb/shoulder NOS","CAN_COD","Codes for relevant malignancies","187991006","288966011",
"729311000006110","Malig neop eyeball excl conjunctiva, cornea, retina, choroid","CAN_COD","Codes for relevant malignancies","188261005","289305011",
"729321000006119","Malig neop nasal cavities, middle ear and accessory sinuses","CAN_COD","Codes for relevant malignancies","187828007","288770010",
"729361000006113","Malig neop of connective and soft tissue head, face and neck","CAN_COD","Codes for relevant malignancies","302816009","444723017",
"729371000006118","Malig neop of connective and soft tissue of abdomen NOS","CAN_COD","Codes for relevant malignancies","188015001","288991011",
"729381000006115","Malig neop of connective and soft tissue of abdominal wall","CAN_COD","Codes for relevant malignancies","188016000","288992016",
"729391000006117","Malig neop of connective and soft tissue of great toe","CAN_COD","Codes for relevant malignancies","188006008","288981017",
"729401000006115","Malig neop of connective and soft tissue of hip and leg","CAN_COD","Codes for relevant malignancies","187999008","288974012",
"729411000006117","Malig neop of connective and soft tissue of inguinal region","CAN_COD","Codes for relevant malignancies","188021002","289000010",
"729421000006113","Malig neop of connective and soft tissue of lower leg","CAN_COD","Codes for relevant malignancies","188003000","288978010",
"729431000006111","Malig neop of connective and soft tissue of pelvis NOS","CAN_COD","Codes for relevant malignancies","363366009","482531013",
"729441000006118","Malig neop of connective and soft tissue of thorax NOS","CAN_COD","Codes for relevant malignancies","363365008","482529016",
"729451000006116","Malig neop of connective and soft tissue thigh and upper leg","CAN_COD","Codes for relevant malignancies","188001003","288976014",
"729461000006119","Malig neop of connective and soft tissue trunk unspecified","CAN_COD","Codes for relevant malignancies","1090891000000103","2732661000000115",
"729471000006114","Malig neop of endocrine gland or related structure NOS","CAN_COD","Codes for relevant malignancies","371982006","1210569011",
"729481000006112","Malig neop of kidney and other unspecified urinary organs","CAN_COD","Codes for relevant malignancies","419052002","2577717014",
"729491000006110","Malig neop of other and unspecified female genital organs","CAN_COD","Codes for relevant malignancies","363514001","482815014",
"729501000006119","Malig neop of other and unspecified parts of nervous system","CAN_COD","Codes for relevant malignancies","372063002","1210641014",
"729511000006116","Malig neop of other endocrine glands and related structures","CAN_COD","Codes for relevant malignancies","371982006","1210569011",
"729521000006112","Malig neop of other site of heart, thymus and mediastinum","CAN_COD","Codes for relevant malignancies","187881004","288841011",
"729531000006110","Malig neop of respiratory tract and intrathoracic organs","CAN_COD","Codes for relevant malignancies","428100006","2691955010",
"729541000006117","Malig neop of scapula and long bones of upper arm NOS","CAN_COD","Codes for relevant malignancies","187929000","288898016",
"729551000006115","Malig neop of upper respiratory tract, part unspecified","CAN_COD","Codes for relevant malignancies","187833006","288777013",
"729561000006118","Malig neop oth/ill-defined sites digestive tract/peritoneum","CAN_COD","Codes for relevant malignancies","255077007","380111011",
"729571000006113","Malig neop other site nasal cavity, middle ear and sinuses","CAN_COD","Codes for relevant malignancies","187828007","288770010",
"729581000006111","Malig neop other site rectum, rectosigmoid junction and anus","CAN_COD","Codes for relevant malignancies","187760008","288675010",
"729591000006114","Malig neop other/ill-defined sites lip, oral cavity, pharynx","CAN_COD","Codes for relevant malignancies","271323007","406052010",
"729601000006118","Malig neop other/ill-defined sites resp/intrathoracic organs","CAN_COD","Codes for relevant malignancies","428100006","2691955010",
"7299901000006110","Primary mediastinal (thymic) large B-cell lymphoma","CAN_COD","Codes for relevant malignancies","444910004","2870726011",
"730001000006117","Malig neo, overlapping lesion of heart, mediastinum & pleura","CAN_COD","Codes for relevant malignancies","109384006","1217361012",
"730011000006119","Malig neop auditory tube, middle ear and mastoid air cells","CAN_COD","Codes for relevant malignancies","187833006","288777013",
"730021000006110","Malig neop auditory tube, middle ear, mastoid air cells NOS","CAN_COD","Codes for relevant malignancies","187833006","288777013",
"730031000006113","Malig neop connective and soft tissue head, face, neck NOS","CAN_COD","Codes for relevant malignancies","302816009","444723017",
"730041000006115","Malig neop pituitary gland or craniopharyngeal duct NOS","CAN_COD","Codes for relevant malignancies","188339002","289407019",
"730241000006113","Malig neop connective and soft tissue hip and leg NOS","CAN_COD","Codes for relevant malignancies","187999008","288974012",
"730251000006110","Malig neop connective and soft tissue of popliteal space","CAN_COD","Codes for relevant malignancies","188002005","288977017",
"7304861000006113","Juvenile myelomonocytic leukemia","CAN_COD","Codes for relevant malignancies","445227008","2871721011",
"730491000006117","Mal neoplasm/periph nerves+autonomic nervous system,unspc","CAN_COD","Codes for relevant malignancies","188321006","289384012",
"7305431000006117","Extranodal marginal zone B-cell lymphoma of mucosa-associated lymphoid tissue (MALT-lymphoma)","CAN_COD","Codes for relevant malignancies","445269007","2872748014",
"7308311000006114","Acute myeloid leukaemia with myelodysplasia-related changes","CAN_COD","Codes for relevant malignancies","445448008","2872265018",
"7308331000006115","Acute myeloid leukemia with multilineage dysplasia","CAN_COD","Codes for relevant malignancies","445448008","2872266017",
"7308341000006113","Acute myeloid leukemia with myelodysplasia-related changes","CAN_COD","Codes for relevant malignancies","445448008","2872267014",
"731621000006113","Lymphosarcoma cell leukaemia","CAN_COD","Codes for relevant malignancies","188725004","289876019",
"731691000006110","Lymphosarcoma of lymph nodes of inguinal region and leg","CAN_COD","Codes for relevant malignancies","188504001","289597010",
"732441000006113","Lymph node metastases","CAN_COD","Codes for relevant malignancies","94392001","156323012",
"7327551000006114","Sarcoma of dendritic cells (accessory cells)","CAN_COD","Codes for relevant malignancies","446643000","2882798016",
"733371000006119","Lung cancer","CAN_COD","Codes for relevant malignancies","93880001","3288586014",
"7347041000006119","Cancer of carotid body","CAN_COD","Codes for relevant malignancies","447883002","2900051014",
"7347901000006115","Carcinoma of cheek","CAN_COD","Codes for relevant malignancies","447949005","7347901000006115",
"7347911000006117","Malignant epithelial neoplasm of cheek","CAN_COD","Codes for relevant malignancies","447949005","2900963018",
"7351521000006114","Anaplastic lymphoma kinase negative anaplastic large cell lymphoma","CAN_COD","Codes for relevant malignancies","448212009","2900731019",
"7351931000006117","Cancer of urinary organ","CAN_COD","Codes for relevant malignancies","448233000","2899409015",
"7358381000006114","Cancer of mandible","CAN_COD","Codes for relevant malignancies","448668007","2901471019",
"7358421000006116","Cancer of posterior mediastinum","CAN_COD","Codes for relevant malignancies","448670003","2901475011",
"7358481000006117","Cancer of parametrium","CAN_COD","Codes for relevant malignancies","448674007","2901967013",
"7361281000006119","Cancer of lateral wall of oropharynx","CAN_COD","Codes for relevant malignancies","448868009","2901612010",
"7364181000006113","Cancer of parietal pleura","CAN_COD","Codes for relevant malignancies","449067008","2901157019",
"7364661000006113","Cancer of respiratory system","CAN_COD","Codes for relevant malignancies","449096009","2899757013",
"7364821000006115","Philadelphia chromosome positive chronic myelogenous leukaemia","CAN_COD","Codes for relevant malignancies","449108003","7364821000006115",
"7364831000006117","Philadelphia chromosome positive chronic myelogenous leukemia","CAN_COD","Codes for relevant malignancies","449108003","2901810017",
"7366671000006111","Diffuse follicle center lymphoma","CAN_COD","Codes for relevant malignancies","449220000","2901911017",
"7366751000006111","Cancer of anterior mediastinum","CAN_COD","Codes for relevant malignancies","449224009","2901919015",
"7368081000006118","Cancer of visceral pleura","CAN_COD","Codes for relevant malignancies","449308006","2901115013",
"7369071000006110","Cancer of pelvic peritoneum","CAN_COD","Codes for relevant malignancies","449377002","2901084016",
"7369161000006116","Philadelphia chromosome negative chronic myelogenous leukaemia","CAN_COD","Codes for relevant malignancies","449386007","7369161000006116",
"7369171000006111","Philadelphia chromosome negative chronic myelogenous leukemia","CAN_COD","Codes for relevant malignancies","449386007","2899858013",
"7369701000006118","Cancer of cerebellum","CAN_COD","Codes for relevant malignancies","449420002","2899888016",
"7373061000006114","Malignant neoplasm of long bone of lower limb","CAN_COD","Codes for relevant malignancies","449627008","7373061000006114",
"739801000006115","Liver metastases","CAN_COD","Codes for relevant malignancies","94381002","511275014",
"744991000006119","Leukaemic reticuloend of lymph nodes of multiple sites","CAN_COD","Codes for relevant malignancies","93150008","510221010",
"745001000006114","Leukaemic reticuloendotheliosis","CAN_COD","Codes for relevant malignancies","118613001","1215903015",
"745011000006112","Leukaemic reticuloendotheliosis","CAN_COD","Codes for relevant malignancies","118613001","1215903015",
"745971000006116","Letterer-Siwe disease","CAN_COD","Codes for relevant malignancies","118614007","177033017",
"746021000006112","Letterer-Siwe disease of lymph nodes inguinal region and leg","CAN_COD","Codes for relevant malignancies","93138002","154088011",
"746031000006110","Letterer-Siwe disease of lymph nodes of axilla and arm","CAN_COD","Codes for relevant malignancies","93136003","154084013",
"746041000006117","Letterer-Siwe disease of lymph nodes of head, face and neck","CAN_COD","Codes for relevant malignancies","93137007","154085014",
"746301000006117","Leukaemic reticuloend of intra-abdominal lymph nodes","CAN_COD","Codes for relevant malignancies","93144003","510216012",
"746311000006119","Leukaemic reticuloend of lymph nodes inguinal region and leg","CAN_COD","Codes for relevant malignancies","188649008","289765012",
"747131000006114","Leukaemic reticuloend of lymph nodes of axilla and arm","CAN_COD","Codes for relevant malignancies","188648000","289764011",
"747141000006116","Leukaemic reticuloend of lymph nodes of head, face and neck","CAN_COD","Codes for relevant malignancies","188645002","289757014",
"755631000006110","Kaposi's sarcoma of multiple organs","CAN_COD","Codes for relevant malignancies","109392002","173951015",
"755671000006113","Kaposi's sarcoma, unspecified","CAN_COD","Codes for relevant malignancies","109385007","202818010",
"7559601000006119","Renal cell carcinoma","CAN_COD","Codes for relevant malignancies","702391001","2995609017",
"763421000006116","Follicular lymphoma NOS","CAN_COD","Codes for relevant malignancies","308121000","451429010",
"763431000006118","Follicular non-Hodg mixed sml cleavd & lge cell lymphoma","CAN_COD","Codes for relevant malignancies","188672005","289795016",
"7694901000006113","Malignant neoplasm of chest wall","CAN_COD","Codes for relevant malignancies","712750007","7694901000006113",
"7711131000006114","Burkitt's lymphoma co-occurrent with human immunodeficiency virus infection","CAN_COD","Codes for relevant malignancies","713897006","3297965015",
"7819601000006111","Primary malignant neoplasm of placenta","CAN_COD","Codes for relevant malignancies","721567004","7819601000006111",
"786661000006115","Idiopathic thrombocythaemia","CAN_COD","Codes for relevant malignancies","109994006","2535666012",
"81401000006110","Unspec malig neop lymphoid/histiocytic intra-abdominal nodes","CAN_COD","Codes for relevant malignancies","118600007","177018013",
"81411000006113","Unspec malig neop lymphoid/histiocytic lymph node axilla/arm","CAN_COD","Codes for relevant malignancies","118600007","177018013",
"81421000006117","Unspec malig neop lymphoid/histiocytic lymph node head/neck","CAN_COD","Codes for relevant malignancies","118600007","177018013",
"81431000006119","Unspec malig neop lymphoid/histiocytic nodes inguinal/leg","CAN_COD","Codes for relevant malignancies","118600007","177018013",
"81441000006112","Unspec malig neop lymphoid/histiocytic of intrapelvic nodes","CAN_COD","Codes for relevant malignancies","118600007","177018013",
"81451000006114","Unspec malig neop lymphoid/histiocytic of intrathoracic node","CAN_COD","Codes for relevant malignancies","118600007","177018013",
"81461000006111","Unspec malig neop lymphoid/histiocytic of multiple sites","CAN_COD","Codes for relevant malignancies","118600007","177018013",
"81471000006116","Unspec malig neop lymphoid/histiocytic of spleen","CAN_COD","Codes for relevant malignancies","118600007","177018013",
"81481000006118","Unspec malig neop lymphoid/histiocytic of unspecified site","CAN_COD","Codes for relevant malignancies","118600007","177018013",
"819461000006112","Heilmeyer - Schoner disease","CAN_COD","Codes for relevant malignancies","109992005","174698015",
"82041000006113","Unspecified B-cell non-Hodgkin's lymphoma","CAN_COD","Codes for relevant malignancies","1091921000000103","2734911000000119",
"824231000006111","Histiocytosis X (acute, progressive)","CAN_COD","Codes for relevant malignancies","118614007","177033017",
"825721000006115","HIV dis resulting oth types of non-Hodgkin's lymphoma","CAN_COD","Codes for relevant malignancies","442537007","2816358010",
"825771000006119","HIV disease resulting in Kaposi's sarcoma","CAN_COD","Codes for relevant malignancies","420524008","2617386013",
"826121000006114","Hodgkin's disease NOS","CAN_COD","Codes for relevant malignancies","118599009","2663473018",
"826171000006110","Hodgkin's disease NOS of lymph nodes inguinal region and leg","CAN_COD","Codes for relevant malignancies","93525002","154826013",
"826181000006113","Hodgkin's disease NOS of lymph nodes of axilla and arm","CAN_COD","Codes for relevant malignancies","93523009","154820019",
"826261000006110","Hodgkin's disease, lymphocytic-histiocytic predominance","CAN_COD","Codes for relevant malignancies","118607005","177026017",
"826361000006117","Hodgkin's granuloma lymph nodes of inguinal region and leg","CAN_COD","Codes for relevant malignancies","188538009","289634012",
"826461000006111","Hodgkin's lymphocytic depletion intra-abdominal lymph nodes","CAN_COD","Codes for relevant malignancies","188587006","289683011",
"826471000006116","Hodgkin's lymphocytic depletion lymph nodes axilla and arm","CAN_COD","Codes for relevant malignancies","188589009","289696012",
"826481000006118","Hodgkin's lymphocytic depletion lymph nodes inguinal and leg","CAN_COD","Codes for relevant malignancies","188590000","289697015",
"826491000006115","Hodgkin's lymphocytic depletion lymph nodes multiple sites","CAN_COD","Codes for relevant malignancies","188593003","289700016",
"826501000006111","Hodgkin's lymphocytic depletion of head, face and neck","CAN_COD","Codes for relevant malignancies","188585003","289681013",
"826511000006114","Hodgkin's lymphocytic depletion of intrapelvic lymph nodes","CAN_COD","Codes for relevant malignancies","188591001","289698013",
"826521000006118","Hodgkin's lymphocytic depletion of intrathoracic lymph nodes","CAN_COD","Codes for relevant malignancies","188586002","289682018",
"826541000006113","Hodgkin's mixed cellularity of intra-abdominal lymph nodes","CAN_COD","Codes for relevant malignancies","188577007","289673012",
"826551000006110","Hodgkin's mixed cellularity of intrapelvic lymph nodes","CAN_COD","Codes for relevant malignancies","188580008","289676016",
"826561000006112","Hodgkin's mixed cellularity of intrathoracic lymph nodes","CAN_COD","Codes for relevant malignancies","188576003","289672019",
"826571000006117","Hodgkin's mixed cellularity of lymph nodes head, face, neck","CAN_COD","Codes for relevant malignancies","188575004","289671014",
"826581000006119","Hodgkin's mixed cellularity of lymph nodes inguinal and leg","CAN_COD","Codes for relevant malignancies","188579005","289675017",
"826591000006116","Hodgkin's mixed cellularity of lymph nodes of axilla and arm","CAN_COD","Codes for relevant malignancies","188578002","289674018",
"826601000006112","Hodgkin's mixed cellularity of lymph nodes of multiple sites","CAN_COD","Codes for relevant malignancies","188582000","289678015",
"826611000006110","Hodgkin's nodular sclerosis of head, face and neck","CAN_COD","Codes for relevant malignancies","188565002","289661012",
"826621000006119","Hodgkin's nodular sclerosis of inguinal region and leg","CAN_COD","Codes for relevant malignancies","188569008","289665015",
"826631000006116","Hodgkin's nodular sclerosis of intra-abdominal lymph nodes","CAN_COD","Codes for relevant malignancies","188567005","289663010",
"826641000006114","Hodgkin's nodular sclerosis of intrapelvic lymph nodes","CAN_COD","Codes for relevant malignancies","188570009","289666019",
"826651000006111","Hodgkin's nodular sclerosis of intrathoracic lymph nodes","CAN_COD","Codes for relevant malignancies","188566001","289662017",
"826661000006113","Hodgkin's nodular sclerosis of lymph nodes of axilla and arm","CAN_COD","Codes for relevant malignancies","188568000","289664016",
"826671000006118","Hodgkin's nodular sclerosis of lymph nodes of multiple sites","CAN_COD","Codes for relevant malignancies","188572001","289668018",
"826681000006115","Hodgkin's paragranuloma","CAN_COD","Codes for relevant malignancies","118605002","202988019",
"826691000006117","Hodgkin's paragranuloma lymph nodes inguinal region and leg","CAN_COD","Codes for relevant malignancies","93543003","154857013",
"826741000006115","Hodgkin's paragranuloma of lymph nodes of axilla and arm","CAN_COD","Codes for relevant malignancies","93541001","154853012",
"826751000006118","Hodgkin's paragranuloma of lymph nodes of head, face, neck","CAN_COD","Codes for relevant malignancies","93542008","154855017",
"826861000006114","Hodgkin's sarcoma of lymph nodes of inguinal region and leg","CAN_COD","Codes for relevant malignancies","188548006","289644014",
"826901000006119","Hodgkin's, lymphocytic-histiocytic pred axilla and arm","CAN_COD","Codes for relevant malignancies","188558005","289654013",
"826911000006116","Hodgkin's, lymphocytic-histiocytic pred inguinal and leg","CAN_COD","Codes for relevant malignancies","188559002","289655014",
"826921000006112","Hodgkin's, lymphocytic-histiocytic pred intra-abdominal node","CAN_COD","Codes for relevant malignancies","93493001","154775019",
"826931000006110","Hodgkin's, lymphocytic-histiocytic pred intrapelvic nodes","CAN_COD","Codes for relevant malignancies","93494007","154776018",
"826941000006117","Hodgkin's, lymphocytic-histiocytic pred intrathoracic nodes","CAN_COD","Codes for relevant malignancies","93495008","154777010",
"826951000006115","Hodgkin's, lymphocytic-histiocytic pred of head, face, neck","CAN_COD","Codes for relevant malignancies","188554007","289650016",
"826961000006118","Hodgkin's, lymphocytic-histiocytic pred of multiple sites","CAN_COD","Codes for relevant malignancies","188562004","289658011",
"826991000006114","Hodgkin's, lymphocytic-histiocytic predominance unspec site","CAN_COD","Codes for relevant malignancies","118607005","177026017",
"841331000006115","Cancer of bowel","CAN_COD","Codes for relevant malignancies","363508008","1228620018",
"879681000006114","Lip carcinoma","CAN_COD","Codes for relevant malignancies","269515006","879681000006114",
"879691000006112","Tongue carcinoma","CAN_COD","Codes for relevant malignancies","363375006","879691000006112",
"879701000006112","Ca major salivary gland","CAN_COD","Codes for relevant malignancies","363378008","879701000006112",
"879711000006110","Ca gum, + rest of mouth","CAN_COD","Codes for relevant malignancies","363382005","879711000006110",
"879721000006119","Ca oro/naso/hypopharynx","CAN_COD","Codes for relevant malignancies","363392002","879721000006119",
"879891000006111","Ca rectum + Ca anus","CAN_COD","Codes for relevant malignancies","187760008","879891000006111",
"879931000006119","Ca liver/biliary system","CAN_COD","Codes for relevant malignancies","187767006","879931000006119",
"879971000006116","Ca gall bladder","CAN_COD","Codes for relevant malignancies","372139008","879971000006116",
"880031000006118","Ca trachea/bronchus/lung NOS","CAN_COD","Codes for relevant malignancies","430621000","880031000006118",
"880041000006111","Ca trachea/bronchus/lung","CAN_COD","Codes for relevant malignancies","430621000","880041000006111",
"880051000006113","Ca upper lobe bronchus/lung","CAN_COD","Codes for relevant malignancies","269464000","880051000006113",
"880061000006110","Ca middle lobe bronchus/lung","CAN_COD","Codes for relevant malignancies","187864008","880061000006110",
"880071000006115","Ca lower lobe bronchus/lung","CAN_COD","Codes for relevant malignancies","187868006","880071000006115",
"880091000006119","Ca skull/face/jaw bone","CAN_COD","Codes for relevant malignancies","187900002","880091000006119",
"880111000006111","Ca upper limb bones/scapula","CAN_COD","Codes for relevant malignancies","187929000","880111000006111",
"880151000006112","Melanoma of skin","CAN_COD","Codes for relevant malignancies","93655004","880151000006112",
"880161000006114","Melanoma - head/neck","CAN_COD","Codes for relevant malignancies","188044004","880161000006114",
"880181000006116","Melanoma - upper limb","CAN_COD","Codes for relevant malignancies","269580008","880181000006116",
"880191000006118","Melanoma - lower limb","CAN_COD","Codes for relevant malignancies","188067002","880191000006118",
"880261000006119","Carcinoma breast","CAN_COD","Codes for relevant malignancies","372064008","880261000006119",
"880271000006114","Ca breast - nipple/central","CAN_COD","Codes for relevant malignancies","188147009","880271000006114",
"880281000006112","Ca breast-upper,inner quadrant","CAN_COD","Codes for relevant malignancies","188152004","880281000006112",
"880291000006110","Ca breast-lower,inner quadrant","CAN_COD","Codes for relevant malignancies","188153009","880291000006110",
"880301000006111","Ca breast-upper,outer quadrant","CAN_COD","Codes for relevant malignancies","188154003","880301000006111",
"880311000006114","Ca breast-lower,outer quadrant","CAN_COD","Codes for relevant malignancies","188155002","880311000006114",
"880321000006118","Ca breast - axillary tail","CAN_COD","Codes for relevant malignancies","188156001","880321000006118",
"880341000006113","Ca breast - male","CAN_COD","Codes for relevant malignancies","93884005","880341000006113",
"880351000006110","Carcinoma genital organs","CAN_COD","Codes for relevant malignancies","271468000","880351000006110",
"880361000006112","Ca cervix uteri - endocervix","CAN_COD","Codes for relevant malignancies","93779009","880361000006112",
"880371000006117","Ca cervix uteri - exocervix","CAN_COD","Codes for relevant malignancies","93789008","880371000006117",
"880381000006119","Carcinoma body of uterus","CAN_COD","Codes for relevant malignancies","371972005","880381000006119",
"880421000006112","Ca vulva","CAN_COD","Codes for relevant malignancies","275419009","880421000006112",
"880441000006117","Ca epididymis/spermatic cord","CAN_COD","Codes for relevant malignancies","363452003","880441000006117",
"880461000006118","Carcinoma bladder","CAN_COD","Codes for relevant malignancies","399326009","880461000006118",
"880471000006113","Ca kidney/other urinary organs","CAN_COD","Codes for relevant malignancies","93849006","880471000006113",
"880481000006111","Ca kidney","CAN_COD","Codes for relevant malignancies","188250002","880481000006111",
"880511000006115","Ca - unspecified site NOS","CAN_COD","Codes for relevant malignancies","363346000","880511000006115",
"880521000006111","Ca cerebrum","CAN_COD","Codes for relevant malignancies","188280007","880521000006111",
"880531000006114","Ca thyroid","CAN_COD","Codes for relevant malignancies","363478007","880531000006114",
"880571000006112","Ca lymph nodes - secondary","CAN_COD","Codes for relevant malignancies","94392001","880571000006112",
"880661000006116","Secondary Ca GIT","CAN_COD","Codes for relevant malignancies","269473008","880661000006116",
"880671000006111","Secondary Ca lung","CAN_COD","Codes for relevant malignancies","94391008","880671000006111",
"880681000006114","Secondary Ca liver","CAN_COD","Codes for relevant malignancies","94381002","880681000006114",
"880691000006112","Secondary Ca - specified sites","CAN_COD","Codes for relevant malignancies","128462008","880691000006112",
"880701000006112","Secondary Ca kidney","CAN_COD","Codes for relevant malignancies","94360002","880701000006112",
"880711000006110","Secondary Ca skin","CAN_COD","Codes for relevant malignancies","94579000","880711000006110",
"880721000006119","Secondary Ca brain/spinal cord","CAN_COD","Codes for relevant malignancies","188462001","880721000006119",
"880731000006116","Secondary Ca bone/bone marrow","CAN_COD","Codes for relevant malignancies","94222008","880731000006116",
"880741000006114","Secondary Ca ovary","CAN_COD","Codes for relevant malignancies","94455000","880741000006114",
"880781000006115","Lymphatic tissue carcinoma","CAN_COD","Codes for relevant malignancies","269475001","880781000006115",
"880801000006116","Multiple myeloma etc.","CAN_COD","Codes for relevant malignancies","109989006","880801000006116",
"880821000006114","Lymphoid leukaemia - acute","CAN_COD","Codes for relevant malignancies","91857003","880821000006114",
"880831000006112","Lymphoid leukaemia - chronic","CAN_COD","Codes for relevant malignancies","92814006","880831000006112",
"880841000006119","Lymphoid leukaemia - subacute","CAN_COD","Codes for relevant malignancies","188726003","880841000006119",
"880851000006117","Myeloid leukaemia - acute","CAN_COD","Codes for relevant malignancies","91861009","880851000006117",
"880861000006115","Myeloid leukaemia - chronic","CAN_COD","Codes for relevant malignancies","92818009","880861000006115",
"880871000006110","Myeloid leukaemia - subacute","CAN_COD","Codes for relevant malignancies","188736006","880871000006110",
"880881000006113","Monocytic leukaemia - acute","CAN_COD","Codes for relevant malignancies","413441006","880881000006113",
"880891000006111","Monocytic leukaemia - chronic","CAN_COD","Codes for relevant malignancies","188745007","880891000006111",
"880901000006110","Monocytic leukaemia - subacute","CAN_COD","Codes for relevant malignancies","188746008","880901000006110",
"931991000006113","Transitional cell ca bladder","CAN_COD","Codes for relevant malignancies","399326009","931991000006113",
"933251000006113","Adenocarcinoma of rectum","CAN_COD","Codes for relevant malignancies","93984006","933251000006113",
"967591000006115","Somatostatinoma of pancreas","CAN_COD","Codes for relevant malignancies","253006001","376812016",
"967761000006115","Langerhans' cell histiocytosis","CAN_COD","Codes for relevant malignancies","65399007","199591010",
"97982010","Lethal midline granuloma","CAN_COD","Codes for relevant malignancies","58961005","97982010",
"980021000006113","Malignant neoplasm of endometrium","CAN_COD","Codes for relevant malignancies","188192002","289190019",
"990551000006111","Melanoma of skin NOS","CAN_COD","Codes for relevant malignancies","93655004","990551000006111",
"990571000006118","Ca breast - NOS","CAN_COD","Codes for relevant malignancies","372064008","990571000006118",
"990581000006115","Ca uterus NOS","CAN_COD","Codes for relevant malignancies","371972005","990581000006115",
